issue_id	issue_type	origin_id	original_source	assigned_round	source_anchor	risk_or_priority	audit_sampling	existing_evidence_status	required_followup	execution_state	decision
STAGE0:R007:wm-1-candidate	STAGE0_B_CLAIM	wm-1-candidate	cangjie/reading/R007/wanming_receipts.jsonl	R059	nundefined/r27;r35;r46	MEDIUM_POST_REPAIR	PRESELECTED_FOR_R058_R059	PROVISIONAL	原始私有EPUB回查、支持锚点、文学替代叙法损失与可检反例；不足继续B暂定	FROZEN_NOT_EXECUTED	PENDING_EVIDENCE
STAGE0:R007:wm-20-candidate	STAGE0_B_CLAIM	wm-20-candidate	cangjie/reading/R007/wanming_receipts.jsonl	R059	nundefined/r44;r61;r68;r70	MEDIUM_POST_REPAIR	BACKLOG_EVALUATE_IF_SYSTEMIC_RISK	PROVISIONAL	原始私有EPUB回查、支持锚点、文学替代叙法损失与可检反例；不足继续B暂定	FROZEN_NOT_EXECUTED	PENDING_EVIDENCE
STAGE0:R007:wm-34-candidate	STAGE0_B_CLAIM	wm-34-candidate	cangjie/reading/R007/wanming_receipts.jsonl	R059	nundefined/p12;p18;p20;r2	MEDIUM_POST_REPAIR	PRESELECTED_FOR_R058_R059	PROVISIONAL	原始私有EPUB回查、支持锚点、文学替代叙法损失与可检反例；不足继续B暂定	FROZEN_NOT_EXECUTED	PENDING_EVIDENCE
STAGE0:R007:wm-35-candidate	STAGE0_B_CLAIM	wm-35-candidate	cangjie/reading/R007/wanming_receipts.jsonl	R059	nundefined/r8;r10;p37;p44;r45	MEDIUM_POST_REPAIR	BACKLOG_EVALUATE_IF_SYSTEMIC_RISK	PROVISIONAL	原始私有EPUB回查、支持锚点、文学替代叙法损失与可检反例；不足继续B暂定	FROZEN_NOT_EXECUTED	PENDING_EVIDENCE
STAGE0:R007:wm-39-candidate	STAGE0_B_CLAIM	wm-39-candidate	cangjie/reading/R007/wanming_receipts.jsonl	R059	nundefined/p24;p29;p30;r31	MEDIUM_POST_REPAIR	BACKLOG_EVALUATE_IF_SYSTEMIC_RISK	PROVISIONAL	原始私有EPUB回查、支持锚点、文学替代叙法损失与可检反例；不足继续B暂定	FROZEN_NOT_EXECUTED	PENDING_EVIDENCE
STAGE0:R007:wm-40-candidate	STAGE0_B_CLAIM	wm-40-candidate	cangjie/reading/R007/wanming_receipts.jsonl	R059	nundefined/p27;p28;r32;p33	MEDIUM_POST_REPAIR	PRESELECTED_FOR_R058_R059	PROVISIONAL	原始私有EPUB回查、支持锚点、文学替代叙法损失与可检反例；不足继续B暂定	FROZEN_NOT_EXECUTED	PENDING_EVIDENCE
STAGE0:R009:wm-r009-41-candidate	STAGE0_B_CLAIM	wm-r009-41-candidate	cangjie/reading/R007/wanming_receipts.jsonl	R058	n41/p1	HIGH	PRESELECTED_FOR_R058_R059	PROVISIONAL	原始私有EPUB回查、支持锚点、文学替代叙法损失与可检反例；不足继续B暂定	FROZEN_NOT_EXECUTED	PENDING_EVIDENCE
STAGE0:R009:wm-r009-51-candidate	STAGE0_B_CLAIM	wm-r009-51-candidate	cangjie/reading/R007/wanming_receipts.jsonl	R058	n51/p1	HIGH	BACKLOG_EVALUATE_IF_SYSTEMIC_RISK	PROVISIONAL	原始私有EPUB回查、支持锚点、文学替代叙法损失与可检反例；不足继续B暂定	FROZEN_NOT_EXECUTED	PENDING_EVIDENCE
STAGE0:R009:wm-r009-60-candidate	STAGE0_B_CLAIM	wm-r009-60-candidate	cangjie/reading/R007/wanming_receipts.jsonl	R058	n60/p1	HIGH	BACKLOG_EVALUATE_IF_SYSTEMIC_RISK	PROVISIONAL	原始私有EPUB回查、支持锚点、文学替代叙法损失与可检反例；不足继续B暂定	FROZEN_NOT_EXECUTED	PENDING_EVIDENCE
STAGE0:R009:wm-r009-61-candidate	STAGE0_B_CLAIM	wm-r009-61-candidate	cangjie/reading/R007/wanming_receipts.jsonl	R058	n61/p1	HIGH	BACKLOG_EVALUATE_IF_SYSTEMIC_RISK	PROVISIONAL	原始私有EPUB回查、支持锚点、文学替代叙法损失与可检反例；不足继续B暂定	FROZEN_NOT_EXECUTED	PENDING_EVIDENCE
STAGE0:R009:wm-r009-65-candidate	STAGE0_B_CLAIM	wm-r009-65-candidate	cangjie/reading/R007/wanming_receipts.jsonl	R058	n65/p1	HIGH	PRESELECTED_FOR_R058_R059	PROVISIONAL	原始私有EPUB回查、支持锚点、文学替代叙法损失与可检反例；不足继续B暂定	FROZEN_NOT_EXECUTED	PENDING_EVIDENCE
STAGE0:R009:wm-r009-68-candidate	STAGE0_B_CLAIM	wm-r009-68-candidate	cangjie/reading/R007/wanming_receipts.jsonl	R058	n68/p1	HIGH	PRESELECTED_FOR_R058_R059	PROVISIONAL	原始私有EPUB回查、支持锚点、文学替代叙法损失与可检反例；不足继续B暂定	FROZEN_NOT_EXECUTED	PENDING_EVIDENCE
STAGE0:R009:wm-r009-70-candidate	STAGE0_B_CLAIM	wm-r009-70-candidate	cangjie/reading/R007/wanming_receipts.jsonl	R058	n70/p1	HIGH	BACKLOG_EVALUATE_IF_SYSTEMIC_RISK	PROVISIONAL	原始私有EPUB回查、支持锚点、文学替代叙法损失与可检反例；不足继续B暂定	FROZEN_NOT_EXECUTED	PENDING_EVIDENCE
STAGE0:R009:wm-r009-71-candidate	STAGE0_B_CLAIM	wm-r009-71-candidate	cangjie/reading/R007/wanming_receipts.jsonl	R058	n71/p1	HIGH	BACKLOG_EVALUATE_IF_SYSTEMIC_RISK	PROVISIONAL	原始私有EPUB回查、支持锚点、文学替代叙法损失与可检反例；不足继续B暂定	FROZEN_NOT_EXECUTED	PENDING_EVIDENCE
STAGE0:R009:wm-r009-74-candidate	STAGE0_B_CLAIM	wm-r009-74-candidate	cangjie/reading/R007/wanming_receipts.jsonl	R058	n74/p1	HIGH	BACKLOG_EVALUATE_IF_SYSTEMIC_RISK	PROVISIONAL	原始私有EPUB回查、支持锚点、文学替代叙法损失与可检反例；不足继续B暂定	FROZEN_NOT_EXECUTED	PENDING_EVIDENCE
STAGE0:R009:wm-r009-75-candidate	STAGE0_B_CLAIM	wm-r009-75-candidate	cangjie/reading/R007/wanming_receipts.jsonl	R058	n75/p1	HIGH	BACKLOG_EVALUATE_IF_SYSTEMIC_RISK	PROVISIONAL	原始私有EPUB回查、支持锚点、文学替代叙法损失与可检反例；不足继续B暂定	FROZEN_NOT_EXECUTED	PENDING_EVIDENCE
STAGE0:R009:wm-r009-80-candidate	STAGE0_B_CLAIM	wm-r009-80-candidate	cangjie/reading/R007/wanming_receipts.jsonl	R058	n80/p1	HIGH	PRESELECTED_FOR_R058_R059	PROVISIONAL	原始私有EPUB回查、支持锚点、文学替代叙法损失与可检反例；不足继续B暂定	FROZEN_NOT_EXECUTED	PENDING_EVIDENCE
STAGE0:R011:wm-r011-81-candidate	STAGE0_B_CLAIM	wm-r011-81-candidate	cangjie/reading/R007/wanming_receipts.jsonl	R058	n81/p24	HIGH	PRESELECTED_FOR_R058_R059	PROVISIONAL	原始私有EPUB回查、支持锚点、文学替代叙法损失与可检反例；不足继续B暂定	FROZEN_NOT_EXECUTED	PENDING_EVIDENCE
STAGE0:R011:wm-r011-88-candidate	STAGE0_B_CLAIM	wm-r011-88-candidate	cangjie/reading/R007/wanming_receipts.jsonl	R058	n88/p33	HIGH	BACKLOG_EVALUATE_IF_SYSTEMIC_RISK	PROVISIONAL	原始私有EPUB回查、支持锚点、文学替代叙法损失与可检反例；不足继续B暂定	FROZEN_NOT_EXECUTED	PENDING_EVIDENCE
STAGE0:R011:wm-r011-95-candidate	STAGE0_B_CLAIM	wm-r011-95-candidate	cangjie/reading/R007/wanming_receipts.jsonl	R058	n95/p31	HIGH	BACKLOG_EVALUATE_IF_SYSTEMIC_RISK	PROVISIONAL	原始私有EPUB回查、支持锚点、文学替代叙法损失与可检反例；不足继续B暂定	FROZEN_NOT_EXECUTED	PENDING_EVIDENCE
STAGE0:R011:wm-r011-99-candidate	STAGE0_B_CLAIM	wm-r011-99-candidate	cangjie/reading/R007/wanming_receipts.jsonl	R058	n99/p28	HIGH	PRESELECTED_FOR_R058_R059	PROVISIONAL	原始私有EPUB回查、支持锚点、文学替代叙法损失与可检反例；不足继续B暂定	FROZEN_NOT_EXECUTED	PENDING_EVIDENCE
STAGE0:R011:wm-r011-100-candidate	STAGE0_B_CLAIM	wm-r011-100-candidate	cangjie/reading/R007/wanming_receipts.jsonl	R058	n100/p18	HIGH	BACKLOG_EVALUATE_IF_SYSTEMIC_RISK	PROVISIONAL	原始私有EPUB回查、支持锚点、文学替代叙法损失与可检反例；不足继续B暂定	FROZEN_NOT_EXECUTED	PENDING_EVIDENCE
STAGE0:R011:wm-r011-102-candidate	STAGE0_B_CLAIM	wm-r011-102-candidate	cangjie/reading/R007/wanming_receipts.jsonl	R058	n102/p32	HIGH	BACKLOG_EVALUATE_IF_SYSTEMIC_RISK	PROVISIONAL	原始私有EPUB回查、支持锚点、文学替代叙法损失与可检反例；不足继续B暂定	FROZEN_NOT_EXECUTED	PENDING_EVIDENCE
STAGE0:R011:wm-r011-105-candidate	STAGE0_B_CLAIM	wm-r011-105-candidate	cangjie/reading/R007/wanming_receipts.jsonl	R058	n105/p36	HIGH	BACKLOG_EVALUATE_IF_SYSTEMIC_RISK	PROVISIONAL	原始私有EPUB回查、支持锚点、文学替代叙法损失与可检反例；不足继续B暂定	FROZEN_NOT_EXECUTED	PENDING_EVIDENCE
STAGE0:R011:wm-r011-106-candidate	STAGE0_B_CLAIM	wm-r011-106-candidate	cangjie/reading/R007/wanming_receipts.jsonl	R058	n106/p22	HIGH	BACKLOG_EVALUATE_IF_SYSTEMIC_RISK	PROVISIONAL	原始私有EPUB回查、支持锚点、文学替代叙法损失与可检反例；不足继续B暂定	FROZEN_NOT_EXECUTED	PENDING_EVIDENCE
STAGE0:R011:wm-r011-107-candidate	STAGE0_B_CLAIM	wm-r011-107-candidate	cangjie/reading/R007/wanming_receipts.jsonl	R058	n107/p33	HIGH	PRESELECTED_FOR_R058_R059	PROVISIONAL	原始私有EPUB回查、支持锚点、文学替代叙法损失与可检反例；不足继续B暂定	FROZEN_NOT_EXECUTED	PENDING_EVIDENCE
STAGE0:R011:wm-r011-110-candidate	STAGE0_B_CLAIM	wm-r011-110-candidate	cangjie/reading/R007/wanming_receipts.jsonl	R058	n110/p36	HIGH	BACKLOG_EVALUATE_IF_SYSTEMIC_RISK	PROVISIONAL	原始私有EPUB回查、支持锚点、文学替代叙法损失与可检反例；不足继续B暂定	FROZEN_NOT_EXECUTED	PENDING_EVIDENCE
STAGE0:R011:wm-r011-112-candidate	STAGE0_B_CLAIM	wm-r011-112-candidate	cangjie/reading/R007/wanming_receipts.jsonl	R058	n112/p30	HIGH	BACKLOG_EVALUATE_IF_SYSTEMIC_RISK	PROVISIONAL	原始私有EPUB回查、支持锚点、文学替代叙法损失与可检反例；不足继续B暂定	FROZEN_NOT_EXECUTED	PENDING_EVIDENCE
STAGE0:R011:wm-r011-113-candidate	STAGE0_B_CLAIM	wm-r011-113-candidate	cangjie/reading/R007/wanming_receipts.jsonl	R058	n113/p27	HIGH	BACKLOG_EVALUATE_IF_SYSTEMIC_RISK	PROVISIONAL	原始私有EPUB回查、支持锚点、文学替代叙法损失与可检反例；不足继续B暂定	FROZEN_NOT_EXECUTED	PENDING_EVIDENCE
STAGE0:R011:wm-r011-115-candidate	STAGE0_B_CLAIM	wm-r011-115-candidate	cangjie/reading/R007/wanming_receipts.jsonl	R058	n115/p42	HIGH	BACKLOG_EVALUATE_IF_SYSTEMIC_RISK	PROVISIONAL	原始私有EPUB回查、支持锚点、文学替代叙法损失与可检反例；不足继续B暂定	FROZEN_NOT_EXECUTED	PENDING_EVIDENCE
STAGE0:R011:wm-r011-116-candidate	STAGE0_B_CLAIM	wm-r011-116-candidate	cangjie/reading/R007/wanming_receipts.jsonl	R058	n116/p30	HIGH	BACKLOG_EVALUATE_IF_SYSTEMIC_RISK	PROVISIONAL	原始私有EPUB回查、支持锚点、文学替代叙法损失与可检反例；不足继续B暂定	FROZEN_NOT_EXECUTED	PENDING_EVIDENCE
STAGE0:R011:wm-r011-118-candidate	STAGE0_B_CLAIM	wm-r011-118-candidate	cangjie/reading/R007/wanming_receipts.jsonl	R058	n118/p32	HIGH	BACKLOG_EVALUATE_IF_SYSTEMIC_RISK	PROVISIONAL	原始私有EPUB回查、支持锚点、文学替代叙法损失与可检反例；不足继续B暂定	FROZEN_NOT_EXECUTED	PENDING_EVIDENCE
STAGE0:R011:wm-r011-119-candidate	STAGE0_B_CLAIM	wm-r011-119-candidate	cangjie/reading/R007/wanming_receipts.jsonl	R058	n119/p21	HIGH	BACKLOG_EVALUATE_IF_SYSTEMIC_RISK	PROVISIONAL	原始私有EPUB回查、支持锚点、文学替代叙法损失与可检反例；不足继续B暂定	FROZEN_NOT_EXECUTED	PENDING_EVIDENCE
STAGE0:R011:wm-r011-120-candidate	STAGE0_B_CLAIM	wm-r011-120-candidate	cangjie/reading/R007/wanming_receipts.jsonl	R058	n120/p25	HIGH	PRESELECTED_FOR_R058_R059	PROVISIONAL	原始私有EPUB回查、支持锚点、文学替代叙法损失与可检反例；不足继续B暂定	FROZEN_NOT_EXECUTED	PENDING_EVIDENCE
STAGE0:R013:wanming-R013-121-narrative-candidate	STAGE0_B_CLAIM	wanming-R013-121-narrative-candidate	cangjie/reading/R007/wanming_receipts.jsonl	R058	n121/p31	HIGH	PRESELECTED_FOR_R058_R059	PROVISIONAL	原始私有EPUB回查、支持锚点、文学替代叙法损失与可检反例；不足继续B暂定	FROZEN_NOT_EXECUTED	PENDING_EVIDENCE
STAGE0:R013:wanming-R013-125-narrative-candidate	STAGE0_B_CLAIM	wanming-R013-125-narrative-candidate	cangjie/reading/R007/wanming_receipts.jsonl	R058	n125/p29	HIGH	BACKLOG_EVALUATE_IF_SYSTEMIC_RISK	PROVISIONAL	原始私有EPUB回查、支持锚点、文学替代叙法损失与可检反例；不足继续B暂定	FROZEN_NOT_EXECUTED	PENDING_EVIDENCE
STAGE0:R013:wanming-R013-128-narrative-candidate	STAGE0_B_CLAIM	wanming-R013-128-narrative-candidate	cangjie/reading/R007/wanming_receipts.jsonl	R058	n128/p29	HIGH	BACKLOG_EVALUATE_IF_SYSTEMIC_RISK	PROVISIONAL	原始私有EPUB回查、支持锚点、文学替代叙法损失与可检反例；不足继续B暂定	FROZEN_NOT_EXECUTED	PENDING_EVIDENCE
STAGE0:R013:wanming-R013-130-narrative-candidate	STAGE0_B_CLAIM	wanming-R013-130-narrative-candidate	cangjie/reading/R007/wanming_receipts.jsonl	R058	n130/p28	HIGH	BACKLOG_EVALUATE_IF_SYSTEMIC_RISK	PROVISIONAL	原始私有EPUB回查、支持锚点、文学替代叙法损失与可检反例；不足继续B暂定	FROZEN_NOT_EXECUTED	PENDING_EVIDENCE
STAGE0:R013:wanming-R013-133-narrative-candidate	STAGE0_B_CLAIM	wanming-R013-133-narrative-candidate	cangjie/reading/R007/wanming_receipts.jsonl	R058	n133/p26	HIGH	BACKLOG_EVALUATE_IF_SYSTEMIC_RISK	PROVISIONAL	原始私有EPUB回查、支持锚点、文学替代叙法损失与可检反例；不足继续B暂定	FROZEN_NOT_EXECUTED	PENDING_EVIDENCE
STAGE0:R013:wanming-R013-135-narrative-candidate	STAGE0_B_CLAIM	wanming-R013-135-narrative-candidate	cangjie/reading/R007/wanming_receipts.jsonl	R058	n135/p31	HIGH	BACKLOG_EVALUATE_IF_SYSTEMIC_RISK	PROVISIONAL	原始私有EPUB回查、支持锚点、文学替代叙法损失与可检反例；不足继续B暂定	FROZEN_NOT_EXECUTED	PENDING_EVIDENCE
STAGE0:R013:wanming-R013-137-narrative-candidate	STAGE0_B_CLAIM	wanming-R013-137-narrative-candidate	cangjie/reading/R007/wanming_receipts.jsonl	R058	n137/p35	HIGH	BACKLOG_EVALUATE_IF_SYSTEMIC_RISK	PROVISIONAL	原始私有EPUB回查、支持锚点、文学替代叙法损失与可检反例；不足继续B暂定	FROZEN_NOT_EXECUTED	PENDING_EVIDENCE
STAGE0:R013:wanming-R013-139-narrative-candidate	STAGE0_B_CLAIM	wanming-R013-139-narrative-candidate	cangjie/reading/R007/wanming_receipts.jsonl	R058	n139/p24	HIGH	BACKLOG_EVALUATE_IF_SYSTEMIC_RISK	PROVISIONAL	原始私有EPUB回查、支持锚点、文学替代叙法损失与可检反例；不足继续B暂定	FROZEN_NOT_EXECUTED	PENDING_EVIDENCE
STAGE0:R013:wanming-R013-140-narrative-candidate	STAGE0_B_CLAIM	wanming-R013-140-narrative-candidate	cangjie/reading/R007/wanming_receipts.jsonl	R058	n140/p28	HIGH	PRESELECTED_FOR_R058_R059	PROVISIONAL	原始私有EPUB回查、支持锚点、文学替代叙法损失与可检反例；不足继续B暂定	FROZEN_NOT_EXECUTED	PENDING_EVIDENCE
STAGE0:R013:wanming-R013-143-narrative-candidate	STAGE0_B_CLAIM	wanming-R013-143-narrative-candidate	cangjie/reading/R007/wanming_receipts.jsonl	R058	n143/p29	HIGH	PRESELECTED_FOR_R058_R059	PROVISIONAL	原始私有EPUB回查、支持锚点、文学替代叙法损失与可检反例；不足继续B暂定	FROZEN_NOT_EXECUTED	PENDING_EVIDENCE
STAGE0:R013:wanming-R013-147-narrative-candidate	STAGE0_B_CLAIM	wanming-R013-147-narrative-candidate	cangjie/reading/R007/wanming_receipts.jsonl	R058	n147/p23	HIGH	BACKLOG_EVALUATE_IF_SYSTEMIC_RISK	PROVISIONAL	原始私有EPUB回查、支持锚点、文学替代叙法损失与可检反例；不足继续B暂定	FROZEN_NOT_EXECUTED	PENDING_EVIDENCE
STAGE0:R013:wanming-R013-149-narrative-candidate	STAGE0_B_CLAIM	wanming-R013-149-narrative-candidate	cangjie/reading/R007/wanming_receipts.jsonl	R058	n149/p37	HIGH	BACKLOG_EVALUATE_IF_SYSTEMIC_RISK	PROVISIONAL	原始私有EPUB回查、支持锚点、文学替代叙法损失与可检反例；不足继续B暂定	FROZEN_NOT_EXECUTED	PENDING_EVIDENCE
STAGE0:R013:wanming-R013-150-narrative-candidate	STAGE0_B_CLAIM	wanming-R013-150-narrative-candidate	cangjie/reading/R007/wanming_receipts.jsonl	R058	n150/p33	HIGH	BACKLOG_EVALUATE_IF_SYSTEMIC_RISK	PROVISIONAL	原始私有EPUB回查、支持锚点、文学替代叙法损失与可检反例；不足继续B暂定	FROZEN_NOT_EXECUTED	PENDING_EVIDENCE
STAGE0:R013:wanming-R013-154-narrative-candidate	STAGE0_B_CLAIM	wanming-R013-154-narrative-candidate	cangjie/reading/R007/wanming_receipts.jsonl	R058	n154/p36	HIGH	BACKLOG_EVALUATE_IF_SYSTEMIC_RISK	PROVISIONAL	原始私有EPUB回查、支持锚点、文学替代叙法损失与可检反例；不足继续B暂定	FROZEN_NOT_EXECUTED	PENDING_EVIDENCE
STAGE0:R013:wanming-R013-156-narrative-candidate	STAGE0_B_CLAIM	wanming-R013-156-narrative-candidate	cangjie/reading/R007/wanming_receipts.jsonl	R058	n156/p22	HIGH	BACKLOG_EVALUATE_IF_SYSTEMIC_RISK	PROVISIONAL	原始私有EPUB回查、支持锚点、文学替代叙法损失与可检反例；不足继续B暂定	FROZEN_NOT_EXECUTED	PENDING_EVIDENCE
STAGE0:R013:wanming-R013-157-narrative-candidate	STAGE0_B_CLAIM	wanming-R013-157-narrative-candidate	cangjie/reading/R007/wanming_receipts.jsonl	R058	n157/p35	HIGH	BACKLOG_EVALUATE_IF_SYSTEMIC_RISK	PROVISIONAL	原始私有EPUB回查、支持锚点、文学替代叙法损失与可检反例；不足继续B暂定	FROZEN_NOT_EXECUTED	PENDING_EVIDENCE
STAGE0:R013:wanming-R013-159-narrative-candidate	STAGE0_B_CLAIM	wanming-R013-159-narrative-candidate	cangjie/reading/R007/wanming_receipts.jsonl	R058	n159/p20	HIGH	BACKLOG_EVALUATE_IF_SYSTEMIC_RISK	PROVISIONAL	原始私有EPUB回查、支持锚点、文学替代叙法损失与可检反例；不足继续B暂定	FROZEN_NOT_EXECUTED	PENDING_EVIDENCE
STAGE0:R013:wanming-R013-160-narrative-candidate	STAGE0_B_CLAIM	wanming-R013-160-narrative-candidate	cangjie/reading/R007/wanming_receipts.jsonl	R058	n160/p18	HIGH	PRESELECTED_FOR_R058_R059	PROVISIONAL	原始私有EPUB回查、支持锚点、文学替代叙法损失与可检反例；不足继续B暂定	FROZEN_NOT_EXECUTED	PENDING_EVIDENCE
STAGE0:R015:wanming-R015-161-narrative-candidate	STAGE0_B_CLAIM	wanming-R015-161-narrative-candidate	cangjie/reading/R007/wanming_receipts.jsonl	R058	n161/p27	HIGH	PRESELECTED_FOR_R058_R059	PROVISIONAL	原始私有EPUB回查、支持锚点、文学替代叙法损失与可检反例；不足继续B暂定	FROZEN_NOT_EXECUTED	PENDING_EVIDENCE
STAGE0:R015:wanming-R015-164-narrative-candidate	STAGE0_B_CLAIM	wanming-R015-164-narrative-candidate	cangjie/reading/R007/wanming_receipts.jsonl	R058	n164/p44	HIGH	BACKLOG_EVALUATE_IF_SYSTEMIC_RISK	PROVISIONAL	原始私有EPUB回查、支持锚点、文学替代叙法损失与可检反例；不足继续B暂定	FROZEN_NOT_EXECUTED	PENDING_EVIDENCE
STAGE0:R015:wanming-R015-169-narrative-candidate	STAGE0_B_CLAIM	wanming-R015-169-narrative-candidate	cangjie/reading/R007/wanming_receipts.jsonl	R058	n169/p20	HIGH	BACKLOG_EVALUATE_IF_SYSTEMIC_RISK	PROVISIONAL	原始私有EPUB回查、支持锚点、文学替代叙法损失与可检反例；不足继续B暂定	FROZEN_NOT_EXECUTED	PENDING_EVIDENCE
STAGE0:R015:wanming-R015-173-narrative-candidate	STAGE0_B_CLAIM	wanming-R015-173-narrative-candidate	cangjie/reading/R007/wanming_receipts.jsonl	R058	n173/p23	HIGH	BACKLOG_EVALUATE_IF_SYSTEMIC_RISK	PROVISIONAL	原始私有EPUB回查、支持锚点、文学替代叙法损失与可检反例；不足继续B暂定	FROZEN_NOT_EXECUTED	PENDING_EVIDENCE
STAGE0:R015:wanming-R015-176-narrative-candidate	STAGE0_B_CLAIM	wanming-R015-176-narrative-candidate	cangjie/reading/R007/wanming_receipts.jsonl	R058	n176/p50	HIGH	BACKLOG_EVALUATE_IF_SYSTEMIC_RISK	PROVISIONAL	原始私有EPUB回查、支持锚点、文学替代叙法损失与可检反例；不足继续B暂定	FROZEN_NOT_EXECUTED	PENDING_EVIDENCE
STAGE0:R015:wanming-R015-179-narrative-candidate	STAGE0_B_CLAIM	wanming-R015-179-narrative-candidate	cangjie/reading/R007/wanming_receipts.jsonl	R058	n179/p14	HIGH	BACKLOG_EVALUATE_IF_SYSTEMIC_RISK	PROVISIONAL	原始私有EPUB回查、支持锚点、文学替代叙法损失与可检反例；不足继续B暂定	FROZEN_NOT_EXECUTED	PENDING_EVIDENCE
STAGE0:R015:wanming-R015-180-narrative-candidate	STAGE0_B_CLAIM	wanming-R015-180-narrative-candidate	cangjie/reading/R007/wanming_receipts.jsonl	R058	n180/p21	HIGH	BACKLOG_EVALUATE_IF_SYSTEMIC_RISK	PROVISIONAL	原始私有EPUB回查、支持锚点、文学替代叙法损失与可检反例；不足继续B暂定	FROZEN_NOT_EXECUTED	PENDING_EVIDENCE
STAGE0:R015:wanming-R015-182-narrative-candidate	STAGE0_B_CLAIM	wanming-R015-182-narrative-candidate	cangjie/reading/R007/wanming_receipts.jsonl	R058	n182/p22	HIGH	BACKLOG_EVALUATE_IF_SYSTEMIC_RISK	PROVISIONAL	原始私有EPUB回查、支持锚点、文学替代叙法损失与可检反例；不足继续B暂定	FROZEN_NOT_EXECUTED	PENDING_EVIDENCE
STAGE0:R015:wanming-R015-185-narrative-candidate	STAGE0_B_CLAIM	wanming-R015-185-narrative-candidate	cangjie/reading/R007/wanming_receipts.jsonl	R058	n185/p41	HIGH	PRESELECTED_FOR_R058_R059	PROVISIONAL	原始私有EPUB回查、支持锚点、文学替代叙法损失与可检反例；不足继续B暂定	FROZEN_NOT_EXECUTED	PENDING_EVIDENCE
STAGE0:R015:wanming-R015-187-narrative-candidate	STAGE0_B_CLAIM	wanming-R015-187-narrative-candidate	cangjie/reading/R007/wanming_receipts.jsonl	R058	n187/p21	HIGH	BACKLOG_EVALUATE_IF_SYSTEMIC_RISK	PROVISIONAL	原始私有EPUB回查、支持锚点、文学替代叙法损失与可检反例；不足继续B暂定	FROZEN_NOT_EXECUTED	PENDING_EVIDENCE
STAGE0:R015:wanming-R015-189-narrative-candidate	STAGE0_B_CLAIM	wanming-R015-189-narrative-candidate	cangjie/reading/R007/wanming_receipts.jsonl	R058	n189/p41	HIGH	BACKLOG_EVALUATE_IF_SYSTEMIC_RISK	PROVISIONAL	原始私有EPUB回查、支持锚点、文学替代叙法损失与可检反例；不足继续B暂定	FROZEN_NOT_EXECUTED	PENDING_EVIDENCE
STAGE0:R015:wanming-R015-190-narrative-candidate	STAGE0_B_CLAIM	wanming-R015-190-narrative-candidate	cangjie/reading/R007/wanming_receipts.jsonl	R058	n190/p28	HIGH	BACKLOG_EVALUATE_IF_SYSTEMIC_RISK	PROVISIONAL	原始私有EPUB回查、支持锚点、文学替代叙法损失与可检反例；不足继续B暂定	FROZEN_NOT_EXECUTED	PENDING_EVIDENCE
STAGE0:R015:wanming-R015-191-narrative-candidate	STAGE0_B_CLAIM	wanming-R015-191-narrative-candidate	cangjie/reading/R007/wanming_receipts.jsonl	R058	n191/p29	HIGH	BACKLOG_EVALUATE_IF_SYSTEMIC_RISK	PROVISIONAL	原始私有EPUB回查、支持锚点、文学替代叙法损失与可检反例；不足继续B暂定	FROZEN_NOT_EXECUTED	PENDING_EVIDENCE
STAGE0:R015:wanming-R015-194-narrative-candidate	STAGE0_B_CLAIM	wanming-R015-194-narrative-candidate	cangjie/reading/R007/wanming_receipts.jsonl	R058	n194/p26	HIGH	BACKLOG_EVALUATE_IF_SYSTEMIC_RISK	PROVISIONAL	原始私有EPUB回查、支持锚点、文学替代叙法损失与可检反例；不足继续B暂定	FROZEN_NOT_EXECUTED	PENDING_EVIDENCE
STAGE0:R015:wanming-R015-196-narrative-candidate	STAGE0_B_CLAIM	wanming-R015-196-narrative-candidate	cangjie/reading/R007/wanming_receipts.jsonl	R058	n196/p27	HIGH	BACKLOG_EVALUATE_IF_SYSTEMIC_RISK	PROVISIONAL	原始私有EPUB回查、支持锚点、文学替代叙法损失与可检反例；不足继续B暂定	FROZEN_NOT_EXECUTED	PENDING_EVIDENCE
STAGE0:R015:wanming-R015-197-narrative-candidate	STAGE0_B_CLAIM	wanming-R015-197-narrative-candidate	cangjie/reading/R007/wanming_receipts.jsonl	R058	n197/p24	HIGH	BACKLOG_EVALUATE_IF_SYSTEMIC_RISK	PROVISIONAL	原始私有EPUB回查、支持锚点、文学替代叙法损失与可检反例；不足继续B暂定	FROZEN_NOT_EXECUTED	PENDING_EVIDENCE
STAGE0:R015:wanming-R015-199-narrative-candidate	STAGE0_B_CLAIM	wanming-R015-199-narrative-candidate	cangjie/reading/R007/wanming_receipts.jsonl	R058	n199/p20	HIGH	BACKLOG_EVALUATE_IF_SYSTEMIC_RISK	PROVISIONAL	原始私有EPUB回查、支持锚点、文学替代叙法损失与可检反例；不足继续B暂定	FROZEN_NOT_EXECUTED	PENDING_EVIDENCE
STAGE0:R015:wanming-R015-200-narrative-candidate	STAGE0_B_CLAIM	wanming-R015-200-narrative-candidate	cangjie/reading/R007/wanming_receipts.jsonl	R058	n200/p19	HIGH	PRESELECTED_FOR_R058_R059	PROVISIONAL	原始私有EPUB回查、支持锚点、文学替代叙法损失与可检反例；不足继续B暂定	FROZEN_NOT_EXECUTED	PENDING_EVIDENCE
STAGE0:R017:wanming-R017-201-candidate	STAGE0_B_CLAIM	wanming-R017-201-candidate	cangjie/reading/R007/wanming_receipts.jsonl	R058	n201/p26	HIGH	PRESELECTED_FOR_R058_R059	PROVISIONAL	原始私有EPUB回查、支持锚点、文学替代叙法损失与可检反例；不足继续B暂定	FROZEN_NOT_EXECUTED	PENDING_EVIDENCE
STAGE0:R017:wanming-R017-202-candidate	STAGE0_B_CLAIM	wanming-R017-202-candidate	cangjie/reading/R007/wanming_receipts.jsonl	R058	n202/p31	HIGH	BACKLOG_EVALUATE_IF_SYSTEMIC_RISK	PROVISIONAL	原始私有EPUB回查、支持锚点、文学替代叙法损失与可检反例；不足继续B暂定	FROZEN_NOT_EXECUTED	PENDING_EVIDENCE
STAGE0:R017:wanming-R017-203-candidate	STAGE0_B_CLAIM	wanming-R017-203-candidate	cangjie/reading/R007/wanming_receipts.jsonl	R058	n203/p19	HIGH	BACKLOG_EVALUATE_IF_SYSTEMIC_RISK	PROVISIONAL	原始私有EPUB回查、支持锚点、文学替代叙法损失与可检反例；不足继续B暂定	FROZEN_NOT_EXECUTED	PENDING_EVIDENCE
STAGE0:R017:wanming-R017-207-candidate	STAGE0_B_CLAIM	wanming-R017-207-candidate	cangjie/reading/R007/wanming_receipts.jsonl	R058	n207/p25	HIGH	BACKLOG_EVALUATE_IF_SYSTEMIC_RISK	PROVISIONAL	原始私有EPUB回查、支持锚点、文学替代叙法损失与可检反例；不足继续B暂定	FROZEN_NOT_EXECUTED	PENDING_EVIDENCE
STAGE0:R017:wanming-R017-212-candidate	STAGE0_B_CLAIM	wanming-R017-212-candidate	cangjie/reading/R007/wanming_receipts.jsonl	R058	n212/p21	HIGH	BACKLOG_EVALUATE_IF_SYSTEMIC_RISK	PROVISIONAL	原始私有EPUB回查、支持锚点、文学替代叙法损失与可检反例；不足继续B暂定	FROZEN_NOT_EXECUTED	PENDING_EVIDENCE
STAGE0:R017:wanming-R017-213-candidate	STAGE0_B_CLAIM	wanming-R017-213-candidate	cangjie/reading/R007/wanming_receipts.jsonl	R058	n213/p24	HIGH	BACKLOG_EVALUATE_IF_SYSTEMIC_RISK	PROVISIONAL	原始私有EPUB回查、支持锚点、文学替代叙法损失与可检反例；不足继续B暂定	FROZEN_NOT_EXECUTED	PENDING_EVIDENCE
STAGE0:R017:wanming-R017-214-candidate	STAGE0_B_CLAIM	wanming-R017-214-candidate	cangjie/reading/R007/wanming_receipts.jsonl	R058	n214/p26	HIGH	BACKLOG_EVALUATE_IF_SYSTEMIC_RISK	PROVISIONAL	原始私有EPUB回查、支持锚点、文学替代叙法损失与可检反例；不足继续B暂定	FROZEN_NOT_EXECUTED	PENDING_EVIDENCE
STAGE0:R017:wanming-R017-216-candidate	STAGE0_B_CLAIM	wanming-R017-216-candidate	cangjie/reading/R007/wanming_receipts.jsonl	R058	n216/p29	HIGH	BACKLOG_EVALUATE_IF_SYSTEMIC_RISK	PROVISIONAL	原始私有EPUB回查、支持锚点、文学替代叙法损失与可检反例；不足继续B暂定	FROZEN_NOT_EXECUTED	PENDING_EVIDENCE
STAGE0:R017:wanming-R017-217-candidate	STAGE0_B_CLAIM	wanming-R017-217-candidate	cangjie/reading/R007/wanming_receipts.jsonl	R058	n217/p19	HIGH	BACKLOG_EVALUATE_IF_SYSTEMIC_RISK	PROVISIONAL	原始私有EPUB回查、支持锚点、文学替代叙法损失与可检反例；不足继续B暂定	FROZEN_NOT_EXECUTED	PENDING_EVIDENCE
STAGE0:R017:wanming-R017-219-candidate	STAGE0_B_CLAIM	wanming-R017-219-candidate	cangjie/reading/R007/wanming_receipts.jsonl	R058	n219/p20	HIGH	PRESELECTED_FOR_R058_R059	PROVISIONAL	原始私有EPUB回查、支持锚点、文学替代叙法损失与可检反例；不足继续B暂定	FROZEN_NOT_EXECUTED	PENDING_EVIDENCE
STAGE0:R017:wanming-R017-220-candidate	STAGE0_B_CLAIM	wanming-R017-220-candidate	cangjie/reading/R007/wanming_receipts.jsonl	R058	n220/p24	HIGH	PRESELECTED_FOR_R058_R059	PROVISIONAL	原始私有EPUB回查、支持锚点、文学替代叙法损失与可检反例；不足继续B暂定	FROZEN_NOT_EXECUTED	PENDING_EVIDENCE
STAGE0:R017:wanming-R017-222-candidate	STAGE0_B_CLAIM	wanming-R017-222-candidate	cangjie/reading/R007/wanming_receipts.jsonl	R058	n222/p21	HIGH	BACKLOG_EVALUATE_IF_SYSTEMIC_RISK	PROVISIONAL	原始私有EPUB回查、支持锚点、文学替代叙法损失与可检反例；不足继续B暂定	FROZEN_NOT_EXECUTED	PENDING_EVIDENCE
STAGE0:R017:wanming-R017-223-candidate	STAGE0_B_CLAIM	wanming-R017-223-candidate	cangjie/reading/R007/wanming_receipts.jsonl	R058	n223/p25	HIGH	BACKLOG_EVALUATE_IF_SYSTEMIC_RISK	PROVISIONAL	原始私有EPUB回查、支持锚点、文学替代叙法损失与可检反例；不足继续B暂定	FROZEN_NOT_EXECUTED	PENDING_EVIDENCE
STAGE0:R017:wanming-R017-225-candidate	STAGE0_B_CLAIM	wanming-R017-225-candidate	cangjie/reading/R007/wanming_receipts.jsonl	R058	n225/p19	HIGH	BACKLOG_EVALUATE_IF_SYSTEMIC_RISK	PROVISIONAL	原始私有EPUB回查、支持锚点、文学替代叙法损失与可检反例；不足继续B暂定	FROZEN_NOT_EXECUTED	PENDING_EVIDENCE
STAGE0:R017:wanming-R017-229-candidate	STAGE0_B_CLAIM	wanming-R017-229-candidate	cangjie/reading/R007/wanming_receipts.jsonl	R058	n229/p20	HIGH	BACKLOG_EVALUATE_IF_SYSTEMIC_RISK	PROVISIONAL	原始私有EPUB回查、支持锚点、文学替代叙法损失与可检反例；不足继续B暂定	FROZEN_NOT_EXECUTED	PENDING_EVIDENCE
STAGE0:R017:wanming-R017-231-candidate	STAGE0_B_CLAIM	wanming-R017-231-candidate	cangjie/reading/R007/wanming_receipts.jsonl	R058	n231/p27	HIGH	BACKLOG_EVALUATE_IF_SYSTEMIC_RISK	PROVISIONAL	原始私有EPUB回查、支持锚点、文学替代叙法损失与可检反例；不足继续B暂定	FROZEN_NOT_EXECUTED	PENDING_EVIDENCE
STAGE0:R017:wanming-R017-233-candidate	STAGE0_B_CLAIM	wanming-R017-233-candidate	cangjie/reading/R007/wanming_receipts.jsonl	R058	n233/p29	HIGH	BACKLOG_EVALUATE_IF_SYSTEMIC_RISK	PROVISIONAL	原始私有EPUB回查、支持锚点、文学替代叙法损失与可检反例；不足继续B暂定	FROZEN_NOT_EXECUTED	PENDING_EVIDENCE
STAGE0:R017:wanming-R017-237-candidate	STAGE0_B_CLAIM	wanming-R017-237-candidate	cangjie/reading/R007/wanming_receipts.jsonl	R058	n237/p29	HIGH	BACKLOG_EVALUATE_IF_SYSTEMIC_RISK	PROVISIONAL	原始私有EPUB回查、支持锚点、文学替代叙法损失与可检反例；不足继续B暂定	FROZEN_NOT_EXECUTED	PENDING_EVIDENCE
STAGE0:R017:wanming-R017-239-candidate	STAGE0_B_CLAIM	wanming-R017-239-candidate	cangjie/reading/R007/wanming_receipts.jsonl	R058	n239/p24	HIGH	BACKLOG_EVALUATE_IF_SYSTEMIC_RISK	PROVISIONAL	原始私有EPUB回查、支持锚点、文学替代叙法损失与可检反例；不足继续B暂定	FROZEN_NOT_EXECUTED	PENDING_EVIDENCE
STAGE0:R017:wanming-R017-240-candidate	STAGE0_B_CLAIM	wanming-R017-240-candidate	cangjie/reading/R007/wanming_receipts.jsonl	R058	n240/p20	HIGH	PRESELECTED_FOR_R058_R059	PROVISIONAL	原始私有EPUB回查、支持锚点、文学替代叙法损失与可检反例；不足继续B暂定	FROZEN_NOT_EXECUTED	PENDING_EVIDENCE
STAGE0:R019:v13-r019-wanming-241-candidate	STAGE0_B_CLAIM	v13-r019-wanming-241-candidate	cangjie/reading/R007/wanming_receipts.jsonl	R059	n241/p23	MEDIUM	PRESELECTED_FOR_R058_R059	PROVISIONAL	原始私有EPUB回查、支持锚点、文学替代叙法损失与可检反例；不足继续B暂定	FROZEN_NOT_EXECUTED	PENDING_EVIDENCE
STAGE0:R019:v13-r019-wanming-242-candidate	STAGE0_B_CLAIM	v13-r019-wanming-242-candidate	cangjie/reading/R007/wanming_receipts.jsonl	R059	n242/p37	MEDIUM	BACKLOG_EVALUATE_IF_SYSTEMIC_RISK	PROVISIONAL	原始私有EPUB回查、支持锚点、文学替代叙法损失与可检反例；不足继续B暂定	FROZEN_NOT_EXECUTED	PENDING_EVIDENCE
STAGE0:R019:v13-r019-wanming-243-candidate	STAGE0_B_CLAIM	v13-r019-wanming-243-candidate	cangjie/reading/R007/wanming_receipts.jsonl	R059	n243/p34	MEDIUM	BACKLOG_EVALUATE_IF_SYSTEMIC_RISK	PROVISIONAL	原始私有EPUB回查、支持锚点、文学替代叙法损失与可检反例；不足继续B暂定	FROZEN_NOT_EXECUTED	PENDING_EVIDENCE
STAGE0:R019:v13-r019-wanming-246-candidate	STAGE0_B_CLAIM	v13-r019-wanming-246-candidate	cangjie/reading/R007/wanming_receipts.jsonl	R059	n246/p23	MEDIUM	BACKLOG_EVALUATE_IF_SYSTEMIC_RISK	PROVISIONAL	原始私有EPUB回查、支持锚点、文学替代叙法损失与可检反例；不足继续B暂定	FROZEN_NOT_EXECUTED	PENDING_EVIDENCE
STAGE0:R019:v13-r019-wanming-248-candidate	STAGE0_B_CLAIM	v13-r019-wanming-248-candidate	cangjie/reading/R007/wanming_receipts.jsonl	R059	n248/p26	MEDIUM	BACKLOG_EVALUATE_IF_SYSTEMIC_RISK	PROVISIONAL	原始私有EPUB回查、支持锚点、文学替代叙法损失与可检反例；不足继续B暂定	FROZEN_NOT_EXECUTED	PENDING_EVIDENCE
STAGE0:R019:v13-r019-wanming-250-candidate	STAGE0_B_CLAIM	v13-r019-wanming-250-candidate	cangjie/reading/R007/wanming_receipts.jsonl	R059	n250/p30	MEDIUM	BACKLOG_EVALUATE_IF_SYSTEMIC_RISK	PROVISIONAL	原始私有EPUB回查、支持锚点、文学替代叙法损失与可检反例；不足继续B暂定	FROZEN_NOT_EXECUTED	PENDING_EVIDENCE
STAGE0:R019:v13-r019-wanming-252-candidate	STAGE0_B_CLAIM	v13-r019-wanming-252-candidate	cangjie/reading/R007/wanming_receipts.jsonl	R059	n252/p27	MEDIUM	BACKLOG_EVALUATE_IF_SYSTEMIC_RISK	PROVISIONAL	原始私有EPUB回查、支持锚点、文学替代叙法损失与可检反例；不足继续B暂定	FROZEN_NOT_EXECUTED	PENDING_EVIDENCE
STAGE0:R019:v13-r019-wanming-255-candidate	STAGE0_B_CLAIM	v13-r019-wanming-255-candidate	cangjie/reading/R007/wanming_receipts.jsonl	R059	n255/p29	MEDIUM	BACKLOG_EVALUATE_IF_SYSTEMIC_RISK	PROVISIONAL	原始私有EPUB回查、支持锚点、文学替代叙法损失与可检反例；不足继续B暂定	FROZEN_NOT_EXECUTED	PENDING_EVIDENCE
STAGE0:R019:v13-r019-wanming-256-candidate	STAGE0_B_CLAIM	v13-r019-wanming-256-candidate	cangjie/reading/R007/wanming_receipts.jsonl	R059	n256/p26	MEDIUM	BACKLOG_EVALUATE_IF_SYSTEMIC_RISK	PROVISIONAL	原始私有EPUB回查、支持锚点、文学替代叙法损失与可检反例；不足继续B暂定	FROZEN_NOT_EXECUTED	PENDING_EVIDENCE
STAGE0:R019:v13-r019-wanming-259-candidate	STAGE0_B_CLAIM	v13-r019-wanming-259-candidate	cangjie/reading/R007/wanming_receipts.jsonl	R059	n259/p36	MEDIUM	PRESELECTED_FOR_R058_R059	PROVISIONAL	原始私有EPUB回查、支持锚点、文学替代叙法损失与可检反例；不足继续B暂定	FROZEN_NOT_EXECUTED	PENDING_EVIDENCE
STAGE0:R019:v13-r019-wanming-262-candidate	STAGE0_B_CLAIM	v13-r019-wanming-262-candidate	cangjie/reading/R007/wanming_receipts.jsonl	R059	n262/p26	MEDIUM	BACKLOG_EVALUATE_IF_SYSTEMIC_RISK	PROVISIONAL	原始私有EPUB回查、支持锚点、文学替代叙法损失与可检反例；不足继续B暂定	FROZEN_NOT_EXECUTED	PENDING_EVIDENCE
STAGE0:R019:v13-r019-wanming-263-candidate	STAGE0_B_CLAIM	v13-r019-wanming-263-candidate	cangjie/reading/R007/wanming_receipts.jsonl	R059	n263/p32	MEDIUM	BACKLOG_EVALUATE_IF_SYSTEMIC_RISK	PROVISIONAL	原始私有EPUB回查、支持锚点、文学替代叙法损失与可检反例；不足继续B暂定	FROZEN_NOT_EXECUTED	PENDING_EVIDENCE
STAGE0:R019:v13-r019-wanming-265-candidate	STAGE0_B_CLAIM	v13-r019-wanming-265-candidate	cangjie/reading/R007/wanming_receipts.jsonl	R059	n265/p28	MEDIUM	PRESELECTED_FOR_R058_R059	PROVISIONAL	原始私有EPUB回查、支持锚点、文学替代叙法损失与可检反例；不足继续B暂定	FROZEN_NOT_EXECUTED	PENDING_EVIDENCE
STAGE0:R019:v13-r019-wanming-268-candidate	STAGE0_B_CLAIM	v13-r019-wanming-268-candidate	cangjie/reading/R007/wanming_receipts.jsonl	R059	n268/p28	MEDIUM	BACKLOG_EVALUATE_IF_SYSTEMIC_RISK	PROVISIONAL	原始私有EPUB回查、支持锚点、文学替代叙法损失与可检反例；不足继续B暂定	FROZEN_NOT_EXECUTED	PENDING_EVIDENCE
STAGE0:R019:v13-r019-wanming-270-candidate	STAGE0_B_CLAIM	v13-r019-wanming-270-candidate	cangjie/reading/R007/wanming_receipts.jsonl	R059	n270/p28	MEDIUM	BACKLOG_EVALUATE_IF_SYSTEMIC_RISK	PROVISIONAL	原始私有EPUB回查、支持锚点、文学替代叙法损失与可检反例；不足继续B暂定	FROZEN_NOT_EXECUTED	PENDING_EVIDENCE
STAGE0:R019:v13-r019-wanming-272-candidate	STAGE0_B_CLAIM	v13-r019-wanming-272-candidate	cangjie/reading/R007/wanming_receipts.jsonl	R059	n272/p35	MEDIUM	BACKLOG_EVALUATE_IF_SYSTEMIC_RISK	PROVISIONAL	原始私有EPUB回查、支持锚点、文学替代叙法损失与可检反例；不足继续B暂定	FROZEN_NOT_EXECUTED	PENDING_EVIDENCE
STAGE0:R019:v13-r019-wanming-273-candidate	STAGE0_B_CLAIM	v13-r019-wanming-273-candidate	cangjie/reading/R007/wanming_receipts.jsonl	R059	n273/p33	MEDIUM	BACKLOG_EVALUATE_IF_SYSTEMIC_RISK	PROVISIONAL	原始私有EPUB回查、支持锚点、文学替代叙法损失与可检反例；不足继续B暂定	FROZEN_NOT_EXECUTED	PENDING_EVIDENCE
STAGE0:R019:v13-r019-wanming-274-candidate	STAGE0_B_CLAIM	v13-r019-wanming-274-candidate	cangjie/reading/R007/wanming_receipts.jsonl	R059	n274/p26	MEDIUM	BACKLOG_EVALUATE_IF_SYSTEMIC_RISK	PROVISIONAL	原始私有EPUB回查、支持锚点、文学替代叙法损失与可检反例；不足继续B暂定	FROZEN_NOT_EXECUTED	PENDING_EVIDENCE
STAGE0:R019:v13-r019-wanming-277-candidate	STAGE0_B_CLAIM	v13-r019-wanming-277-candidate	cangjie/reading/R007/wanming_receipts.jsonl	R059	n277/p29	MEDIUM	BACKLOG_EVALUATE_IF_SYSTEMIC_RISK	PROVISIONAL	原始私有EPUB回查、支持锚点、文学替代叙法损失与可检反例；不足继续B暂定	FROZEN_NOT_EXECUTED	PENDING_EVIDENCE
STAGE0:R019:v13-r019-wanming-280-candidate	STAGE0_B_CLAIM	v13-r019-wanming-280-candidate	cangjie/reading/R007/wanming_receipts.jsonl	R059	n280/p27	MEDIUM	PRESELECTED_FOR_R058_R059	PROVISIONAL	原始私有EPUB回查、支持锚点、文学替代叙法损失与可检反例；不足继续B暂定	FROZEN_NOT_EXECUTED	PENDING_EVIDENCE
STAGE0:R021:V13-R021-wanming-281-candidate	STAGE0_B_CLAIM	V13-R021-wanming-281-candidate	cangjie/reading/R007/wanming_receipts.jsonl	R059	n281/p35	MEDIUM	PRESELECTED_FOR_R058_R059	PROVISIONAL	原始私有EPUB回查、支持锚点、文学替代叙法损失与可检反例；不足继续B暂定	FROZEN_NOT_EXECUTED	PENDING_EVIDENCE
STAGE0:R021:V13-R021-wanming-282-candidate	STAGE0_B_CLAIM	V13-R021-wanming-282-candidate	cangjie/reading/R007/wanming_receipts.jsonl	R059	n282/p31	MEDIUM	BACKLOG_EVALUATE_IF_SYSTEMIC_RISK	PROVISIONAL	原始私有EPUB回查、支持锚点、文学替代叙法损失与可检反例；不足继续B暂定	FROZEN_NOT_EXECUTED	PENDING_EVIDENCE
STAGE0:R021:V13-R021-wanming-283-candidate	STAGE0_B_CLAIM	V13-R021-wanming-283-candidate	cangjie/reading/R007/wanming_receipts.jsonl	R059	n283/p22	MEDIUM	BACKLOG_EVALUATE_IF_SYSTEMIC_RISK	PROVISIONAL	原始私有EPUB回查、支持锚点、文学替代叙法损失与可检反例；不足继续B暂定	FROZEN_NOT_EXECUTED	PENDING_EVIDENCE
STAGE0:R021:V13-R021-wanming-285-candidate	STAGE0_B_CLAIM	V13-R021-wanming-285-candidate	cangjie/reading/R007/wanming_receipts.jsonl	R059	n285/p24	MEDIUM	BACKLOG_EVALUATE_IF_SYSTEMIC_RISK	PROVISIONAL	原始私有EPUB回查、支持锚点、文学替代叙法损失与可检反例；不足继续B暂定	FROZEN_NOT_EXECUTED	PENDING_EVIDENCE
STAGE0:R021:V13-R021-wanming-288-candidate	STAGE0_B_CLAIM	V13-R021-wanming-288-candidate	cangjie/reading/R007/wanming_receipts.jsonl	R059	n288/p32	MEDIUM	BACKLOG_EVALUATE_IF_SYSTEMIC_RISK	PROVISIONAL	原始私有EPUB回查、支持锚点、文学替代叙法损失与可检反例；不足继续B暂定	FROZEN_NOT_EXECUTED	PENDING_EVIDENCE
STAGE0:R021:V13-R021-wanming-291-candidate	STAGE0_B_CLAIM	V13-R021-wanming-291-candidate	cangjie/reading/R007/wanming_receipts.jsonl	R059	n291/p25	MEDIUM	BACKLOG_EVALUATE_IF_SYSTEMIC_RISK	PROVISIONAL	原始私有EPUB回查、支持锚点、文学替代叙法损失与可检反例；不足继续B暂定	FROZEN_NOT_EXECUTED	PENDING_EVIDENCE
STAGE0:R021:V13-R021-wanming-293-candidate	STAGE0_B_CLAIM	V13-R021-wanming-293-candidate	cangjie/reading/R007/wanming_receipts.jsonl	R059	n293/p32	MEDIUM	BACKLOG_EVALUATE_IF_SYSTEMIC_RISK	PROVISIONAL	原始私有EPUB回查、支持锚点、文学替代叙法损失与可检反例；不足继续B暂定	FROZEN_NOT_EXECUTED	PENDING_EVIDENCE
STAGE0:R021:V13-R021-wanming-295-candidate	STAGE0_B_CLAIM	V13-R021-wanming-295-candidate	cangjie/reading/R007/wanming_receipts.jsonl	R059	n295/p27	MEDIUM	BACKLOG_EVALUATE_IF_SYSTEMIC_RISK	PROVISIONAL	原始私有EPUB回查、支持锚点、文学替代叙法损失与可检反例；不足继续B暂定	FROZEN_NOT_EXECUTED	PENDING_EVIDENCE
STAGE0:R021:V13-R021-wanming-297-candidate	STAGE0_B_CLAIM	V13-R021-wanming-297-candidate	cangjie/reading/R007/wanming_receipts.jsonl	R059	n297/p25	MEDIUM	BACKLOG_EVALUATE_IF_SYSTEMIC_RISK	PROVISIONAL	原始私有EPUB回查、支持锚点、文学替代叙法损失与可检反例；不足继续B暂定	FROZEN_NOT_EXECUTED	PENDING_EVIDENCE
STAGE0:R021:V13-R021-wanming-299-candidate	STAGE0_B_CLAIM	V13-R021-wanming-299-candidate	cangjie/reading/R007/wanming_receipts.jsonl	R059	n299/p25	MEDIUM	PRESELECTED_FOR_R058_R059	PROVISIONAL	原始私有EPUB回查、支持锚点、文学替代叙法损失与可检反例；不足继续B暂定	FROZEN_NOT_EXECUTED	PENDING_EVIDENCE
STAGE0:R021:V13-R021-wanming-301-candidate	STAGE0_B_CLAIM	V13-R021-wanming-301-candidate	cangjie/reading/R007/wanming_receipts.jsonl	R059	n301/p31	MEDIUM	BACKLOG_EVALUATE_IF_SYSTEMIC_RISK	PROVISIONAL	原始私有EPUB回查、支持锚点、文学替代叙法损失与可检反例；不足继续B暂定	FROZEN_NOT_EXECUTED	PENDING_EVIDENCE
STAGE0:R021:V13-R021-wanming-303-candidate	STAGE0_B_CLAIM	V13-R021-wanming-303-candidate	cangjie/reading/R007/wanming_receipts.jsonl	R059	n303/p33	MEDIUM	BACKLOG_EVALUATE_IF_SYSTEMIC_RISK	PROVISIONAL	原始私有EPUB回查、支持锚点、文学替代叙法损失与可检反例；不足继续B暂定	FROZEN_NOT_EXECUTED	PENDING_EVIDENCE
STAGE0:R021:V13-R021-wanming-305-candidate	STAGE0_B_CLAIM	V13-R021-wanming-305-candidate	cangjie/reading/R007/wanming_receipts.jsonl	R059	n305/p32	MEDIUM	PRESELECTED_FOR_R058_R059	PROVISIONAL	原始私有EPUB回查、支持锚点、文学替代叙法损失与可检反例；不足继续B暂定	FROZEN_NOT_EXECUTED	PENDING_EVIDENCE
STAGE0:R021:V13-R021-wanming-307-candidate	STAGE0_B_CLAIM	V13-R021-wanming-307-candidate	cangjie/reading/R007/wanming_receipts.jsonl	R059	n307/p26	MEDIUM	BACKLOG_EVALUATE_IF_SYSTEMIC_RISK	PROVISIONAL	原始私有EPUB回查、支持锚点、文学替代叙法损失与可检反例；不足继续B暂定	FROZEN_NOT_EXECUTED	PENDING_EVIDENCE
STAGE0:R021:V13-R021-wanming-309-candidate	STAGE0_B_CLAIM	V13-R021-wanming-309-candidate	cangjie/reading/R007/wanming_receipts.jsonl	R059	n309/p19	MEDIUM	BACKLOG_EVALUATE_IF_SYSTEMIC_RISK	PROVISIONAL	原始私有EPUB回查、支持锚点、文学替代叙法损失与可检反例；不足继续B暂定	FROZEN_NOT_EXECUTED	PENDING_EVIDENCE
STAGE0:R021:V13-R021-wanming-311-candidate	STAGE0_B_CLAIM	V13-R021-wanming-311-candidate	cangjie/reading/R007/wanming_receipts.jsonl	R059	n311/p41	MEDIUM	BACKLOG_EVALUATE_IF_SYSTEMIC_RISK	PROVISIONAL	原始私有EPUB回查、支持锚点、文学替代叙法损失与可检反例；不足继续B暂定	FROZEN_NOT_EXECUTED	PENDING_EVIDENCE
STAGE0:R021:V13-R021-wanming-313-candidate	STAGE0_B_CLAIM	V13-R021-wanming-313-candidate	cangjie/reading/R007/wanming_receipts.jsonl	R059	n313/p22	MEDIUM	BACKLOG_EVALUATE_IF_SYSTEMIC_RISK	PROVISIONAL	原始私有EPUB回查、支持锚点、文学替代叙法损失与可检反例；不足继续B暂定	FROZEN_NOT_EXECUTED	PENDING_EVIDENCE
STAGE0:R021:V13-R021-wanming-316-candidate	STAGE0_B_CLAIM	V13-R021-wanming-316-candidate	cangjie/reading/R007/wanming_receipts.jsonl	R059	n316/p16	MEDIUM	BACKLOG_EVALUATE_IF_SYSTEMIC_RISK	PROVISIONAL	原始私有EPUB回查、支持锚点、文学替代叙法损失与可检反例；不足继续B暂定	FROZEN_NOT_EXECUTED	PENDING_EVIDENCE
STAGE0:R021:V13-R021-wanming-318-candidate	STAGE0_B_CLAIM	V13-R021-wanming-318-candidate	cangjie/reading/R007/wanming_receipts.jsonl	R059	n318/p29	MEDIUM	BACKLOG_EVALUATE_IF_SYSTEMIC_RISK	PROVISIONAL	原始私有EPUB回查、支持锚点、文学替代叙法损失与可检反例；不足继续B暂定	FROZEN_NOT_EXECUTED	PENDING_EVIDENCE
STAGE0:R021:V13-R021-wanming-320-candidate	STAGE0_B_CLAIM	V13-R021-wanming-320-candidate	cangjie/reading/R007/wanming_receipts.jsonl	R059	n320/p40	MEDIUM	PRESELECTED_FOR_R058_R059	PROVISIONAL	原始私有EPUB回查、支持锚点、文学替代叙法损失与可检反例；不足继续B暂定	FROZEN_NOT_EXECUTED	PENDING_EVIDENCE
STAGE0:R023:v13-r023-wanming-321-candidate	STAGE0_B_CLAIM	v13-r023-wanming-321-candidate	cangjie/reading/R007/wanming_receipts.jsonl	R059	n321/p32	MEDIUM	PRESELECTED_FOR_R058_R059	PROVISIONAL	原始私有EPUB回查、支持锚点、文学替代叙法损失与可检反例；不足继续B暂定	FROZEN_NOT_EXECUTED	PENDING_EVIDENCE
STAGE0:R023:v13-r023-wanming-322-candidate	STAGE0_B_CLAIM	v13-r023-wanming-322-candidate	cangjie/reading/R007/wanming_receipts.jsonl	R059	n322/p26	MEDIUM	BACKLOG_EVALUATE_IF_SYSTEMIC_RISK	PROVISIONAL	原始私有EPUB回查、支持锚点、文学替代叙法损失与可检反例；不足继续B暂定	FROZEN_NOT_EXECUTED	PENDING_EVIDENCE
STAGE0:R023:v13-r023-wanming-323-candidate	STAGE0_B_CLAIM	v13-r023-wanming-323-candidate	cangjie/reading/R007/wanming_receipts.jsonl	R059	n323/p22	MEDIUM	BACKLOG_EVALUATE_IF_SYSTEMIC_RISK	PROVISIONAL	原始私有EPUB回查、支持锚点、文学替代叙法损失与可检反例；不足继续B暂定	FROZEN_NOT_EXECUTED	PENDING_EVIDENCE
STAGE0:R023:v13-r023-wanming-325-candidate	STAGE0_B_CLAIM	v13-r023-wanming-325-candidate	cangjie/reading/R007/wanming_receipts.jsonl	R059	n325/p27	MEDIUM	BACKLOG_EVALUATE_IF_SYSTEMIC_RISK	PROVISIONAL	原始私有EPUB回查、支持锚点、文学替代叙法损失与可检反例；不足继续B暂定	FROZEN_NOT_EXECUTED	PENDING_EVIDENCE
STAGE0:R023:v13-r023-wanming-329-candidate	STAGE0_B_CLAIM	v13-r023-wanming-329-candidate	cangjie/reading/R007/wanming_receipts.jsonl	R059	n329/p30	MEDIUM	BACKLOG_EVALUATE_IF_SYSTEMIC_RISK	PROVISIONAL	原始私有EPUB回查、支持锚点、文学替代叙法损失与可检反例；不足继续B暂定	FROZEN_NOT_EXECUTED	PENDING_EVIDENCE
STAGE0:R023:v13-r023-wanming-331-candidate	STAGE0_B_CLAIM	v13-r023-wanming-331-candidate	cangjie/reading/R007/wanming_receipts.jsonl	R059	n331/p26	MEDIUM	BACKLOG_EVALUATE_IF_SYSTEMIC_RISK	PROVISIONAL	原始私有EPUB回查、支持锚点、文学替代叙法损失与可检反例；不足继续B暂定	FROZEN_NOT_EXECUTED	PENDING_EVIDENCE
STAGE0:R023:v13-r023-wanming-333-candidate	STAGE0_B_CLAIM	v13-r023-wanming-333-candidate	cangjie/reading/R007/wanming_receipts.jsonl	R059	n333/p28	MEDIUM	BACKLOG_EVALUATE_IF_SYSTEMIC_RISK	PROVISIONAL	原始私有EPUB回查、支持锚点、文学替代叙法损失与可检反例；不足继续B暂定	FROZEN_NOT_EXECUTED	PENDING_EVIDENCE
STAGE0:R023:v13-r023-wanming-334-candidate	STAGE0_B_CLAIM	v13-r023-wanming-334-candidate	cangjie/reading/R007/wanming_receipts.jsonl	R059	n334/p27	MEDIUM	BACKLOG_EVALUATE_IF_SYSTEMIC_RISK	PROVISIONAL	原始私有EPUB回查、支持锚点、文学替代叙法损失与可检反例；不足继续B暂定	FROZEN_NOT_EXECUTED	PENDING_EVIDENCE
STAGE0:R023:v13-r023-wanming-337-candidate	STAGE0_B_CLAIM	v13-r023-wanming-337-candidate	cangjie/reading/R007/wanming_receipts.jsonl	R059	n337/p25	MEDIUM	BACKLOG_EVALUATE_IF_SYSTEMIC_RISK	PROVISIONAL	原始私有EPUB回查、支持锚点、文学替代叙法损失与可检反例；不足继续B暂定	FROZEN_NOT_EXECUTED	PENDING_EVIDENCE
STAGE0:R023:v13-r023-wanming-338-candidate	STAGE0_B_CLAIM	v13-r023-wanming-338-candidate	cangjie/reading/R007/wanming_receipts.jsonl	R059	n338/p21	MEDIUM	PRESELECTED_FOR_R058_R059	PROVISIONAL	原始私有EPUB回查、支持锚点、文学替代叙法损失与可检反例；不足继续B暂定	FROZEN_NOT_EXECUTED	PENDING_EVIDENCE
STAGE0:R023:v13-r023-wanming-339-candidate	STAGE0_B_CLAIM	v13-r023-wanming-339-candidate	cangjie/reading/R007/wanming_receipts.jsonl	R059	n339/p28	MEDIUM	PRESELECTED_FOR_R058_R059	PROVISIONAL	原始私有EPUB回查、支持锚点、文学替代叙法损失与可检反例；不足继续B暂定	FROZEN_NOT_EXECUTED	PENDING_EVIDENCE
STAGE0:R023:v13-r023-wanming-340-candidate	STAGE0_B_CLAIM	v13-r023-wanming-340-candidate	cangjie/reading/R007/wanming_receipts.jsonl	R059	n340/p25	MEDIUM	BACKLOG_EVALUATE_IF_SYSTEMIC_RISK	PROVISIONAL	原始私有EPUB回查、支持锚点、文学替代叙法损失与可检反例；不足继续B暂定	FROZEN_NOT_EXECUTED	PENDING_EVIDENCE
STAGE0:R023:v13-r023-wanming-341-candidate	STAGE0_B_CLAIM	v13-r023-wanming-341-candidate	cangjie/reading/R007/wanming_receipts.jsonl	R059	n341/p26	MEDIUM	BACKLOG_EVALUATE_IF_SYSTEMIC_RISK	PROVISIONAL	原始私有EPUB回查、支持锚点、文学替代叙法损失与可检反例；不足继续B暂定	FROZEN_NOT_EXECUTED	PENDING_EVIDENCE
STAGE0:R023:v13-r023-wanming-343-candidate	STAGE0_B_CLAIM	v13-r023-wanming-343-candidate	cangjie/reading/R007/wanming_receipts.jsonl	R059	n343/p35	MEDIUM	BACKLOG_EVALUATE_IF_SYSTEMIC_RISK	PROVISIONAL	原始私有EPUB回查、支持锚点、文学替代叙法损失与可检反例；不足继续B暂定	FROZEN_NOT_EXECUTED	PENDING_EVIDENCE
STAGE0:R023:v13-r023-wanming-344-candidate	STAGE0_B_CLAIM	v13-r023-wanming-344-candidate	cangjie/reading/R007/wanming_receipts.jsonl	R059	n344/p24	MEDIUM	BACKLOG_EVALUATE_IF_SYSTEMIC_RISK	PROVISIONAL	原始私有EPUB回查、支持锚点、文学替代叙法损失与可检反例；不足继续B暂定	FROZEN_NOT_EXECUTED	PENDING_EVIDENCE
STAGE0:R023:v13-r023-wanming-346-candidate	STAGE0_B_CLAIM	v13-r023-wanming-346-candidate	cangjie/reading/R007/wanming_receipts.jsonl	R059	n346/p24	MEDIUM	BACKLOG_EVALUATE_IF_SYSTEMIC_RISK	PROVISIONAL	原始私有EPUB回查、支持锚点、文学替代叙法损失与可检反例；不足继续B暂定	FROZEN_NOT_EXECUTED	PENDING_EVIDENCE
STAGE0:R023:v13-r023-wanming-349-candidate	STAGE0_B_CLAIM	v13-r023-wanming-349-candidate	cangjie/reading/R007/wanming_receipts.jsonl	R059	n349/p30	MEDIUM	BACKLOG_EVALUATE_IF_SYSTEMIC_RISK	PROVISIONAL	原始私有EPUB回查、支持锚点、文学替代叙法损失与可检反例；不足继续B暂定	FROZEN_NOT_EXECUTED	PENDING_EVIDENCE
STAGE0:R023:v13-r023-wanming-351-candidate	STAGE0_B_CLAIM	v13-r023-wanming-351-candidate	cangjie/reading/R007/wanming_receipts.jsonl	R059	n351/p28	MEDIUM	BACKLOG_EVALUATE_IF_SYSTEMIC_RISK	PROVISIONAL	原始私有EPUB回查、支持锚点、文学替代叙法损失与可检反例；不足继续B暂定	FROZEN_NOT_EXECUTED	PENDING_EVIDENCE
STAGE0:R023:v13-r023-wanming-356-candidate	STAGE0_B_CLAIM	v13-r023-wanming-356-candidate	cangjie/reading/R007/wanming_receipts.jsonl	R059	n356/p30	MEDIUM	BACKLOG_EVALUATE_IF_SYSTEMIC_RISK	PROVISIONAL	原始私有EPUB回查、支持锚点、文学替代叙法损失与可检反例；不足继续B暂定	FROZEN_NOT_EXECUTED	PENDING_EVIDENCE
STAGE0:R023:v13-r023-wanming-360-candidate	STAGE0_B_CLAIM	v13-r023-wanming-360-candidate	cangjie/reading/R007/wanming_receipts.jsonl	R059	n360/p30	MEDIUM	PRESELECTED_FOR_R058_R059	PROVISIONAL	原始私有EPUB回查、支持锚点、文学替代叙法损失与可检反例；不足继续B暂定	FROZEN_NOT_EXECUTED	PENDING_EVIDENCE
STAGE0:R008:tx-r008-001	STAGE0_B_CLAIM	tx-r008-001	cangjie/reading/R007/wanming_receipts.jsonl	R058	n1/p1	HIGH	PRESELECTED_FOR_R058_R059	PROVISIONAL	原始私有EPUB回查、支持锚点、文学替代叙法损失与可检反例；不足继续B暂定	FROZEN_NOT_EXECUTED	PENDING_EVIDENCE
STAGE0:R008:tx-r008-020	STAGE0_B_CLAIM	tx-r008-020	cangjie/reading/R007/wanming_receipts.jsonl	R058	n20/p1	HIGH	BACKLOG_EVALUATE_IF_SYSTEMIC_RISK	PROVISIONAL	原始私有EPUB回查、支持锚点、文学替代叙法损失与可检反例；不足继续B暂定	FROZEN_NOT_EXECUTED	PENDING_EVIDENCE
STAGE0:R008:tx-r008-029	STAGE0_B_CLAIM	tx-r008-029	cangjie/reading/R007/wanming_receipts.jsonl	R058	n29/p1	HIGH	BACKLOG_EVALUATE_IF_SYSTEMIC_RISK	PROVISIONAL	原始私有EPUB回查、支持锚点、文学替代叙法损失与可检反例；不足继续B暂定	FROZEN_NOT_EXECUTED	PENDING_EVIDENCE
STAGE0:R008:tx-r008-031	STAGE0_B_CLAIM	tx-r008-031	cangjie/reading/R007/wanming_receipts.jsonl	R058	n31/p1	HIGH	BACKLOG_EVALUATE_IF_SYSTEMIC_RISK	PROVISIONAL	原始私有EPUB回查、支持锚点、文学替代叙法损失与可检反例；不足继续B暂定	FROZEN_NOT_EXECUTED	PENDING_EVIDENCE
STAGE0:R008:tx-r008-032	STAGE0_B_CLAIM	tx-r008-032	cangjie/reading/R007/wanming_receipts.jsonl	R058	n32/p1	HIGH	PRESELECTED_FOR_R058_R059	PROVISIONAL	原始私有EPUB回查、支持锚点、文学替代叙法损失与可检反例；不足继续B暂定	FROZEN_NOT_EXECUTED	PENDING_EVIDENCE
STAGE0:R008:tx-r008-033	STAGE0_B_CLAIM	tx-r008-033	cangjie/reading/R007/wanming_receipts.jsonl	R058	n33/p1	HIGH	PRESELECTED_FOR_R058_R059	PROVISIONAL	原始私有EPUB回查、支持锚点、文学替代叙法损失与可检反例；不足继续B暂定	FROZEN_NOT_EXECUTED	PENDING_EVIDENCE
STAGE0:R008:tx-r008-035	STAGE0_B_CLAIM	tx-r008-035	cangjie/reading/R007/wanming_receipts.jsonl	R058	n35/p1	HIGH	BACKLOG_EVALUATE_IF_SYSTEMIC_RISK	PROVISIONAL	原始私有EPUB回查、支持锚点、文学替代叙法损失与可检反例；不足继续B暂定	FROZEN_NOT_EXECUTED	PENDING_EVIDENCE
STAGE0:R008:tx-r008-037	STAGE0_B_CLAIM	tx-r008-037	cangjie/reading/R007/wanming_receipts.jsonl	R058	n37/p1	HIGH	BACKLOG_EVALUATE_IF_SYSTEMIC_RISK	PROVISIONAL	原始私有EPUB回查、支持锚点、文学替代叙法损失与可检反例；不足继续B暂定	FROZEN_NOT_EXECUTED	PENDING_EVIDENCE
STAGE0:R008:tx-r008-039	STAGE0_B_CLAIM	tx-r008-039	cangjie/reading/R007/wanming_receipts.jsonl	R058	n39/p1	HIGH	BACKLOG_EVALUATE_IF_SYSTEMIC_RISK	PROVISIONAL	原始私有EPUB回查、支持锚点、文学替代叙法损失与可检反例；不足继续B暂定	FROZEN_NOT_EXECUTED	PENDING_EVIDENCE
STAGE0:R008:tx-r008-040	STAGE0_B_CLAIM	tx-r008-040	cangjie/reading/R007/wanming_receipts.jsonl	R058	n40/p1	HIGH	PRESELECTED_FOR_R058_R059	PROVISIONAL	原始私有EPUB回查、支持锚点、文学替代叙法损失与可检反例；不足继续B暂定	FROZEN_NOT_EXECUTED	PENDING_EVIDENCE
STAGE0:R010:R010-41-narrative-claim	STAGE0_B_CLAIM	R010-41-narrative-claim	cangjie/reading/R007/wanming_receipts.jsonl	R058	n41/p34	HIGH	PRESELECTED_FOR_R058_R059	PROVISIONAL	原始私有EPUB回查、支持锚点、文学替代叙法损失与可检反例；不足继续B暂定	FROZEN_NOT_EXECUTED	PENDING_EVIDENCE
STAGE0:R010:R010-55-narrative-claim	STAGE0_B_CLAIM	R010-55-narrative-claim	cangjie/reading/R007/wanming_receipts.jsonl	R058	n55/p32	HIGH	BACKLOG_EVALUATE_IF_SYSTEMIC_RISK	PROVISIONAL	原始私有EPUB回查、支持锚点、文学替代叙法损失与可检反例；不足继续B暂定	FROZEN_NOT_EXECUTED	PENDING_EVIDENCE
STAGE0:R010:R010-57-narrative-claim	STAGE0_B_CLAIM	R010-57-narrative-claim	cangjie/reading/R007/wanming_receipts.jsonl	R058	n57/p31	HIGH	BACKLOG_EVALUATE_IF_SYSTEMIC_RISK	PROVISIONAL	原始私有EPUB回查、支持锚点、文学替代叙法损失与可检反例；不足继续B暂定	FROZEN_NOT_EXECUTED	PENDING_EVIDENCE
STAGE0:R010:R010-60-narrative-claim	STAGE0_B_CLAIM	R010-60-narrative-claim	cangjie/reading/R007/wanming_receipts.jsonl	R058	n60/p38	HIGH	BACKLOG_EVALUATE_IF_SYSTEMIC_RISK	PROVISIONAL	原始私有EPUB回查、支持锚点、文学替代叙法损失与可检反例；不足继续B暂定	FROZEN_NOT_EXECUTED	PENDING_EVIDENCE
STAGE0:R010:R010-62-narrative-claim	STAGE0_B_CLAIM	R010-62-narrative-claim	cangjie/reading/R007/wanming_receipts.jsonl	R058	n62/p33	HIGH	PRESELECTED_FOR_R058_R059	PROVISIONAL	原始私有EPUB回查、支持锚点、文学替代叙法损失与可检反例；不足继续B暂定	FROZEN_NOT_EXECUTED	PENDING_EVIDENCE
STAGE0:R010:R010-65-narrative-claim	STAGE0_B_CLAIM	R010-65-narrative-claim	cangjie/reading/R007/wanming_receipts.jsonl	R058	n65/p37	HIGH	BACKLOG_EVALUATE_IF_SYSTEMIC_RISK	PROVISIONAL	原始私有EPUB回查、支持锚点、文学替代叙法损失与可检反例；不足继续B暂定	FROZEN_NOT_EXECUTED	PENDING_EVIDENCE
STAGE0:R010:R010-67-narrative-claim	STAGE0_B_CLAIM	R010-67-narrative-claim	cangjie/reading/R007/wanming_receipts.jsonl	R058	n67/p37	HIGH	BACKLOG_EVALUATE_IF_SYSTEMIC_RISK	PROVISIONAL	原始私有EPUB回查、支持锚点、文学替代叙法损失与可检反例；不足继续B暂定	FROZEN_NOT_EXECUTED	PENDING_EVIDENCE
STAGE0:R010:R010-73-narrative-claim	STAGE0_B_CLAIM	R010-73-narrative-claim	cangjie/reading/R007/wanming_receipts.jsonl	R058	n73/p27	HIGH	BACKLOG_EVALUATE_IF_SYSTEMIC_RISK	PROVISIONAL	原始私有EPUB回查、支持锚点、文学替代叙法损失与可检反例；不足继续B暂定	FROZEN_NOT_EXECUTED	PENDING_EVIDENCE
STAGE0:R010:R010-79-narrative-claim	STAGE0_B_CLAIM	R010-79-narrative-claim	cangjie/reading/R007/wanming_receipts.jsonl	R058	n79/p33	HIGH	BACKLOG_EVALUATE_IF_SYSTEMIC_RISK	PROVISIONAL	原始私有EPUB回查、支持锚点、文学替代叙法损失与可检反例；不足继续B暂定	FROZEN_NOT_EXECUTED	PENDING_EVIDENCE
STAGE0:R010:R010-80-narrative-claim	STAGE0_B_CLAIM	R010-80-narrative-claim	cangjie/reading/R007/wanming_receipts.jsonl	R058	n80/p49	HIGH	PRESELECTED_FOR_R058_R059	PROVISIONAL	原始私有EPUB回查、支持锚点、文学替代叙法损失与可检反例；不足继续B暂定	FROZEN_NOT_EXECUTED	PENDING_EVIDENCE
STAGE0:R012:tx-r012-81	STAGE0_B_CLAIM	tx-r012-81	cangjie/reading/R007/wanming_receipts.jsonl	R058	n81/p30	HIGH	PRESELECTED_FOR_R058_R059	PROVISIONAL	原始私有EPUB回查、支持锚点、文学替代叙法损失与可检反例；不足继续B暂定	FROZEN_NOT_EXECUTED	PENDING_EVIDENCE
STAGE0:R012:tx-r012-83	STAGE0_B_CLAIM	tx-r012-83	cangjie/reading/R007/wanming_receipts.jsonl	R058	n83/p35	HIGH	BACKLOG_EVALUATE_IF_SYSTEMIC_RISK	PROVISIONAL	原始私有EPUB回查、支持锚点、文学替代叙法损失与可检反例；不足继续B暂定	FROZEN_NOT_EXECUTED	PENDING_EVIDENCE
STAGE0:R012:tx-r012-88	STAGE0_B_CLAIM	tx-r012-88	cangjie/reading/R007/wanming_receipts.jsonl	R058	n88/p27	HIGH	BACKLOG_EVALUATE_IF_SYSTEMIC_RISK	PROVISIONAL	原始私有EPUB回查、支持锚点、文学替代叙法损失与可检反例；不足继续B暂定	FROZEN_NOT_EXECUTED	PENDING_EVIDENCE
STAGE0:R012:tx-r012-91	STAGE0_B_CLAIM	tx-r012-91	cangjie/reading/R007/wanming_receipts.jsonl	R058	n91/p36	HIGH	BACKLOG_EVALUATE_IF_SYSTEMIC_RISK	PROVISIONAL	原始私有EPUB回查、支持锚点、文学替代叙法损失与可检反例；不足继续B暂定	FROZEN_NOT_EXECUTED	PENDING_EVIDENCE
STAGE0:R012:tx-r012-94	STAGE0_B_CLAIM	tx-r012-94	cangjie/reading/R007/wanming_receipts.jsonl	R058	n94/p28	HIGH	BACKLOG_EVALUATE_IF_SYSTEMIC_RISK	PROVISIONAL	原始私有EPUB回查、支持锚点、文学替代叙法损失与可检反例；不足继续B暂定	FROZEN_NOT_EXECUTED	PENDING_EVIDENCE
STAGE0:R012:tx-r012-100	STAGE0_B_CLAIM	tx-r012-100	cangjie/reading/R007/wanming_receipts.jsonl	R058	n100/p33	HIGH	PRESELECTED_FOR_R058_R059	PROVISIONAL	原始私有EPUB回查、支持锚点、文学替代叙法损失与可检反例；不足继续B暂定	FROZEN_NOT_EXECUTED	PENDING_EVIDENCE
STAGE0:R012:tx-r012-103	STAGE0_B_CLAIM	tx-r012-103	cangjie/reading/R007/wanming_receipts.jsonl	R058	n103/p33	HIGH	BACKLOG_EVALUATE_IF_SYSTEMIC_RISK	PROVISIONAL	原始私有EPUB回查、支持锚点、文学替代叙法损失与可检反例；不足继续B暂定	FROZEN_NOT_EXECUTED	PENDING_EVIDENCE
STAGE0:R012:tx-r012-105	STAGE0_B_CLAIM	tx-r012-105	cangjie/reading/R007/wanming_receipts.jsonl	R058	n105/p34	HIGH	BACKLOG_EVALUATE_IF_SYSTEMIC_RISK	PROVISIONAL	原始私有EPUB回查、支持锚点、文学替代叙法损失与可检反例；不足继续B暂定	FROZEN_NOT_EXECUTED	PENDING_EVIDENCE
STAGE0:R012:tx-r012-109	STAGE0_B_CLAIM	tx-r012-109	cangjie/reading/R007/wanming_receipts.jsonl	R058	n109/p40	HIGH	PRESELECTED_FOR_R058_R059	PROVISIONAL	原始私有EPUB回查、支持锚点、文学替代叙法损失与可检反例；不足继续B暂定	FROZEN_NOT_EXECUTED	PENDING_EVIDENCE
STAGE0:R012:tx-r012-110	STAGE0_B_CLAIM	tx-r012-110	cangjie/reading/R007/wanming_receipts.jsonl	R058	n110/p39	HIGH	BACKLOG_EVALUATE_IF_SYSTEMIC_RISK	PROVISIONAL	原始私有EPUB回查、支持锚点、文学替代叙法损失与可检反例；不足继续B暂定	FROZEN_NOT_EXECUTED	PENDING_EVIDENCE
STAGE0:R012:tx-r012-116	STAGE0_B_CLAIM	tx-r012-116	cangjie/reading/R007/wanming_receipts.jsonl	R058	n116/p55	HIGH	BACKLOG_EVALUATE_IF_SYSTEMIC_RISK	PROVISIONAL	原始私有EPUB回查、支持锚点、文学替代叙法损失与可检反例；不足继续B暂定	FROZEN_NOT_EXECUTED	PENDING_EVIDENCE
STAGE0:R012:tx-r012-120	STAGE0_B_CLAIM	tx-r012-120	cangjie/reading/R007/wanming_receipts.jsonl	R058	n120/p35	HIGH	PRESELECTED_FOR_R058_R059	PROVISIONAL	原始私有EPUB回查、支持锚点、文学替代叙法损失与可检反例；不足继续B暂定	FROZEN_NOT_EXECUTED	PENDING_EVIDENCE
STAGE0:R014:tx-r014-121-candidate	STAGE0_B_CLAIM	tx-r014-121-candidate	cangjie/reading/R007/wanming_receipts.jsonl	R058	n121/p27	HIGH	PRESELECTED_FOR_R058_R059	PROVISIONAL	原始私有EPUB回查、支持锚点、文学替代叙法损失与可检反例；不足继续B暂定	FROZEN_NOT_EXECUTED	PENDING_EVIDENCE
STAGE0:R014:tx-r014-122-candidate	STAGE0_B_CLAIM	tx-r014-122-candidate	cangjie/reading/R007/wanming_receipts.jsonl	R058	n122/p44	HIGH	BACKLOG_EVALUATE_IF_SYSTEMIC_RISK	PROVISIONAL	原始私有EPUB回查、支持锚点、文学替代叙法损失与可检反例；不足继续B暂定	FROZEN_NOT_EXECUTED	PENDING_EVIDENCE
STAGE0:R014:tx-r014-127-candidate	STAGE0_B_CLAIM	tx-r014-127-candidate	cangjie/reading/R007/wanming_receipts.jsonl	R058	n127/p36	HIGH	BACKLOG_EVALUATE_IF_SYSTEMIC_RISK	PROVISIONAL	原始私有EPUB回查、支持锚点、文学替代叙法损失与可检反例；不足继续B暂定	FROZEN_NOT_EXECUTED	PENDING_EVIDENCE
STAGE0:R014:tx-r014-129-candidate	STAGE0_B_CLAIM	tx-r014-129-candidate	cangjie/reading/R007/wanming_receipts.jsonl	R058	n129/p52	HIGH	BACKLOG_EVALUATE_IF_SYSTEMIC_RISK	PROVISIONAL	原始私有EPUB回查、支持锚点、文学替代叙法损失与可检反例；不足继续B暂定	FROZEN_NOT_EXECUTED	PENDING_EVIDENCE
STAGE0:R014:tx-r014-130-candidate	STAGE0_B_CLAIM	tx-r014-130-candidate	cangjie/reading/R007/wanming_receipts.jsonl	R058	n130/p26	HIGH	BACKLOG_EVALUATE_IF_SYSTEMIC_RISK	PROVISIONAL	原始私有EPUB回查、支持锚点、文学替代叙法损失与可检反例；不足继续B暂定	FROZEN_NOT_EXECUTED	PENDING_EVIDENCE
STAGE0:R014:tx-r014-135-candidate	STAGE0_B_CLAIM	tx-r014-135-candidate	cangjie/reading/R007/wanming_receipts.jsonl	R058	n135/p24	HIGH	BACKLOG_EVALUATE_IF_SYSTEMIC_RISK	PROVISIONAL	原始私有EPUB回查、支持锚点、文学替代叙法损失与可检反例；不足继续B暂定	FROZEN_NOT_EXECUTED	PENDING_EVIDENCE
STAGE0:R014:tx-r014-140-candidate	STAGE0_B_CLAIM	tx-r014-140-candidate	cangjie/reading/R007/wanming_receipts.jsonl	R058	n140/p23	HIGH	PRESELECTED_FOR_R058_R059	PROVISIONAL	原始私有EPUB回查、支持锚点、文学替代叙法损失与可检反例；不足继续B暂定	FROZEN_NOT_EXECUTED	PENDING_EVIDENCE
STAGE0:R014:tx-r014-142-candidate	STAGE0_B_CLAIM	tx-r014-142-candidate	cangjie/reading/R007/wanming_receipts.jsonl	R058	n142/p32	HIGH	BACKLOG_EVALUATE_IF_SYSTEMIC_RISK	PROVISIONAL	原始私有EPUB回查、支持锚点、文学替代叙法损失与可检反例；不足继续B暂定	FROZEN_NOT_EXECUTED	PENDING_EVIDENCE
STAGE0:R014:tx-r014-148-candidate	STAGE0_B_CLAIM	tx-r014-148-candidate	cangjie/reading/R007/wanming_receipts.jsonl	R058	n148/p33	HIGH	BACKLOG_EVALUATE_IF_SYSTEMIC_RISK	PROVISIONAL	原始私有EPUB回查、支持锚点、文学替代叙法损失与可检反例；不足继续B暂定	FROZEN_NOT_EXECUTED	PENDING_EVIDENCE
STAGE0:R014:tx-r014-152-candidate	STAGE0_B_CLAIM	tx-r014-152-candidate	cangjie/reading/R007/wanming_receipts.jsonl	R058	n152/p25	HIGH	BACKLOG_EVALUATE_IF_SYSTEMIC_RISK	PROVISIONAL	原始私有EPUB回查、支持锚点、文学替代叙法损失与可检反例；不足继续B暂定	FROZEN_NOT_EXECUTED	PENDING_EVIDENCE
STAGE0:R014:tx-r014-153-candidate	STAGE0_B_CLAIM	tx-r014-153-candidate	cangjie/reading/R007/wanming_receipts.jsonl	R058	n153/p22	HIGH	PRESELECTED_FOR_R058_R059	PROVISIONAL	原始私有EPUB回查、支持锚点、文学替代叙法损失与可检反例；不足继续B暂定	FROZEN_NOT_EXECUTED	PENDING_EVIDENCE
STAGE0:R014:tx-r014-155-candidate	STAGE0_B_CLAIM	tx-r014-155-candidate	cangjie/reading/R007/wanming_receipts.jsonl	R058	n155/p40	HIGH	BACKLOG_EVALUATE_IF_SYSTEMIC_RISK	PROVISIONAL	原始私有EPUB回查、支持锚点、文学替代叙法损失与可检反例；不足继续B暂定	FROZEN_NOT_EXECUTED	PENDING_EVIDENCE
STAGE0:R014:tx-r014-157-candidate	STAGE0_B_CLAIM	tx-r014-157-candidate	cangjie/reading/R007/wanming_receipts.jsonl	R058	n157/p34	HIGH	BACKLOG_EVALUATE_IF_SYSTEMIC_RISK	PROVISIONAL	原始私有EPUB回查、支持锚点、文学替代叙法损失与可检反例；不足继续B暂定	FROZEN_NOT_EXECUTED	PENDING_EVIDENCE
STAGE0:R014:tx-r014-160-candidate	STAGE0_B_CLAIM	tx-r014-160-candidate	cangjie/reading/R007/wanming_receipts.jsonl	R058	n160/p26	HIGH	PRESELECTED_FOR_R058_R059	PROVISIONAL	原始私有EPUB回查、支持锚点、文学替代叙法损失与可检反例；不足继续B暂定	FROZEN_NOT_EXECUTED	PENDING_EVIDENCE
STAGE0:R016:tiexue-R016-161-candidate	STAGE0_B_CLAIM	tiexue-R016-161-candidate	cangjie/reading/R007/wanming_receipts.jsonl	R059	n161/p33	MEDIUM	PRESELECTED_FOR_R058_R059	PROVISIONAL	原始私有EPUB回查、支持锚点、文学替代叙法损失与可检反例；不足继续B暂定	FROZEN_NOT_EXECUTED	PENDING_EVIDENCE
STAGE0:R016:tiexue-R016-163-candidate	STAGE0_B_CLAIM	tiexue-R016-163-candidate	cangjie/reading/R007/wanming_receipts.jsonl	R059	n163/p32	MEDIUM	BACKLOG_EVALUATE_IF_SYSTEMIC_RISK	PROVISIONAL	原始私有EPUB回查、支持锚点、文学替代叙法损失与可检反例；不足继续B暂定	FROZEN_NOT_EXECUTED	PENDING_EVIDENCE
STAGE0:R016:tiexue-R016-165-candidate	STAGE0_B_CLAIM	tiexue-R016-165-candidate	cangjie/reading/R007/wanming_receipts.jsonl	R059	n165/p41	MEDIUM	BACKLOG_EVALUATE_IF_SYSTEMIC_RISK	PROVISIONAL	原始私有EPUB回查、支持锚点、文学替代叙法损失与可检反例；不足继续B暂定	FROZEN_NOT_EXECUTED	PENDING_EVIDENCE
STAGE0:R016:tiexue-R016-168-candidate	STAGE0_B_CLAIM	tiexue-R016-168-candidate	cangjie/reading/R007/wanming_receipts.jsonl	R059	n168/p22	MEDIUM	BACKLOG_EVALUATE_IF_SYSTEMIC_RISK	PROVISIONAL	原始私有EPUB回查、支持锚点、文学替代叙法损失与可检反例；不足继续B暂定	FROZEN_NOT_EXECUTED	PENDING_EVIDENCE
STAGE0:R016:tiexue-R016-170-candidate	STAGE0_B_CLAIM	tiexue-R016-170-candidate	cangjie/reading/R007/wanming_receipts.jsonl	R059	n170/p32	MEDIUM	BACKLOG_EVALUATE_IF_SYSTEMIC_RISK	PROVISIONAL	原始私有EPUB回查、支持锚点、文学替代叙法损失与可检反例；不足继续B暂定	FROZEN_NOT_EXECUTED	PENDING_EVIDENCE
STAGE0:R016:tiexue-R016-173-candidate	STAGE0_B_CLAIM	tiexue-R016-173-candidate	cangjie/reading/R007/wanming_receipts.jsonl	R059	n173/p29	MEDIUM	BACKLOG_EVALUATE_IF_SYSTEMIC_RISK	PROVISIONAL	原始私有EPUB回查、支持锚点、文学替代叙法损失与可检反例；不足继续B暂定	FROZEN_NOT_EXECUTED	PENDING_EVIDENCE
STAGE0:R016:tiexue-R016-176-candidate	STAGE0_B_CLAIM	tiexue-R016-176-candidate	cangjie/reading/R007/wanming_receipts.jsonl	R059	n176/p26	MEDIUM	BACKLOG_EVALUATE_IF_SYSTEMIC_RISK	PROVISIONAL	原始私有EPUB回查、支持锚点、文学替代叙法损失与可检反例；不足继续B暂定	FROZEN_NOT_EXECUTED	PENDING_EVIDENCE
STAGE0:R016:tiexue-R016-178-candidate	STAGE0_B_CLAIM	tiexue-R016-178-candidate	cangjie/reading/R007/wanming_receipts.jsonl	R059	n178/p32	MEDIUM	BACKLOG_EVALUATE_IF_SYSTEMIC_RISK	PROVISIONAL	原始私有EPUB回查、支持锚点、文学替代叙法损失与可检反例；不足继续B暂定	FROZEN_NOT_EXECUTED	PENDING_EVIDENCE
STAGE0:R016:tiexue-R016-180-candidate	STAGE0_B_CLAIM	tiexue-R016-180-candidate	cangjie/reading/R007/wanming_receipts.jsonl	R059	n180/p38	MEDIUM	PRESELECTED_FOR_R058_R059	PROVISIONAL	原始私有EPUB回查、支持锚点、文学替代叙法损失与可检反例；不足继续B暂定	FROZEN_NOT_EXECUTED	PENDING_EVIDENCE
STAGE0:R016:tiexue-R016-182-candidate	STAGE0_B_CLAIM	tiexue-R016-182-candidate	cangjie/reading/R007/wanming_receipts.jsonl	R059	n182/p30	MEDIUM	PRESELECTED_FOR_R058_R059	PROVISIONAL	原始私有EPUB回查、支持锚点、文学替代叙法损失与可检反例；不足继续B暂定	FROZEN_NOT_EXECUTED	PENDING_EVIDENCE
STAGE0:R016:tiexue-R016-184-candidate	STAGE0_B_CLAIM	tiexue-R016-184-candidate	cangjie/reading/R007/wanming_receipts.jsonl	R059	n184/p32	MEDIUM	BACKLOG_EVALUATE_IF_SYSTEMIC_RISK	PROVISIONAL	原始私有EPUB回查、支持锚点、文学替代叙法损失与可检反例；不足继续B暂定	FROZEN_NOT_EXECUTED	PENDING_EVIDENCE
STAGE0:R016:tiexue-R016-186-candidate	STAGE0_B_CLAIM	tiexue-R016-186-candidate	cangjie/reading/R007/wanming_receipts.jsonl	R059	n186/p49	MEDIUM	BACKLOG_EVALUATE_IF_SYSTEMIC_RISK	PROVISIONAL	原始私有EPUB回查、支持锚点、文学替代叙法损失与可检反例；不足继续B暂定	FROZEN_NOT_EXECUTED	PENDING_EVIDENCE
STAGE0:R016:tiexue-R016-188-candidate	STAGE0_B_CLAIM	tiexue-R016-188-candidate	cangjie/reading/R007/wanming_receipts.jsonl	R059	n188/p24	MEDIUM	BACKLOG_EVALUATE_IF_SYSTEMIC_RISK	PROVISIONAL	原始私有EPUB回查、支持锚点、文学替代叙法损失与可检反例；不足继续B暂定	FROZEN_NOT_EXECUTED	PENDING_EVIDENCE
STAGE0:R016:tiexue-R016-190-candidate	STAGE0_B_CLAIM	tiexue-R016-190-candidate	cangjie/reading/R007/wanming_receipts.jsonl	R059	n190/p37	MEDIUM	BACKLOG_EVALUATE_IF_SYSTEMIC_RISK	PROVISIONAL	原始私有EPUB回查、支持锚点、文学替代叙法损失与可检反例；不足继续B暂定	FROZEN_NOT_EXECUTED	PENDING_EVIDENCE
STAGE0:R016:tiexue-R016-191-candidate	STAGE0_B_CLAIM	tiexue-R016-191-candidate	cangjie/reading/R007/wanming_receipts.jsonl	R059	n191/p33	MEDIUM	BACKLOG_EVALUATE_IF_SYSTEMIC_RISK	PROVISIONAL	原始私有EPUB回查、支持锚点、文学替代叙法损失与可检反例；不足继续B暂定	FROZEN_NOT_EXECUTED	PENDING_EVIDENCE
STAGE0:R016:tiexue-R016-193-candidate	STAGE0_B_CLAIM	tiexue-R016-193-candidate	cangjie/reading/R007/wanming_receipts.jsonl	R059	n193/p20	MEDIUM	BACKLOG_EVALUATE_IF_SYSTEMIC_RISK	PROVISIONAL	原始私有EPUB回查、支持锚点、文学替代叙法损失与可检反例；不足继续B暂定	FROZEN_NOT_EXECUTED	PENDING_EVIDENCE
STAGE0:R016:tiexue-R016-195-candidate	STAGE0_B_CLAIM	tiexue-R016-195-candidate	cangjie/reading/R007/wanming_receipts.jsonl	R059	n195/p36	MEDIUM	BACKLOG_EVALUATE_IF_SYSTEMIC_RISK	PROVISIONAL	原始私有EPUB回查、支持锚点、文学替代叙法损失与可检反例；不足继续B暂定	FROZEN_NOT_EXECUTED	PENDING_EVIDENCE
STAGE0:R016:tiexue-R016-197-candidate	STAGE0_B_CLAIM	tiexue-R016-197-candidate	cangjie/reading/R007/wanming_receipts.jsonl	R059	n197/p32	MEDIUM	BACKLOG_EVALUATE_IF_SYSTEMIC_RISK	PROVISIONAL	原始私有EPUB回查、支持锚点、文学替代叙法损失与可检反例；不足继续B暂定	FROZEN_NOT_EXECUTED	PENDING_EVIDENCE
STAGE0:R016:tiexue-R016-199-candidate	STAGE0_B_CLAIM	tiexue-R016-199-candidate	cangjie/reading/R007/wanming_receipts.jsonl	R059	n199/p31	MEDIUM	BACKLOG_EVALUATE_IF_SYSTEMIC_RISK	PROVISIONAL	原始私有EPUB回查、支持锚点、文学替代叙法损失与可检反例；不足继续B暂定	FROZEN_NOT_EXECUTED	PENDING_EVIDENCE
STAGE0:R016:tiexue-R016-200-candidate	STAGE0_B_CLAIM	tiexue-R016-200-candidate	cangjie/reading/R007/wanming_receipts.jsonl	R059	n200/p31	MEDIUM	PRESELECTED_FOR_R058_R059	PROVISIONAL	原始私有EPUB回查、支持锚点、文学替代叙法损失与可检反例；不足继续B暂定	FROZEN_NOT_EXECUTED	PENDING_EVIDENCE
STAGE0:R018:v13-R018-tiexue-201-candidate	STAGE0_B_CLAIM	v13-R018-tiexue-201-candidate	cangjie/reading/R007/wanming_receipts.jsonl	R059	n201/p28	MEDIUM	PRESELECTED_FOR_R058_R059	PROVISIONAL	原始私有EPUB回查、支持锚点、文学替代叙法损失与可检反例；不足继续B暂定	FROZEN_NOT_EXECUTED	PENDING_EVIDENCE
STAGE0:R018:v13-R018-tiexue-202-candidate	STAGE0_B_CLAIM	v13-R018-tiexue-202-candidate	cangjie/reading/R007/wanming_receipts.jsonl	R059	n202/p27	MEDIUM	BACKLOG_EVALUATE_IF_SYSTEMIC_RISK	PROVISIONAL	原始私有EPUB回查、支持锚点、文学替代叙法损失与可检反例；不足继续B暂定	FROZEN_NOT_EXECUTED	PENDING_EVIDENCE
STAGE0:R018:v13-R018-tiexue-205-candidate	STAGE0_B_CLAIM	v13-R018-tiexue-205-candidate	cangjie/reading/R007/wanming_receipts.jsonl	R059	n205/p29	MEDIUM	BACKLOG_EVALUATE_IF_SYSTEMIC_RISK	PROVISIONAL	原始私有EPUB回查、支持锚点、文学替代叙法损失与可检反例；不足继续B暂定	FROZEN_NOT_EXECUTED	PENDING_EVIDENCE
STAGE0:R018:v13-R018-tiexue-206-candidate	STAGE0_B_CLAIM	v13-R018-tiexue-206-candidate	cangjie/reading/R007/wanming_receipts.jsonl	R059	n206/p24	MEDIUM	BACKLOG_EVALUATE_IF_SYSTEMIC_RISK	PROVISIONAL	原始私有EPUB回查、支持锚点、文学替代叙法损失与可检反例；不足继续B暂定	FROZEN_NOT_EXECUTED	PENDING_EVIDENCE
STAGE0:R018:v13-R018-tiexue-207-candidate	STAGE0_B_CLAIM	v13-R018-tiexue-207-candidate	cangjie/reading/R007/wanming_receipts.jsonl	R059	n207/p40	MEDIUM	BACKLOG_EVALUATE_IF_SYSTEMIC_RISK	PROVISIONAL	原始私有EPUB回查、支持锚点、文学替代叙法损失与可检反例；不足继续B暂定	FROZEN_NOT_EXECUTED	PENDING_EVIDENCE
STAGE0:R018:v13-R018-tiexue-210-candidate	STAGE0_B_CLAIM	v13-R018-tiexue-210-candidate	cangjie/reading/R007/wanming_receipts.jsonl	R059	n210/p47	MEDIUM	BACKLOG_EVALUATE_IF_SYSTEMIC_RISK	PROVISIONAL	原始私有EPUB回查、支持锚点、文学替代叙法损失与可检反例；不足继续B暂定	FROZEN_NOT_EXECUTED	PENDING_EVIDENCE
STAGE0:R018:v13-R018-tiexue-214-candidate	STAGE0_B_CLAIM	v13-R018-tiexue-214-candidate	cangjie/reading/R007/wanming_receipts.jsonl	R059	n214/p32	MEDIUM	BACKLOG_EVALUATE_IF_SYSTEMIC_RISK	PROVISIONAL	原始私有EPUB回查、支持锚点、文学替代叙法损失与可检反例；不足继续B暂定	FROZEN_NOT_EXECUTED	PENDING_EVIDENCE
STAGE0:R018:v13-R018-tiexue-218-candidate	STAGE0_B_CLAIM	v13-R018-tiexue-218-candidate	cangjie/reading/R007/wanming_receipts.jsonl	R059	n218/p23	MEDIUM	BACKLOG_EVALUATE_IF_SYSTEMIC_RISK	PROVISIONAL	原始私有EPUB回查、支持锚点、文学替代叙法损失与可检反例；不足继续B暂定	FROZEN_NOT_EXECUTED	PENDING_EVIDENCE
STAGE0:R018:v13-R018-tiexue-220-candidate	STAGE0_B_CLAIM	v13-R018-tiexue-220-candidate	cangjie/reading/R007/wanming_receipts.jsonl	R059	n220/p44	MEDIUM	BACKLOG_EVALUATE_IF_SYSTEMIC_RISK	PROVISIONAL	原始私有EPUB回查、支持锚点、文学替代叙法损失与可检反例；不足继续B暂定	FROZEN_NOT_EXECUTED	PENDING_EVIDENCE
STAGE0:R018:v13-R018-tiexue-223-candidate	STAGE0_B_CLAIM	v13-R018-tiexue-223-candidate	cangjie/reading/R007/wanming_receipts.jsonl	R059	n223/p41	MEDIUM	PRESELECTED_FOR_R058_R059	PROVISIONAL	原始私有EPUB回查、支持锚点、文学替代叙法损失与可检反例；不足继续B暂定	FROZEN_NOT_EXECUTED	PENDING_EVIDENCE
STAGE0:R018:v13-R018-tiexue-226-candidate	STAGE0_B_CLAIM	v13-R018-tiexue-226-candidate	cangjie/reading/R007/wanming_receipts.jsonl	R059	n226/p36	MEDIUM	PRESELECTED_FOR_R058_R059	PROVISIONAL	原始私有EPUB回查、支持锚点、文学替代叙法损失与可检反例；不足继续B暂定	FROZEN_NOT_EXECUTED	PENDING_EVIDENCE
STAGE0:R018:v13-R018-tiexue-227-candidate	STAGE0_B_CLAIM	v13-R018-tiexue-227-candidate	cangjie/reading/R007/wanming_receipts.jsonl	R059	n227/p50	MEDIUM	BACKLOG_EVALUATE_IF_SYSTEMIC_RISK	PROVISIONAL	原始私有EPUB回查、支持锚点、文学替代叙法损失与可检反例；不足继续B暂定	FROZEN_NOT_EXECUTED	PENDING_EVIDENCE
STAGE0:R018:v13-R018-tiexue-228-candidate	STAGE0_B_CLAIM	v13-R018-tiexue-228-candidate	cangjie/reading/R007/wanming_receipts.jsonl	R059	n228/p39	MEDIUM	BACKLOG_EVALUATE_IF_SYSTEMIC_RISK	PROVISIONAL	原始私有EPUB回查、支持锚点、文学替代叙法损失与可检反例；不足继续B暂定	FROZEN_NOT_EXECUTED	PENDING_EVIDENCE
STAGE0:R018:v13-R018-tiexue-230-candidate	STAGE0_B_CLAIM	v13-R018-tiexue-230-candidate	cangjie/reading/R007/wanming_receipts.jsonl	R059	n230/p55	MEDIUM	BACKLOG_EVALUATE_IF_SYSTEMIC_RISK	PROVISIONAL	原始私有EPUB回查、支持锚点、文学替代叙法损失与可检反例；不足继续B暂定	FROZEN_NOT_EXECUTED	PENDING_EVIDENCE
STAGE0:R018:v13-R018-tiexue-231-candidate	STAGE0_B_CLAIM	v13-R018-tiexue-231-candidate	cangjie/reading/R007/wanming_receipts.jsonl	R059	n231/p41	MEDIUM	BACKLOG_EVALUATE_IF_SYSTEMIC_RISK	PROVISIONAL	原始私有EPUB回查、支持锚点、文学替代叙法损失与可检反例；不足继续B暂定	FROZEN_NOT_EXECUTED	PENDING_EVIDENCE
STAGE0:R018:v13-R018-tiexue-232-candidate	STAGE0_B_CLAIM	v13-R018-tiexue-232-candidate	cangjie/reading/R007/wanming_receipts.jsonl	R059	n232/p28	MEDIUM	BACKLOG_EVALUATE_IF_SYSTEMIC_RISK	PROVISIONAL	原始私有EPUB回查、支持锚点、文学替代叙法损失与可检反例；不足继续B暂定	FROZEN_NOT_EXECUTED	PENDING_EVIDENCE
STAGE0:R018:v13-R018-tiexue-234-candidate	STAGE0_B_CLAIM	v13-R018-tiexue-234-candidate	cangjie/reading/R007/wanming_receipts.jsonl	R059	n234/p40	MEDIUM	BACKLOG_EVALUATE_IF_SYSTEMIC_RISK	PROVISIONAL	原始私有EPUB回查、支持锚点、文学替代叙法损失与可检反例；不足继续B暂定	FROZEN_NOT_EXECUTED	PENDING_EVIDENCE
STAGE0:R018:v13-R018-tiexue-237-candidate	STAGE0_B_CLAIM	v13-R018-tiexue-237-candidate	cangjie/reading/R007/wanming_receipts.jsonl	R059	n237/p32	MEDIUM	BACKLOG_EVALUATE_IF_SYSTEMIC_RISK	PROVISIONAL	原始私有EPUB回查、支持锚点、文学替代叙法损失与可检反例；不足继续B暂定	FROZEN_NOT_EXECUTED	PENDING_EVIDENCE
STAGE0:R018:v13-R018-tiexue-239-candidate	STAGE0_B_CLAIM	v13-R018-tiexue-239-candidate	cangjie/reading/R007/wanming_receipts.jsonl	R059	n239/p38	MEDIUM	BACKLOG_EVALUATE_IF_SYSTEMIC_RISK	PROVISIONAL	原始私有EPUB回查、支持锚点、文学替代叙法损失与可检反例；不足继续B暂定	FROZEN_NOT_EXECUTED	PENDING_EVIDENCE
STAGE0:R018:v13-R018-tiexue-240-candidate	STAGE0_B_CLAIM	v13-R018-tiexue-240-candidate	cangjie/reading/R007/wanming_receipts.jsonl	R059	n240/p25	MEDIUM	PRESELECTED_FOR_R058_R059	PROVISIONAL	原始私有EPUB回查、支持锚点、文学替代叙法损失与可检反例；不足继续B暂定	FROZEN_NOT_EXECUTED	PENDING_EVIDENCE
STAGE0:R020:tiexue-R020-241-provisional	STAGE0_B_CLAIM	tiexue-R020-241-provisional	cangjie/reading/R007/wanming_receipts.jsonl	R059	n241/p36	MEDIUM	PRESELECTED_FOR_R058_R059	PROVISIONAL	原始私有EPUB回查、支持锚点、文学替代叙法损失与可检反例；不足继续B暂定	FROZEN_NOT_EXECUTED	PENDING_EVIDENCE
STAGE0:R020:tiexue-R020-242-provisional	STAGE0_B_CLAIM	tiexue-R020-242-provisional	cangjie/reading/R007/wanming_receipts.jsonl	R059	n242/p34	MEDIUM	BACKLOG_EVALUATE_IF_SYSTEMIC_RISK	PROVISIONAL	原始私有EPUB回查、支持锚点、文学替代叙法损失与可检反例；不足继续B暂定	FROZEN_NOT_EXECUTED	PENDING_EVIDENCE
STAGE0:R020:tiexue-R020-243-provisional	STAGE0_B_CLAIM	tiexue-R020-243-provisional	cangjie/reading/R007/wanming_receipts.jsonl	R059	n243/p36	MEDIUM	BACKLOG_EVALUATE_IF_SYSTEMIC_RISK	PROVISIONAL	原始私有EPUB回查、支持锚点、文学替代叙法损失与可检反例；不足继续B暂定	FROZEN_NOT_EXECUTED	PENDING_EVIDENCE
STAGE0:R020:tiexue-R020-246-provisional	STAGE0_B_CLAIM	tiexue-R020-246-provisional	cangjie/reading/R007/wanming_receipts.jsonl	R059	n246/p27	MEDIUM	BACKLOG_EVALUATE_IF_SYSTEMIC_RISK	PROVISIONAL	原始私有EPUB回查、支持锚点、文学替代叙法损失与可检反例；不足继续B暂定	FROZEN_NOT_EXECUTED	PENDING_EVIDENCE
STAGE0:R020:tiexue-R020-248-provisional	STAGE0_B_CLAIM	tiexue-R020-248-provisional	cangjie/reading/R007/wanming_receipts.jsonl	R059	n248/p29	MEDIUM	BACKLOG_EVALUATE_IF_SYSTEMIC_RISK	PROVISIONAL	原始私有EPUB回查、支持锚点、文学替代叙法损失与可检反例；不足继续B暂定	FROZEN_NOT_EXECUTED	PENDING_EVIDENCE
STAGE0:R020:tiexue-R020-250-provisional	STAGE0_B_CLAIM	tiexue-R020-250-provisional	cangjie/reading/R007/wanming_receipts.jsonl	R059	n250/p30	MEDIUM	BACKLOG_EVALUATE_IF_SYSTEMIC_RISK	PROVISIONAL	原始私有EPUB回查、支持锚点、文学替代叙法损失与可检反例；不足继续B暂定	FROZEN_NOT_EXECUTED	PENDING_EVIDENCE
STAGE0:R020:tiexue-R020-251-provisional	STAGE0_B_CLAIM	tiexue-R020-251-provisional	cangjie/reading/R007/wanming_receipts.jsonl	R059	n251/p25	MEDIUM	BACKLOG_EVALUATE_IF_SYSTEMIC_RISK	PROVISIONAL	原始私有EPUB回查、支持锚点、文学替代叙法损失与可检反例；不足继续B暂定	FROZEN_NOT_EXECUTED	PENDING_EVIDENCE
STAGE0:R020:tiexue-R020-253-provisional	STAGE0_B_CLAIM	tiexue-R020-253-provisional	cangjie/reading/R007/wanming_receipts.jsonl	R059	n253/p35	MEDIUM	BACKLOG_EVALUATE_IF_SYSTEMIC_RISK	PROVISIONAL	原始私有EPUB回查、支持锚点、文学替代叙法损失与可检反例；不足继续B暂定	FROZEN_NOT_EXECUTED	PENDING_EVIDENCE
STAGE0:R020:tiexue-R020-254-provisional	STAGE0_B_CLAIM	tiexue-R020-254-provisional	cangjie/reading/R007/wanming_receipts.jsonl	R059	n254/p37	MEDIUM	PRESELECTED_FOR_R058_R059	PROVISIONAL	原始私有EPUB回查、支持锚点、文学替代叙法损失与可检反例；不足继续B暂定	FROZEN_NOT_EXECUTED	PENDING_EVIDENCE
STAGE0:R020:tiexue-R020-255-provisional	STAGE0_B_CLAIM	tiexue-R020-255-provisional	cangjie/reading/R007/wanming_receipts.jsonl	R059	n255/p35	MEDIUM	PRESELECTED_FOR_R058_R059	PROVISIONAL	原始私有EPUB回查、支持锚点、文学替代叙法损失与可检反例；不足继续B暂定	FROZEN_NOT_EXECUTED	PENDING_EVIDENCE
STAGE0:R020:tiexue-R020-256-provisional	STAGE0_B_CLAIM	tiexue-R020-256-provisional	cangjie/reading/R007/wanming_receipts.jsonl	R059	n256/p26	MEDIUM	BACKLOG_EVALUATE_IF_SYSTEMIC_RISK	PROVISIONAL	原始私有EPUB回查、支持锚点、文学替代叙法损失与可检反例；不足继续B暂定	FROZEN_NOT_EXECUTED	PENDING_EVIDENCE
STAGE0:R020:tiexue-R020-258-provisional	STAGE0_B_CLAIM	tiexue-R020-258-provisional	cangjie/reading/R007/wanming_receipts.jsonl	R059	n258/p30	MEDIUM	BACKLOG_EVALUATE_IF_SYSTEMIC_RISK	PROVISIONAL	原始私有EPUB回查、支持锚点、文学替代叙法损失与可检反例；不足继续B暂定	FROZEN_NOT_EXECUTED	PENDING_EVIDENCE
STAGE0:R020:tiexue-R020-261-provisional	STAGE0_B_CLAIM	tiexue-R020-261-provisional	cangjie/reading/R007/wanming_receipts.jsonl	R059	n261/p28	MEDIUM	BACKLOG_EVALUATE_IF_SYSTEMIC_RISK	PROVISIONAL	原始私有EPUB回查、支持锚点、文学替代叙法损失与可检反例；不足继续B暂定	FROZEN_NOT_EXECUTED	PENDING_EVIDENCE
STAGE0:R020:tiexue-R020-262-provisional	STAGE0_B_CLAIM	tiexue-R020-262-provisional	cangjie/reading/R007/wanming_receipts.jsonl	R059	n262/p33	MEDIUM	BACKLOG_EVALUATE_IF_SYSTEMIC_RISK	PROVISIONAL	原始私有EPUB回查、支持锚点、文学替代叙法损失与可检反例；不足继续B暂定	FROZEN_NOT_EXECUTED	PENDING_EVIDENCE
STAGE0:R020:tiexue-R020-263-provisional	STAGE0_B_CLAIM	tiexue-R020-263-provisional	cangjie/reading/R007/wanming_receipts.jsonl	R059	n263/p30	MEDIUM	BACKLOG_EVALUATE_IF_SYSTEMIC_RISK	PROVISIONAL	原始私有EPUB回查、支持锚点、文学替代叙法损失与可检反例；不足继续B暂定	FROZEN_NOT_EXECUTED	PENDING_EVIDENCE
STAGE0:R020:tiexue-R020-266-provisional	STAGE0_B_CLAIM	tiexue-R020-266-provisional	cangjie/reading/R007/wanming_receipts.jsonl	R059	n266/p32	MEDIUM	BACKLOG_EVALUATE_IF_SYSTEMIC_RISK	PROVISIONAL	原始私有EPUB回查、支持锚点、文学替代叙法损失与可检反例；不足继续B暂定	FROZEN_NOT_EXECUTED	PENDING_EVIDENCE
STAGE0:R020:tiexue-R020-267-provisional	STAGE0_B_CLAIM	tiexue-R020-267-provisional	cangjie/reading/R007/wanming_receipts.jsonl	R059	n267/p32	MEDIUM	BACKLOG_EVALUATE_IF_SYSTEMIC_RISK	PROVISIONAL	原始私有EPUB回查、支持锚点、文学替代叙法损失与可检反例；不足继续B暂定	FROZEN_NOT_EXECUTED	PENDING_EVIDENCE
STAGE0:R020:tiexue-R020-268-provisional	STAGE0_B_CLAIM	tiexue-R020-268-provisional	cangjie/reading/R007/wanming_receipts.jsonl	R059	n268/p38	MEDIUM	BACKLOG_EVALUATE_IF_SYSTEMIC_RISK	PROVISIONAL	原始私有EPUB回查、支持锚点、文学替代叙法损失与可检反例；不足继续B暂定	FROZEN_NOT_EXECUTED	PENDING_EVIDENCE
STAGE0:R020:tiexue-R020-272-provisional	STAGE0_B_CLAIM	tiexue-R020-272-provisional	cangjie/reading/R007/wanming_receipts.jsonl	R059	n272/p37	MEDIUM	BACKLOG_EVALUATE_IF_SYSTEMIC_RISK	PROVISIONAL	原始私有EPUB回查、支持锚点、文学替代叙法损失与可检反例；不足继续B暂定	FROZEN_NOT_EXECUTED	PENDING_EVIDENCE
STAGE0:R020:tiexue-R020-280-provisional	STAGE0_B_CLAIM	tiexue-R020-280-provisional	cangjie/reading/R007/wanming_receipts.jsonl	R059	n280/p29	MEDIUM	PRESELECTED_FOR_R058_R059	PROVISIONAL	原始私有EPUB回查、支持锚点、文学替代叙法损失与可检反例；不足继续B暂定	FROZEN_NOT_EXECUTED	PENDING_EVIDENCE
STAGE0:R022:v13-r022-tiexue-281-candidate	STAGE0_B_CLAIM	v13-r022-tiexue-281-candidate	cangjie/reading/R007/wanming_receipts.jsonl	R059	n281/p33	MEDIUM	PRESELECTED_FOR_R058_R059	PROVISIONAL	原始私有EPUB回查、支持锚点、文学替代叙法损失与可检反例；不足继续B暂定	FROZEN_NOT_EXECUTED	PENDING_EVIDENCE
STAGE0:R022:v13-r022-tiexue-282-candidate	STAGE0_B_CLAIM	v13-r022-tiexue-282-candidate	cangjie/reading/R007/wanming_receipts.jsonl	R059	n282/p30	MEDIUM	BACKLOG_EVALUATE_IF_SYSTEMIC_RISK	PROVISIONAL	原始私有EPUB回查、支持锚点、文学替代叙法损失与可检反例；不足继续B暂定	FROZEN_NOT_EXECUTED	PENDING_EVIDENCE
STAGE0:R022:v13-r022-tiexue-283-candidate	STAGE0_B_CLAIM	v13-r022-tiexue-283-candidate	cangjie/reading/R007/wanming_receipts.jsonl	R059	n283/p24	MEDIUM	BACKLOG_EVALUATE_IF_SYSTEMIC_RISK	PROVISIONAL	原始私有EPUB回查、支持锚点、文学替代叙法损失与可检反例；不足继续B暂定	FROZEN_NOT_EXECUTED	PENDING_EVIDENCE
STAGE0:R022:v13-r022-tiexue-285-candidate	STAGE0_B_CLAIM	v13-r022-tiexue-285-candidate	cangjie/reading/R007/wanming_receipts.jsonl	R059	n285/p27	MEDIUM	BACKLOG_EVALUATE_IF_SYSTEMIC_RISK	PROVISIONAL	原始私有EPUB回查、支持锚点、文学替代叙法损失与可检反例；不足继续B暂定	FROZEN_NOT_EXECUTED	PENDING_EVIDENCE
STAGE0:R022:v13-r022-tiexue-286-candidate	STAGE0_B_CLAIM	v13-r022-tiexue-286-candidate	cangjie/reading/R007/wanming_receipts.jsonl	R059	n286/p27	MEDIUM	PRESELECTED_FOR_R058_R059	PROVISIONAL	原始私有EPUB回查、支持锚点、文学替代叙法损失与可检反例；不足继续B暂定	FROZEN_NOT_EXECUTED	PENDING_EVIDENCE
STAGE0:R022:v13-r022-tiexue-289-candidate	STAGE0_B_CLAIM	v13-r022-tiexue-289-candidate	cangjie/reading/R007/wanming_receipts.jsonl	R059	n289/p23	MEDIUM	BACKLOG_EVALUATE_IF_SYSTEMIC_RISK	PROVISIONAL	原始私有EPUB回查、支持锚点、文学替代叙法损失与可检反例；不足继续B暂定	FROZEN_NOT_EXECUTED	PENDING_EVIDENCE
STAGE0:R022:v13-r022-tiexue-290-candidate	STAGE0_B_CLAIM	v13-r022-tiexue-290-candidate	cangjie/reading/R007/wanming_receipts.jsonl	R059	n290/p33	MEDIUM	BACKLOG_EVALUATE_IF_SYSTEMIC_RISK	PROVISIONAL	原始私有EPUB回查、支持锚点、文学替代叙法损失与可检反例；不足继续B暂定	FROZEN_NOT_EXECUTED	PENDING_EVIDENCE
STAGE0:R022:v13-r022-tiexue-291-candidate	STAGE0_B_CLAIM	v13-r022-tiexue-291-candidate	cangjie/reading/R007/wanming_receipts.jsonl	R059	n291/p29	MEDIUM	BACKLOG_EVALUATE_IF_SYSTEMIC_RISK	PROVISIONAL	原始私有EPUB回查、支持锚点、文学替代叙法损失与可检反例；不足继续B暂定	FROZEN_NOT_EXECUTED	PENDING_EVIDENCE
STAGE0:R022:v13-r022-tiexue-293-candidate	STAGE0_B_CLAIM	v13-r022-tiexue-293-candidate	cangjie/reading/R007/wanming_receipts.jsonl	R059	n293/p30	MEDIUM	BACKLOG_EVALUATE_IF_SYSTEMIC_RISK	PROVISIONAL	原始私有EPUB回查、支持锚点、文学替代叙法损失与可检反例；不足继续B暂定	FROZEN_NOT_EXECUTED	PENDING_EVIDENCE
STAGE0:R022:v13-r022-tiexue-295-candidate	STAGE0_B_CLAIM	v13-r022-tiexue-295-candidate	cangjie/reading/R007/wanming_receipts.jsonl	R059	n295/p22	MEDIUM	PRESELECTED_FOR_R058_R059	PROVISIONAL	原始私有EPUB回查、支持锚点、文学替代叙法损失与可检反例；不足继续B暂定	FROZEN_NOT_EXECUTED	PENDING_EVIDENCE
STAGE0:R022:v13-r022-tiexue-298-candidate	STAGE0_B_CLAIM	v13-r022-tiexue-298-candidate	cangjie/reading/R007/wanming_receipts.jsonl	R059	n298/p23	MEDIUM	BACKLOG_EVALUATE_IF_SYSTEMIC_RISK	PROVISIONAL	原始私有EPUB回查、支持锚点、文学替代叙法损失与可检反例；不足继续B暂定	FROZEN_NOT_EXECUTED	PENDING_EVIDENCE
STAGE0:R022:v13-r022-tiexue-300-candidate	STAGE0_B_CLAIM	v13-r022-tiexue-300-candidate	cangjie/reading/R007/wanming_receipts.jsonl	R059	n300/p32	MEDIUM	BACKLOG_EVALUATE_IF_SYSTEMIC_RISK	PROVISIONAL	原始私有EPUB回查、支持锚点、文学替代叙法损失与可检反例；不足继续B暂定	FROZEN_NOT_EXECUTED	PENDING_EVIDENCE
STAGE0:R022:v13-r022-tiexue-301-candidate	STAGE0_B_CLAIM	v13-r022-tiexue-301-candidate	cangjie/reading/R007/wanming_receipts.jsonl	R059	n301/p34	MEDIUM	BACKLOG_EVALUATE_IF_SYSTEMIC_RISK	PROVISIONAL	原始私有EPUB回查、支持锚点、文学替代叙法损失与可检反例；不足继续B暂定	FROZEN_NOT_EXECUTED	PENDING_EVIDENCE
STAGE0:R022:v13-r022-tiexue-302-candidate	STAGE0_B_CLAIM	v13-r022-tiexue-302-candidate	cangjie/reading/R007/wanming_receipts.jsonl	R059	n302/p31	MEDIUM	BACKLOG_EVALUATE_IF_SYSTEMIC_RISK	PROVISIONAL	原始私有EPUB回查、支持锚点、文学替代叙法损失与可检反例；不足继续B暂定	FROZEN_NOT_EXECUTED	PENDING_EVIDENCE
STAGE0:R022:v13-r022-tiexue-303-candidate	STAGE0_B_CLAIM	v13-r022-tiexue-303-candidate	cangjie/reading/R007/wanming_receipts.jsonl	R059	n303/p32	MEDIUM	BACKLOG_EVALUATE_IF_SYSTEMIC_RISK	PROVISIONAL	原始私有EPUB回查、支持锚点、文学替代叙法损失与可检反例；不足继续B暂定	FROZEN_NOT_EXECUTED	PENDING_EVIDENCE
STAGE0:R022:v13-r022-tiexue-306-candidate	STAGE0_B_CLAIM	v13-r022-tiexue-306-candidate	cangjie/reading/R007/wanming_receipts.jsonl	R059	n306/p26	MEDIUM	BACKLOG_EVALUATE_IF_SYSTEMIC_RISK	PROVISIONAL	原始私有EPUB回查、支持锚点、文学替代叙法损失与可检反例；不足继续B暂定	FROZEN_NOT_EXECUTED	PENDING_EVIDENCE
STAGE0:R022:v13-r022-tiexue-307-candidate	STAGE0_B_CLAIM	v13-r022-tiexue-307-candidate	cangjie/reading/R007/wanming_receipts.jsonl	R059	n307/p25	MEDIUM	BACKLOG_EVALUATE_IF_SYSTEMIC_RISK	PROVISIONAL	原始私有EPUB回查、支持锚点、文学替代叙法损失与可检反例；不足继续B暂定	FROZEN_NOT_EXECUTED	PENDING_EVIDENCE
STAGE0:R022:v13-r022-tiexue-311-candidate	STAGE0_B_CLAIM	v13-r022-tiexue-311-candidate	cangjie/reading/R007/wanming_receipts.jsonl	R059	n311/p30	MEDIUM	BACKLOG_EVALUATE_IF_SYSTEMIC_RISK	PROVISIONAL	原始私有EPUB回查、支持锚点、文学替代叙法损失与可检反例；不足继续B暂定	FROZEN_NOT_EXECUTED	PENDING_EVIDENCE
STAGE0:R022:v13-r022-tiexue-315-candidate	STAGE0_B_CLAIM	v13-r022-tiexue-315-candidate	cangjie/reading/R007/wanming_receipts.jsonl	R059	n315/p20	MEDIUM	BACKLOG_EVALUATE_IF_SYSTEMIC_RISK	PROVISIONAL	原始私有EPUB回查、支持锚点、文学替代叙法损失与可检反例；不足继续B暂定	FROZEN_NOT_EXECUTED	PENDING_EVIDENCE
STAGE0:R022:v13-r022-tiexue-320-candidate	STAGE0_B_CLAIM	v13-r022-tiexue-320-candidate	cangjie/reading/R007/wanming_receipts.jsonl	R059	n320/p37	MEDIUM	PRESELECTED_FOR_R058_R059	PROVISIONAL	原始私有EPUB回查、支持锚点、文学替代叙法损失与可检反例；不足继续B暂定	FROZEN_NOT_EXECUTED	PENDING_EVIDENCE
STAGE0:R024:R024-321-C1	STAGE0_B_CLAIM	R024-321-C1	cangjie/reading/R007/wanming_receipts.jsonl	R059	n321/p2	MEDIUM	PRESELECTED_FOR_R058_R059	PROVISIONAL	原始私有EPUB回查、支持锚点、文学替代叙法损失与可检反例；不足继续B暂定	FROZEN_NOT_EXECUTED	PENDING_EVIDENCE
STAGE0:R024:R024-324-C1	STAGE0_B_CLAIM	R024-324-C1	cangjie/reading/R007/wanming_receipts.jsonl	R059	n324/p2	MEDIUM	BACKLOG_EVALUATE_IF_SYSTEMIC_RISK	PROVISIONAL	原始私有EPUB回查、支持锚点、文学替代叙法损失与可检反例；不足继续B暂定	FROZEN_NOT_EXECUTED	PENDING_EVIDENCE
STAGE0:R024:R024-328-C1	STAGE0_B_CLAIM	R024-328-C1	cangjie/reading/R007/wanming_receipts.jsonl	R059	n328/p2	MEDIUM	BACKLOG_EVALUATE_IF_SYSTEMIC_RISK	PROVISIONAL	原始私有EPUB回查、支持锚点、文学替代叙法损失与可检反例；不足继续B暂定	FROZEN_NOT_EXECUTED	PENDING_EVIDENCE
STAGE0:R024:R024-329-C1	STAGE0_B_CLAIM	R024-329-C1	cangjie/reading/R007/wanming_receipts.jsonl	R059	n329/p2	MEDIUM	BACKLOG_EVALUATE_IF_SYSTEMIC_RISK	PROVISIONAL	原始私有EPUB回查、支持锚点、文学替代叙法损失与可检反例；不足继续B暂定	FROZEN_NOT_EXECUTED	PENDING_EVIDENCE
STAGE0:R024:R024-331-C1	STAGE0_B_CLAIM	R024-331-C1	cangjie/reading/R007/wanming_receipts.jsonl	R059	n331/p2	MEDIUM	BACKLOG_EVALUATE_IF_SYSTEMIC_RISK	PROVISIONAL	原始私有EPUB回查、支持锚点、文学替代叙法损失与可检反例；不足继续B暂定	FROZEN_NOT_EXECUTED	PENDING_EVIDENCE
STAGE0:R024:R024-333-C1	STAGE0_B_CLAIM	R024-333-C1	cangjie/reading/R007/wanming_receipts.jsonl	R059	n333/p2	MEDIUM	BACKLOG_EVALUATE_IF_SYSTEMIC_RISK	PROVISIONAL	原始私有EPUB回查、支持锚点、文学替代叙法损失与可检反例；不足继续B暂定	FROZEN_NOT_EXECUTED	PENDING_EVIDENCE
STAGE0:R024:R024-336-C1	STAGE0_B_CLAIM	R024-336-C1	cangjie/reading/R007/wanming_receipts.jsonl	R059	n336/p2	MEDIUM	BACKLOG_EVALUATE_IF_SYSTEMIC_RISK	PROVISIONAL	原始私有EPUB回查、支持锚点、文学替代叙法损失与可检反例；不足继续B暂定	FROZEN_NOT_EXECUTED	PENDING_EVIDENCE
STAGE0:R024:R024-337-C1	STAGE0_B_CLAIM	R024-337-C1	cangjie/reading/R007/wanming_receipts.jsonl	R059	n337/p2	MEDIUM	BACKLOG_EVALUATE_IF_SYSTEMIC_RISK	PROVISIONAL	原始私有EPUB回查、支持锚点、文学替代叙法损失与可检反例；不足继续B暂定	FROZEN_NOT_EXECUTED	PENDING_EVIDENCE
STAGE0:R024:R024-340-C1	STAGE0_B_CLAIM	R024-340-C1	cangjie/reading/R007/wanming_receipts.jsonl	R059	n340/p2	MEDIUM	BACKLOG_EVALUATE_IF_SYSTEMIC_RISK	PROVISIONAL	原始私有EPUB回查、支持锚点、文学替代叙法损失与可检反例；不足继续B暂定	FROZEN_NOT_EXECUTED	PENDING_EVIDENCE
STAGE0:R024:R024-341-C1	STAGE0_B_CLAIM	R024-341-C1	cangjie/reading/R007/wanming_receipts.jsonl	R059	n341/p2	MEDIUM	PRESELECTED_FOR_R058_R059	PROVISIONAL	原始私有EPUB回查、支持锚点、文学替代叙法损失与可检反例；不足继续B暂定	FROZEN_NOT_EXECUTED	PENDING_EVIDENCE
STAGE0:R024:R024-343-C1	STAGE0_B_CLAIM	R024-343-C1	cangjie/reading/R007/wanming_receipts.jsonl	R059	n343/p2	MEDIUM	BACKLOG_EVALUATE_IF_SYSTEMIC_RISK	PROVISIONAL	原始私有EPUB回查、支持锚点、文学替代叙法损失与可检反例；不足继续B暂定	FROZEN_NOT_EXECUTED	PENDING_EVIDENCE
STAGE0:R024:R024-344-C1	STAGE0_B_CLAIM	R024-344-C1	cangjie/reading/R007/wanming_receipts.jsonl	R059	n344/p2	MEDIUM	BACKLOG_EVALUATE_IF_SYSTEMIC_RISK	PROVISIONAL	原始私有EPUB回查、支持锚点、文学替代叙法损失与可检反例；不足继续B暂定	FROZEN_NOT_EXECUTED	PENDING_EVIDENCE
STAGE0:R024:R024-345-C1	STAGE0_B_CLAIM	R024-345-C1	cangjie/reading/R007/wanming_receipts.jsonl	R059	n345/p2	MEDIUM	BACKLOG_EVALUATE_IF_SYSTEMIC_RISK	PROVISIONAL	原始私有EPUB回查、支持锚点、文学替代叙法损失与可检反例；不足继续B暂定	FROZEN_NOT_EXECUTED	PENDING_EVIDENCE
STAGE0:R024:R024-346-C1	STAGE0_B_CLAIM	R024-346-C1	cangjie/reading/R007/wanming_receipts.jsonl	R059	n346/p2	MEDIUM	BACKLOG_EVALUATE_IF_SYSTEMIC_RISK	PROVISIONAL	原始私有EPUB回查、支持锚点、文学替代叙法损失与可检反例；不足继续B暂定	FROZEN_NOT_EXECUTED	PENDING_EVIDENCE
STAGE0:R024:R024-347-C1	STAGE0_B_CLAIM	R024-347-C1	cangjie/reading/R007/wanming_receipts.jsonl	R059	n347/p2	MEDIUM	BACKLOG_EVALUATE_IF_SYSTEMIC_RISK	PROVISIONAL	原始私有EPUB回查、支持锚点、文学替代叙法损失与可检反例；不足继续B暂定	FROZEN_NOT_EXECUTED	PENDING_EVIDENCE
STAGE0:R024:R024-350-C1	STAGE0_B_CLAIM	R024-350-C1	cangjie/reading/R007/wanming_receipts.jsonl	R059	n350/p2	MEDIUM	BACKLOG_EVALUATE_IF_SYSTEMIC_RISK	PROVISIONAL	原始私有EPUB回查、支持锚点、文学替代叙法损失与可检反例；不足继续B暂定	FROZEN_NOT_EXECUTED	PENDING_EVIDENCE
STAGE0:R024:R024-352-C1	STAGE0_B_CLAIM	R024-352-C1	cangjie/reading/R007/wanming_receipts.jsonl	R059	n352/p2	MEDIUM	BACKLOG_EVALUATE_IF_SYSTEMIC_RISK	PROVISIONAL	原始私有EPUB回查、支持锚点、文学替代叙法损失与可检反例；不足继续B暂定	FROZEN_NOT_EXECUTED	PENDING_EVIDENCE
STAGE0:R024:R024-355-C1	STAGE0_B_CLAIM	R024-355-C1	cangjie/reading/R007/wanming_receipts.jsonl	R059	n355/p2	MEDIUM	BACKLOG_EVALUATE_IF_SYSTEMIC_RISK	PROVISIONAL	原始私有EPUB回查、支持锚点、文学替代叙法损失与可检反例；不足继续B暂定	FROZEN_NOT_EXECUTED	PENDING_EVIDENCE
STAGE0:R024:R024-357-C1	STAGE0_B_CLAIM	R024-357-C1	cangjie/reading/R007/wanming_receipts.jsonl	R059	n357/p2	MEDIUM	BACKLOG_EVALUATE_IF_SYSTEMIC_RISK	PROVISIONAL	原始私有EPUB回查、支持锚点、文学替代叙法损失与可检反例；不足继续B暂定	FROZEN_NOT_EXECUTED	PENDING_EVIDENCE
STAGE0:R024:R024-360-C1	STAGE0_B_CLAIM	R024-360-C1	cangjie/reading/R007/wanming_receipts.jsonl	R059	n360/p2	MEDIUM	PRESELECTED_FOR_R058_R059	PROVISIONAL	原始私有EPUB回查、支持锚点、文学替代叙法损失与可检反例；不足继续B暂定	FROZEN_NOT_EXECUTED	PENDING_EVIDENCE
LEGACY:tx-r008-033	LEGACY_R042_QUARANTINE	tx-r008-033	gates/R057_LEGACY_QUARANTINE.tsv	R061	n33/p1	HIGH_SEPARATE_LEGACY	ALL_14_MUST_RECHECK	NO_DIRECT_PROMOTION_RECONSTRUCT_FROM_SOURCE	逐条原文、旧错因、边界及明确隔离/重建/有据否决	FROZEN_NOT_EXECUTED	PENDING_EVIDENCE
LEGACY:wanming-R013-143-narrative-candidate	LEGACY_R042_QUARANTINE	wanming-R013-143-narrative-candidate	gates/R057_LEGACY_QUARANTINE.tsv	R060	n143/p29	HIGH_SEPARATE_LEGACY	ALL_14_MUST_RECHECK	NO_DIRECT_PROMOTION_RECONSTRUCT_FROM_SOURCE	逐条原文、旧错因、边界及明确隔离/重建/有据否决	FROZEN_NOT_EXECUTED	PENDING_EVIDENCE
LEGACY:wanming-R017-220-candidate	LEGACY_R042_QUARANTINE	wanming-R017-220-candidate	gates/R057_LEGACY_QUARANTINE.tsv	R060	n220/p24	HIGH_SEPARATE_LEGACY	ALL_14_MUST_RECHECK	NO_DIRECT_PROMOTION_RECONSTRUCT_FROM_SOURCE	逐条原文、旧错因、边界及明确隔离/重建/有据否决	FROZEN_NOT_EXECUTED	PENDING_EVIDENCE
LEGACY:v13-R018-tiexue-226-candidate	LEGACY_R042_QUARANTINE	v13-R018-tiexue-226-candidate	gates/R057_LEGACY_QUARANTINE.tsv	R061	n226/p36	HIGH_SEPARATE_LEGACY	ALL_14_MUST_RECHECK	NO_DIRECT_PROMOTION_RECONSTRUCT_FROM_SOURCE	逐条原文、旧错因、边界及明确隔离/重建/有据否决	FROZEN_NOT_EXECUTED	PENDING_EVIDENCE
LEGACY:v13-r023-wanming-339-candidate	LEGACY_R042_QUARANTINE	v13-r023-wanming-339-candidate	gates/R057_LEGACY_QUARANTINE.tsv	R060	n339/p28	HIGH_SEPARATE_LEGACY	ALL_14_MUST_RECHECK	NO_DIRECT_PROMOTION_RECONSTRUCT_FROM_SOURCE	逐条原文、旧错因、边界及明确隔离/重建/有据否决	FROZEN_NOT_EXECUTED	PENDING_EVIDENCE
LEGACY:wm-r009-65-candidate	LEGACY_R042_QUARANTINE	wm-r009-65-candidate	gates/R057_LEGACY_QUARANTINE.tsv	R060	n65/p1	HIGH_SEPARATE_LEGACY	ALL_14_MUST_RECHECK	NO_DIRECT_PROMOTION_RECONSTRUCT_FROM_SOURCE	逐条原文、旧错因、边界及明确隔离/重建/有据否决	FROZEN_NOT_EXECUTED	PENDING_EVIDENCE
LEGACY:wm-r011-99-candidate	LEGACY_R042_QUARANTINE	wm-r011-99-candidate	gates/R057_LEGACY_QUARANTINE.tsv	R060	n99/p28	HIGH_SEPARATE_LEGACY	ALL_14_MUST_RECHECK	NO_DIRECT_PROMOTION_RECONSTRUCT_FROM_SOURCE	逐条原文、旧错因、边界及明确隔离/重建/有据否决	FROZEN_NOT_EXECUTED	PENDING_EVIDENCE
LEGACY:tx-r012-109	LEGACY_R042_QUARANTINE	tx-r012-109	gates/R057_LEGACY_QUARANTINE.tsv	R061	n109/p40	HIGH_SEPARATE_LEGACY	ALL_14_MUST_RECHECK	NO_DIRECT_PROMOTION_RECONSTRUCT_FROM_SOURCE	逐条原文、旧错因、边界及明确隔离/重建/有据否决	FROZEN_NOT_EXECUTED	PENDING_EVIDENCE
LEGACY:tx-r014-153-candidate	LEGACY_R042_QUARANTINE	tx-r014-153-candidate	gates/R057_LEGACY_QUARANTINE.tsv	R061	n153/p22	HIGH_SEPARATE_LEGACY	ALL_14_MUST_RECHECK	NO_DIRECT_PROMOTION_RECONSTRUCT_FROM_SOURCE	逐条原文、旧错因、边界及明确隔离/重建/有据否决	FROZEN_NOT_EXECUTED	PENDING_EVIDENCE
LEGACY:tiexue-R016-180-candidate	LEGACY_R042_QUARANTINE	tiexue-R016-180-candidate	gates/R057_LEGACY_QUARANTINE.tsv	R061	n180/p38	HIGH_SEPARATE_LEGACY	ALL_14_MUST_RECHECK	NO_DIRECT_PROMOTION_RECONSTRUCT_FROM_SOURCE	逐条原文、旧错因、边界及明确隔离/重建/有据否决	FROZEN_NOT_EXECUTED	PENDING_EVIDENCE
LEGACY:v13-r019-wanming-265-candidate	LEGACY_R042_QUARANTINE	v13-r019-wanming-265-candidate	gates/R057_LEGACY_QUARANTINE.tsv	R060	n265/p28	HIGH_SEPARATE_LEGACY	ALL_14_MUST_RECHECK	NO_DIRECT_PROMOTION_RECONSTRUCT_FROM_SOURCE	逐条原文、旧错因、边界及明确隔离/重建/有据否决	FROZEN_NOT_EXECUTED	PENDING_EVIDENCE
LEGACY:tiexue-R020-254-provisional	LEGACY_R042_QUARANTINE	tiexue-R020-254-provisional	gates/R057_LEGACY_QUARANTINE.tsv	R061	n254/p37	HIGH_SEPARATE_LEGACY	ALL_14_MUST_RECHECK	NO_DIRECT_PROMOTION_RECONSTRUCT_FROM_SOURCE	逐条原文、旧错因、边界及明确隔离/重建/有据否决	FROZEN_NOT_EXECUTED	PENDING_EVIDENCE
LEGACY:V13-R021-wanming-305-candidate	LEGACY_R042_QUARANTINE	V13-R021-wanming-305-candidate	gates/R057_LEGACY_QUARANTINE.tsv	R060	n305/p32	HIGH_SEPARATE_LEGACY	ALL_14_MUST_RECHECK	NO_DIRECT_PROMOTION_RECONSTRUCT_FROM_SOURCE	逐条原文、旧错因、边界及明确隔离/重建/有据否决	FROZEN_NOT_EXECUTED	PENDING_EVIDENCE
LEGACY:v13-r022-tiexue-286-candidate	LEGACY_R042_QUARANTINE	v13-r022-tiexue-286-candidate	gates/R057_LEGACY_QUARANTINE.tsv	R061	n286/p27	HIGH_SEPARATE_LEGACY	ALL_14_MUST_RECHECK	NO_DIRECT_PROMOTION_RECONSTRUCT_FROM_SOURCE	逐条原文、旧错因、边界及明确隔离/重建/有据否决	FROZEN_NOT_EXECUTED	PENDING_EVIDENCE
V1:WM-f03	V1_SOURCE_REVIEW	WM-f03	gates/R057_REPAIR_V1_39_QUEUE.tsv	R063	n052/p28;n070/p36;n494/p17;n514/p34	P0_FIRST_WAVE	ALL_39_MUST_RECHECK	V1_REVIEW	原文上下文及反例，狭义V1 PASS/继续REVIEW/有据REJECTED	FROZEN_NOT_EXECUTED	PENDING_EVIDENCE
V1:WM-f05	V1_SOURCE_REVIEW	WM-f05	gates/R057_REPAIR_V1_39_QUEUE.tsv	R063	n089/p1;n089/p18;n089/p26;n111/p1;n488/p2	P1_FULL_FOLLOWUP	ALL_39_MUST_RECHECK	V1_REVIEW	原文上下文及反例，狭义V1 PASS/继续REVIEW/有据REJECTED	FROZEN_NOT_EXECUTED	PENDING_EVIDENCE
V1:WM-f07	V1_SOURCE_REVIEW	WM-f07	gates/R057_REPAIR_V1_39_QUEUE.tsv	R063	n140/p36;n220/p35;n220/p42;n248/p35	P0_FIRST_WAVE	ALL_39_MUST_RECHECK	V1_REVIEW	原文上下文及反例，狭义V1 PASS/继续REVIEW/有据REJECTED	FROZEN_NOT_EXECUTED	PENDING_EVIDENCE
V1:WM-f09	V1_SOURCE_REVIEW	WM-f09	gates/R057_REPAIR_V1_39_QUEUE.tsv	R063	n099/p18;n297/p1;n345/p29;n437/p6	P1_FULL_FOLLOWUP	ALL_39_MUST_RECHECK	V1_REVIEW	原文上下文及反例，狭义V1 PASS/继续REVIEW/有据REJECTED	FROZEN_NOT_EXECUTED	PENDING_EVIDENCE
V1:WM-f15	V1_SOURCE_REVIEW	WM-f15	gates/R057_REPAIR_V1_39_QUEUE.tsv	R063	n390/p25;n494/p17;n514/p34;n561/p45	P1_FULL_FOLLOWUP	ALL_39_MUST_RECHECK	V1_REVIEW	原文上下文及反例，狭义V1 PASS/继续REVIEW/有据REJECTED	FROZEN_NOT_EXECUTED	PENDING_EVIDENCE
V1:WM-f17	V1_SOURCE_REVIEW	WM-f17	gates/R057_REPAIR_V1_39_QUEUE.tsv	R063	n089/p26;n305/p35;n529/p38;n529/p40;n530/p1	P0_FIRST_WAVE	ALL_39_MUST_RECHECK	V1_REVIEW	原文上下文及反例，狭义V1 PASS/继续REVIEW/有据REJECTED	FROZEN_NOT_EXECUTED	PENDING_EVIDENCE
V1:WM-p02	V1_SOURCE_REVIEW	WM-p02	gates/R057_REPAIR_V1_39_QUEUE.tsv	R063	n048/p17;n099/p18	P1_FULL_FOLLOWUP	ALL_39_MUST_RECHECK	V1_REVIEW	原文上下文及反例，狭义V1 PASS/继续REVIEW/有据REJECTED	FROZEN_NOT_EXECUTED	PENDING_EVIDENCE
V1:WM-p09	V1_SOURCE_REVIEW	WM-p09	gates/R057_REPAIR_V1_39_QUEUE.tsv	R063	n155/p30;n305/p29	P0_FIRST_WAVE	ALL_39_MUST_RECHECK	V1_REVIEW	原文上下文及反例，狭义V1 PASS/继续REVIEW/有据REJECTED	FROZEN_NOT_EXECUTED	PENDING_EVIDENCE
V1:WM-p10	V1_SOURCE_REVIEW	WM-p10	gates/R057_REPAIR_V1_39_QUEUE.tsv	R063	n222/p28;n390/p25	P1_FULL_FOLLOWUP	ALL_39_MUST_RECHECK	V1_REVIEW	原文上下文及反例，狭义V1 PASS/继续REVIEW/有据REJECTED	FROZEN_NOT_EXECUTED	PENDING_EVIDENCE
V1:WM-p11	V1_SOURCE_REVIEW	WM-p11	gates/R057_REPAIR_V1_39_QUEUE.tsv	R063	n295/p3;n425/p40	P1_FULL_FOLLOWUP	ALL_39_MUST_RECHECK	V1_REVIEW	原文上下文及反例，狭义V1 PASS/继续REVIEW/有据REJECTED	FROZEN_NOT_EXECUTED	PENDING_EVIDENCE
V1:WM-p15	V1_SOURCE_REVIEW	WM-p15	gates/R057_REPAIR_V1_39_QUEUE.tsv	R063	n390/p25;n494/p17	P1_FULL_FOLLOWUP	ALL_39_MUST_RECHECK	V1_REVIEW	原文上下文及反例，狭义V1 PASS/继续REVIEW/有据REJECTED	FROZEN_NOT_EXECUTED	PENDING_EVIDENCE
V1:WM-p16	V1_SOURCE_REVIEW	WM-p16	gates/R057_REPAIR_V1_39_QUEUE.tsv	R063	n425/p27;n425/p40	P0_FIRST_WAVE	ALL_39_MUST_RECHECK	V1_REVIEW	原文上下文及反例，狭义V1 PASS/继续REVIEW/有据REJECTED	FROZEN_NOT_EXECUTED	PENDING_EVIDENCE
V1:WM-p17	V1_SOURCE_REVIEW	WM-p17	gates/R057_REPAIR_V1_39_QUEUE.tsv	R063	n425/p40;n425/p35	P1_FULL_FOLLOWUP	ALL_39_MUST_RECHECK	V1_REVIEW	原文上下文及反例，狭义V1 PASS/继续REVIEW/有据REJECTED	FROZEN_NOT_EXECUTED	PENDING_EVIDENCE
V1:WM-p22	V1_SOURCE_REVIEW	WM-p22	gates/R057_REPAIR_V1_39_QUEUE.tsv	R063	n530/p1;n099/p18	P1_FULL_FOLLOWUP	ALL_39_MUST_RECHECK	V1_REVIEW	原文上下文及反例，狭义V1 PASS/继续REVIEW/有据REJECTED	FROZEN_NOT_EXECUTED	PENDING_EVIDENCE
V1:WM-c05	V1_SOURCE_REVIEW	WM-c05	gates/R057_REPAIR_V1_39_QUEUE.tsv	R063	n099/p18;n099/p19	P1_FULL_FOLLOWUP	ALL_39_MUST_RECHECK	V1_REVIEW	原文上下文及反例，狭义V1 PASS/继续REVIEW/有据REJECTED	FROZEN_NOT_EXECUTED	PENDING_EVIDENCE
V1:WM-c11	V1_SOURCE_REVIEW	WM-c11	gates/R057_REPAIR_V1_39_QUEUE.tsv	R063	n437/p6;n437/p29;n437/p31	P1_FULL_FOLLOWUP	ALL_39_MUST_RECHECK	V1_REVIEW	原文上下文及反例，狭义V1 PASS/继续REVIEW/有据REJECTED	FROZEN_NOT_EXECUTED	PENDING_EVIDENCE
V1:WM-ce06	V1_SOURCE_REVIEW	WM-ce06	gates/R057_REPAIR_V1_39_QUEUE.tsv	R063	n099/p17;n099/p18;n099/p19	P1_FULL_FOLLOWUP	ALL_39_MUST_RECHECK	V1_REVIEW	原文上下文及反例，狭义V1 PASS/继续REVIEW/有据REJECTED	FROZEN_NOT_EXECUTED	PENDING_EVIDENCE
V1:WM-ce08	V1_SOURCE_REVIEW	WM-ce08	gates/R057_REPAIR_V1_39_QUEUE.tsv	R063	n155/p28;n155/p30	P1_FULL_FOLLOWUP	ALL_39_MUST_RECHECK	V1_REVIEW	原文上下文及反例，狭义V1 PASS/继续REVIEW/有据REJECTED	FROZEN_NOT_EXECUTED	PENDING_EVIDENCE
V1:WM-ce12	V1_SOURCE_REVIEW	WM-ce12	gates/R057_REPAIR_V1_39_QUEUE.tsv	R063	n380/p25;n380/p27;n380/p28	P1_FULL_FOLLOWUP	ALL_39_MUST_RECHECK	V1_REVIEW	原文上下文及反例，狭义V1 PASS/继续REVIEW/有据REJECTED	FROZEN_NOT_EXECUTED	PENDING_EVIDENCE
V1:WM-ce13	V1_SOURCE_REVIEW	WM-ce13	gates/R057_REPAIR_V1_39_QUEUE.tsv	R063	n425/p25;n425/p26;n425/p35;n425/p40	P1_FULL_FOLLOWUP	ALL_39_MUST_RECHECK	V1_REVIEW	原文上下文及反例，狭义V1 PASS/继续REVIEW/有据REJECTED	FROZEN_NOT_EXECUTED	PENDING_EVIDENCE
V1:WM-ce15	V1_SOURCE_REVIEW	WM-ce15	gates/R057_REPAIR_V1_39_QUEUE.tsv	R063	n494/p8;n494/p11;n494/p18	P0_FIRST_WAVE	ALL_39_MUST_RECHECK	V1_REVIEW	原文上下文及反例，狭义V1 PASS/继续REVIEW/有据REJECTED	FROZEN_NOT_EXECUTED	PENDING_EVIDENCE
V1:WM-ce17	V1_SOURCE_REVIEW	WM-ce17	gates/R057_REPAIR_V1_39_QUEUE.tsv	R063	n519/p66;n519/p67;n519/p69;n519/p70;n520/p15;n520/p17	P0_FIRST_WAVE	ALL_39_MUST_RECHECK	V1_REVIEW	原文上下文及反例，狭义V1 PASS/继续REVIEW/有据REJECTED	FROZEN_NOT_EXECUTED	PENDING_EVIDENCE
V1:WM-ce18	V1_SOURCE_REVIEW	WM-ce18	gates/R057_REPAIR_V1_39_QUEUE.tsv	R063	n529/p38;n529/p40;n529/p41	P1_FULL_FOLLOWUP	ALL_39_MUST_RECHECK	V1_REVIEW	原文上下文及反例，狭义V1 PASS/继续REVIEW/有据REJECTED	FROZEN_NOT_EXECUTED	PENDING_EVIDENCE
V1:TX-f06	V1_SOURCE_REVIEW	TX-f06	gates/R057_REPAIR_V1_39_QUEUE.tsv	R064	n114/p27;n114/p29;n531/p8	P0_FIRST_WAVE	ALL_39_MUST_RECHECK	V1_REVIEW	原文上下文及反例，狭义V1 PASS/继续REVIEW/有据REJECTED	FROZEN_NOT_EXECUTED	PENDING_EVIDENCE
V1:TX-f07	V1_SOURCE_REVIEW	TX-f07	gates/R057_REPAIR_V1_39_QUEUE.tsv	R064	n315/p40;n320/p36;n420/p2;n485/p23	P0_FIRST_WAVE	ALL_39_MUST_RECHECK	V1_REVIEW	原文上下文及反例，狭义V1 PASS/继续REVIEW/有据REJECTED	FROZEN_NOT_EXECUTED	PENDING_EVIDENCE
V1:TX-f14	V1_SOURCE_REVIEW	TX-f14	gates/R057_REPAIR_V1_39_QUEUE.tsv	R064	n285/p5;n285/p6;n490/p28	P1_FULL_FOLLOWUP	ALL_39_MUST_RECHECK	V1_REVIEW	原文上下文及反例，狭义V1 PASS/继续REVIEW/有据REJECTED	FROZEN_NOT_EXECUTED	PENDING_EVIDENCE
V1:TX-f17	V1_SOURCE_REVIEW	TX-f17	gates/R057_REPAIR_V1_39_QUEUE.tsv	R064	n174/p23;n174/p24;n361/p35;n361/p36;n527/p30;n527/p31	P0_FIRST_WAVE	ALL_39_MUST_RECHECK	V1_REVIEW	原文上下文及反例，狭义V1 PASS/继续REVIEW/有据REJECTED	FROZEN_NOT_EXECUTED	PENDING_EVIDENCE
V1:TX-p10	V1_SOURCE_REVIEW	TX-p10	gates/R057_REPAIR_V1_39_QUEUE.tsv	R064	n175/p23;n531/p25;n531/p26	P1_FULL_FOLLOWUP	ALL_39_MUST_RECHECK	V1_REVIEW	原文上下文及反例，狭义V1 PASS/继续REVIEW/有据REJECTED	FROZEN_NOT_EXECUTED	PENDING_EVIDENCE
V1:TX-p16	V1_SOURCE_REVIEW	TX-p16	gates/R057_REPAIR_V1_39_QUEUE.tsv	R064	n420/p2;n430/p59;n475/p25	P1_FULL_FOLLOWUP	ALL_39_MUST_RECHECK	V1_REVIEW	原文上下文及反例，狭义V1 PASS/继续REVIEW/有据REJECTED	FROZEN_NOT_EXECUTED	PENDING_EVIDENCE
V1:TX-p22	V1_SOURCE_REVIEW	TX-p22	gates/R057_REPAIR_V1_39_QUEUE.tsv	R064	n103/p16;n103/p18	P1_FULL_FOLLOWUP	ALL_39_MUST_RECHECK	V1_REVIEW	原文上下文及反例，狭义V1 PASS/继续REVIEW/有据REJECTED	FROZEN_NOT_EXECUTED	PENDING_EVIDENCE
V1:TX-c05	V1_SOURCE_REVIEW	TX-c05	gates/R057_REPAIR_V1_39_QUEUE.tsv	R064	n095/p28;n095/p35;n095/p36	P1_FULL_FOLLOWUP	ALL_39_MUST_RECHECK	V1_REVIEW	原文上下文及反例，狭义V1 PASS/继续REVIEW/有据REJECTED	FROZEN_NOT_EXECUTED	PENDING_EVIDENCE
V1:TX-ce01	V1_SOURCE_REVIEW	TX-ce01	gates/R057_REPAIR_V1_39_QUEUE.tsv	R064	n013/p34;n013/p52;n013/p56	P1_FULL_FOLLOWUP	ALL_39_MUST_RECHECK	V1_REVIEW	原文上下文及反例，狭义V1 PASS/继续REVIEW/有据REJECTED	FROZEN_NOT_EXECUTED	PENDING_EVIDENCE
V1:TX-ce08	V1_SOURCE_REVIEW	TX-ce08	gates/R057_REPAIR_V1_39_QUEUE.tsv	R064	n165/p1;n165/p5;n165/p80	P0_FIRST_WAVE	ALL_39_MUST_RECHECK	V1_REVIEW	原文上下文及反例，狭义V1 PASS/继续REVIEW/有据REJECTED	FROZEN_NOT_EXECUTED	PENDING_EVIDENCE
V1:TX-ce09	V1_SOURCE_REVIEW	TX-ce09	gates/R057_REPAIR_V1_39_QUEUE.tsv	R064	n174/p13;n174/p37;n174/p39	P1_FULL_FOLLOWUP	ALL_39_MUST_RECHECK	V1_REVIEW	原文上下文及反例，狭义V1 PASS/继续REVIEW/有据REJECTED	FROZEN_NOT_EXECUTED	PENDING_EVIDENCE
V1:TX-ce10	V1_SOURCE_REVIEW	TX-ce10	gates/R057_REPAIR_V1_39_QUEUE.tsv	R064	n180/p12;n180/p20;n180/p29	P1_FULL_FOLLOWUP	ALL_39_MUST_RECHECK	V1_REVIEW	原文上下文及反例，狭义V1 PASS/继续REVIEW/有据REJECTED	FROZEN_NOT_EXECUTED	PENDING_EVIDENCE
V1:TX-ce12	V1_SOURCE_REVIEW	TX-ce12	gates/R057_REPAIR_V1_39_QUEUE.tsv	R064	n213/p2;n213/p5;n213/p18;n213/p21	P0_FIRST_WAVE	ALL_39_MUST_RECHECK	V1_REVIEW	原文上下文及反例，狭义V1 PASS/继续REVIEW/有据REJECTED	FROZEN_NOT_EXECUTED	PENDING_EVIDENCE
V1:TX-ce14	V1_SOURCE_REVIEW	TX-ce14	gates/R057_REPAIR_V1_39_QUEUE.tsv	R064	n357/p49;n357/p58;n357/p60	P1_FULL_FOLLOWUP	ALL_39_MUST_RECHECK	V1_REVIEW	原文上下文及反例，狭义V1 PASS/继续REVIEW/有据REJECTED	FROZEN_NOT_EXECUTED	PENDING_EVIDENCE
V1:TX-ce15	V1_SOURCE_REVIEW	TX-ce15	gates/R057_REPAIR_V1_39_QUEUE.tsv	R064	n361/p34;n361/p35;n361/p36	P0_FIRST_WAVE	ALL_39_MUST_RECHECK	V1_REVIEW	原文上下文及反例，狭义V1 PASS/继续REVIEW/有据REJECTED	FROZEN_NOT_EXECUTED	PENDING_EVIDENCE
V1:TX-ce18	V1_SOURCE_REVIEW	TX-ce18	gates/R057_REPAIR_V1_39_QUEUE.tsv	R064	n490/p28;n490/p30;n505/p8	P0_FIRST_WAVE	ALL_39_MUST_RECHECK	V1_REVIEW	原文上下文及反例，狭义V1 PASS/继续REVIEW/有据REJECTED	FROZEN_NOT_EXECUTED	PENDING_EVIDENCE
V2:WM-f11	V2_EXECUTABILITY_NOT_TESTED	WM-f11	gates/R057_REPAIR_V2_11_TEST_DESIGNS.tsv	R065	n265/p21;n265/p29;n425/p27	PRIOR_V1_PASS	ALL_11_MUST_ACTUALLY_TEST	V2_NOT_TESTED	先冻结新题及验收标准，再真实演练、记录失败/未知	FROZEN_NOT_EXECUTED	PENDING_EVIDENCE
V2:WM-f16	V2_EXECUTABILITY_NOT_TESTED	WM-f16	gates/R057_REPAIR_V2_11_TEST_DESIGNS.tsv	R065	n345/p29;n437/p6;n437/p29	PRIOR_V1_PASS	ALL_11_MUST_ACTUALLY_TEST	V2_NOT_TESTED	先冻结新题及验收标准，再真实演练、记录失败/未知	FROZEN_NOT_EXECUTED	PENDING_EVIDENCE
V2:WM-p06	V2_EXECUTABILITY_NOT_TESTED	WM-p06	gates/R057_REPAIR_V2_11_TEST_DESIGNS.tsv	R065	n140/p30;n140/p36	PRIOR_V1_PASS	ALL_11_MUST_ACTUALLY_TEST	V2_NOT_TESTED	先冻结新题及验收标准，再真实演练、记录失败/未知	FROZEN_NOT_EXECUTED	PENDING_EVIDENCE
V2:WM-p13	V2_EXECUTABILITY_NOT_TESTED	WM-p13	gates/R057_REPAIR_V2_11_TEST_DESIGNS.tsv	R065	n305/p35;n305/p36;n520/p17	PRIOR_V1_PASS	ALL_11_MUST_ACTUALLY_TEST	V2_NOT_TESTED	先冻结新题及验收标准，再真实演练、记录失败/未知	FROZEN_NOT_EXECUTED	PENDING_EVIDENCE
V2:WM-p18	V2_EXECUTABILITY_NOT_TESTED	WM-p18	gates/R057_REPAIR_V2_11_TEST_DESIGNS.tsv	R065	n437/p6;n345/p29	PRIOR_V1_PASS	ALL_11_MUST_ACTUALLY_TEST	V2_NOT_TESTED	先冻结新题及验收标准，再真实演练、记录失败/未知	FROZEN_NOT_EXECUTED	PENDING_EVIDENCE
V2:TX-f03	V2_EXECUTABILITY_NOT_TESTED	TX-f03	gates/R057_REPAIR_V2_11_TEST_DESIGNS.tsv	R066	n008/p2;n030/p33;n055/p31	PRIOR_V1_PASS	ALL_11_MUST_ACTUALLY_TEST	V2_NOT_TESTED	先冻结新题及验收标准，再真实演练、记录失败/未知	FROZEN_NOT_EXECUTED	PENDING_EVIDENCE
V2:TX-f04	V2_EXECUTABILITY_NOT_TESTED	TX-f04	gates/R057_REPAIR_V2_11_TEST_DESIGNS.tsv	R066	n145/p29;n315/p40;n420/p2;n485/p23	PRIOR_V1_PASS	ALL_11_MUST_ACTUALLY_TEST	V2_NOT_TESTED	先冻结新题及验收标准，再真实演练、记录失败/未知	FROZEN_NOT_EXECUTED	PENDING_EVIDENCE
V2:TX-f15	V2_EXECUTABILITY_NOT_TESTED	TX-f15	gates/R057_REPAIR_V2_11_TEST_DESIGNS.tsv	R066	n161/p65;n380/p31;n527/p29;n527/p30	PRIOR_V1_PASS	ALL_11_MUST_ACTUALLY_TEST	V2_NOT_TESTED	先冻结新题及验收标准，再真实演练、记录失败/未知	FROZEN_NOT_EXECUTED	PENDING_EVIDENCE
V2:TX-p02	V2_EXECUTABILITY_NOT_TESTED	TX-p02	gates/R057_REPAIR_V2_11_TEST_DESIGNS.tsv	R066	n030/p33;n055/p32	PRIOR_V1_PASS	ALL_11_MUST_ACTUALLY_TEST	V2_NOT_TESTED	先冻结新题及验收标准，再真实演练、记录失败/未知	FROZEN_NOT_EXECUTED	PENDING_EVIDENCE
V2:TX-p15	V2_EXECUTABILITY_NOT_TESTED	TX-p15	gates/R057_REPAIR_V2_11_TEST_DESIGNS.tsv	R066	n386/p39;n386/p45;n386/p49	PRIOR_V1_PASS	ALL_11_MUST_ACTUALLY_TEST	V2_NOT_TESTED	先冻结新题及验收标准，再真实演练、记录失败/未知	FROZEN_NOT_EXECUTED	PENDING_EVIDENCE
V2:TX-p18	V2_EXECUTABILITY_NOT_TESTED	TX-p18	gates/R057_REPAIR_V2_11_TEST_DESIGNS.tsv	R066	n490/p28;n505/p8	PRIOR_V1_PASS	ALL_11_MUST_ACTUALLY_TEST	V2_NOT_TESTED	先冻结新题及验收标准，再真实演练、记录失败/未知	FROZEN_NOT_EXECUTED	PENDING_EVIDENCE
V3:WM-f01	V3_NO_GAIN_PROVEN	WM-f01	gates/R057_REPAIR_V3_47_TEST_QUEUE.tsv	R068	WM-01,WM-03	V1_PASS_V2_LIMITED_PASS	ALL_47_SINGLE_METHOD_COMPARISONS	V3_DIAGNOSTIC_NONBLIND_NO_GAIN	R067先冻结新题，同题公平两臂真实输出，每个方法的独立增益与失败判定	FROZEN_NOT_EXECUTED	PENDING_EVIDENCE
V3:WM-f02	V3_NO_GAIN_PROVEN	WM-f02	gates/R057_REPAIR_V3_47_TEST_QUEUE.tsv	R068	WM-02,WM-07	V1_PASS_V2_LIMITED_PASS	ALL_47_SINGLE_METHOD_COMPARISONS	V3_DIAGNOSTIC_NONBLIND_NO_GAIN	R067先冻结新题，同题公平两臂真实输出，每个方法的独立增益与失败判定	FROZEN_NOT_EXECUTED	PENDING_EVIDENCE
V3:WM-f04	V3_NO_GAIN_PROVEN	WM-f04	gates/R057_REPAIR_V3_47_TEST_QUEUE.tsv	R068	WM-03,WM-04,WM-06	V1_PASS_V2_LIMITED_PASS	ALL_47_SINGLE_METHOD_COMPARISONS	V3_DIAGNOSTIC_NONBLIND_NO_GAIN	R067先冻结新题，同题公平两臂真实输出，每个方法的独立增益与失败判定	FROZEN_NOT_EXECUTED	PENDING_EVIDENCE
V3:WM-f06	V3_NO_GAIN_PROVEN	WM-f06	gates/R057_REPAIR_V3_47_TEST_QUEUE.tsv	R068	WM-01,WM-03	V1_PASS_V2_LIMITED_PASS	ALL_47_SINGLE_METHOD_COMPARISONS	V3_DIAGNOSTIC_NONBLIND_NO_GAIN	R067先冻结新题，同题公平两臂真实输出，每个方法的独立增益与失败判定	FROZEN_NOT_EXECUTED	PENDING_EVIDENCE
V3:WM-f08	V3_NO_GAIN_PROVEN	WM-f08	gates/R057_REPAIR_V3_47_TEST_QUEUE.tsv	R068	WM-05,WM-06	V1_PASS_V2_LIMITED_PASS	ALL_47_SINGLE_METHOD_COMPARISONS	V3_DIAGNOSTIC_NONBLIND_NO_GAIN	R067先冻结新题，同题公平两臂真实输出，每个方法的独立增益与失败判定	FROZEN_NOT_EXECUTED	PENDING_EVIDENCE
V3:WM-f10	V3_NO_GAIN_PROVEN	WM-f10	gates/R057_REPAIR_V3_47_TEST_QUEUE.tsv	R068	WM-06,WM-08	V1_PASS_V2_LIMITED_PASS	ALL_47_SINGLE_METHOD_COMPARISONS	V3_DIAGNOSTIC_NONBLIND_NO_GAIN	R067先冻结新题，同题公平两臂真实输出，每个方法的独立增益与失败判定	FROZEN_NOT_EXECUTED	PENDING_EVIDENCE
V3:WM-f12	V3_NO_GAIN_PROVEN	WM-f12	gates/R057_REPAIR_V3_47_TEST_QUEUE.tsv	R068	WM-07,WM-02	V1_PASS_V2_LIMITED_PASS	ALL_47_SINGLE_METHOD_COMPARISONS	V3_DIAGNOSTIC_NONBLIND_NO_GAIN	R067先冻结新题，同题公平两臂真实输出，每个方法的独立增益与失败判定	FROZEN_NOT_EXECUTED	PENDING_EVIDENCE
V3:WM-f13	V3_NO_GAIN_PROVEN	WM-f13	gates/R057_REPAIR_V3_47_TEST_QUEUE.tsv	R069	WM-09	V1_PASS_V2_LIMITED_PASS	ALL_47_SINGLE_METHOD_COMPARISONS	V3_DIAGNOSTIC_NONBLIND_NO_GAIN	R067先冻结新题，同题公平两臂真实输出，每个方法的独立增益与失败判定	FROZEN_NOT_EXECUTED	PENDING_EVIDENCE
V3:WM-f14	V3_NO_GAIN_PROVEN	WM-f14	gates/R057_REPAIR_V3_47_TEST_QUEUE.tsv	R069	WM-08,WM-06	V1_PASS_V2_LIMITED_PASS	ALL_47_SINGLE_METHOD_COMPARISONS	V3_DIAGNOSTIC_NONBLIND_NO_GAIN	R067先冻结新题，同题公平两臂真实输出，每个方法的独立增益与失败判定	FROZEN_NOT_EXECUTED	PENDING_EVIDENCE
V3:WM-p01	V3_NO_GAIN_PROVEN	WM-p01	gates/R057_REPAIR_V3_47_TEST_QUEUE.tsv	R069	WM-02,WM-04	V1_PASS_V2_LIMITED_PASS	ALL_47_SINGLE_METHOD_COMPARISONS	V3_DIAGNOSTIC_NONBLIND_NO_GAIN	R067先冻结新题，同题公平两臂真实输出，每个方法的独立增益与失败判定	FROZEN_NOT_EXECUTED	PENDING_EVIDENCE
V3:WM-p03	V3_NO_GAIN_PROVEN	WM-p03	gates/R057_REPAIR_V3_47_TEST_QUEUE.tsv	R069	WM-01,WM-08	V1_PASS_V2_LIMITED_PASS	ALL_47_SINGLE_METHOD_COMPARISONS	V3_DIAGNOSTIC_NONBLIND_NO_GAIN	R067先冻结新题，同题公平两臂真实输出，每个方法的独立增益与失败判定	FROZEN_NOT_EXECUTED	PENDING_EVIDENCE
V3:WM-p04	V3_NO_GAIN_PROVEN	WM-p04	gates/R057_REPAIR_V3_47_TEST_QUEUE.tsv	R069	WM-06	V1_PASS_V2_LIMITED_PASS	ALL_47_SINGLE_METHOD_COMPARISONS	V3_DIAGNOSTIC_NONBLIND_NO_GAIN	R067先冻结新题，同题公平两臂真实输出，每个方法的独立增益与失败判定	FROZEN_NOT_EXECUTED	PENDING_EVIDENCE
V3:WM-p05	V3_NO_GAIN_PROVEN	WM-p05	gates/R057_REPAIR_V3_47_TEST_QUEUE.tsv	R069	WM-03,WM-04	V1_PASS_V2_LIMITED_PASS	ALL_47_SINGLE_METHOD_COMPARISONS	V3_DIAGNOSTIC_NONBLIND_NO_GAIN	R067先冻结新题，同题公平两臂真实输出，每个方法的独立增益与失败判定	FROZEN_NOT_EXECUTED	PENDING_EVIDENCE
V3:WM-p07	V3_NO_GAIN_PROVEN	WM-p07	gates/R057_REPAIR_V3_47_TEST_QUEUE.tsv	R069	WM-05,WM-09	V1_PASS_V2_LIMITED_PASS	ALL_47_SINGLE_METHOD_COMPARISONS	V3_DIAGNOSTIC_NONBLIND_NO_GAIN	R067先冻结新题，同题公平两臂真实输出，每个方法的独立增益与失败判定	FROZEN_NOT_EXECUTED	PENDING_EVIDENCE
V3:WM-p08	V3_NO_GAIN_PROVEN	WM-p08	gates/R057_REPAIR_V3_47_TEST_QUEUE.tsv	R070	WM-01,WM-03	V1_PASS_V2_LIMITED_PASS	ALL_47_SINGLE_METHOD_COMPARISONS	V3_DIAGNOSTIC_NONBLIND_NO_GAIN	R067先冻结新题，同题公平两臂真实输出，每个方法的独立增益与失败判定	FROZEN_NOT_EXECUTED	PENDING_EVIDENCE
V3:WM-p12	V3_NO_GAIN_PROVEN	WM-p12	gates/R057_REPAIR_V3_47_TEST_QUEUE.tsv	R070	WM-03,WM-04	V1_PASS_V2_LIMITED_PASS	ALL_47_SINGLE_METHOD_COMPARISONS	V3_DIAGNOSTIC_NONBLIND_NO_GAIN	R067先冻结新题，同题公平两臂真实输出，每个方法的独立增益与失败判定	FROZEN_NOT_EXECUTED	PENDING_EVIDENCE
V3:WM-p14	V3_NO_GAIN_PROVEN	WM-p14	gates/R057_REPAIR_V3_47_TEST_QUEUE.tsv	R070	WM-08	V1_PASS_V2_LIMITED_PASS	ALL_47_SINGLE_METHOD_COMPARISONS	V3_DIAGNOSTIC_NONBLIND_NO_GAIN	R067先冻结新题，同题公平两臂真实输出，每个方法的独立增益与失败判定	FROZEN_NOT_EXECUTED	PENDING_EVIDENCE
V3:WM-p19	V3_NO_GAIN_PROVEN	WM-p19	gates/R057_REPAIR_V3_47_TEST_QUEUE.tsv	R070	WM-05,WM-09	V1_PASS_V2_LIMITED_PASS	ALL_47_SINGLE_METHOD_COMPARISONS	V3_DIAGNOSTIC_NONBLIND_NO_GAIN	R067先冻结新题，同题公平两臂真实输出，每个方法的独立增益与失败判定	FROZEN_NOT_EXECUTED	PENDING_EVIDENCE
V3:WM-p20	V3_NO_GAIN_PROVEN	WM-p20	gates/R057_REPAIR_V3_47_TEST_QUEUE.tsv	R070	WM-07,WM-08	V1_PASS_V2_LIMITED_PASS	ALL_47_SINGLE_METHOD_COMPARISONS	V3_DIAGNOSTIC_NONBLIND_NO_GAIN	R067先冻结新题，同题公平两臂真实输出，每个方法的独立增益与失败判定	FROZEN_NOT_EXECUTED	PENDING_EVIDENCE
V3:WM-p21	V3_NO_GAIN_PROVEN	WM-p21	gates/R057_REPAIR_V3_47_TEST_QUEUE.tsv	R070	WM-07	V1_PASS_V2_LIMITED_PASS	ALL_47_SINGLE_METHOD_COMPARISONS	V3_DIAGNOSTIC_NONBLIND_NO_GAIN	R067先冻结新题，同题公平两臂真实输出，每个方法的独立增益与失败判定	FROZEN_NOT_EXECUTED	PENDING_EVIDENCE
V3:WM-p23	V3_NO_GAIN_PROVEN	WM-p23	gates/R057_REPAIR_V3_47_TEST_QUEUE.tsv	R070	WM-09	V1_PASS_V2_LIMITED_PASS	ALL_47_SINGLE_METHOD_COMPARISONS	V3_DIAGNOSTIC_NONBLIND_NO_GAIN	R067先冻结新题，同题公平两臂真实输出，每个方法的独立增益与失败判定	FROZEN_NOT_EXECUTED	PENDING_EVIDENCE
V3:TX-f01	V3_NO_GAIN_PROVEN	TX-f01	gates/R057_REPAIR_V3_47_TEST_QUEUE.tsv	R071	TX-01,TX-08	V1_PASS_V2_LIMITED_PASS	ALL_47_SINGLE_METHOD_COMPARISONS	V3_DIAGNOSTIC_NONBLIND_NO_GAIN	R067先冻结新题，同题公平两臂真实输出，每个方法的独立增益与失败判定	FROZEN_NOT_EXECUTED	PENDING_EVIDENCE
V3:TX-f02	V3_NO_GAIN_PROVEN	TX-f02	gates/R057_REPAIR_V3_47_TEST_QUEUE.tsv	R071	TX-02,TX-03	V1_PASS_V2_LIMITED_PASS	ALL_47_SINGLE_METHOD_COMPARISONS	V3_DIAGNOSTIC_NONBLIND_NO_GAIN	R067先冻结新题，同题公平两臂真实输出，每个方法的独立增益与失败判定	FROZEN_NOT_EXECUTED	PENDING_EVIDENCE
V3:TX-f05	V3_NO_GAIN_PROVEN	TX-f05	gates/R057_REPAIR_V3_47_TEST_QUEUE.tsv	R071	TX-03,TX-05	V1_PASS_V2_LIMITED_PASS	ALL_47_SINGLE_METHOD_COMPARISONS	V3_DIAGNOSTIC_NONBLIND_NO_GAIN	R067先冻结新题，同题公平两臂真实输出，每个方法的独立增益与失败判定	FROZEN_NOT_EXECUTED	PENDING_EVIDENCE
V3:TX-f08	V3_NO_GAIN_PROVEN	TX-f08	gates/R057_REPAIR_V3_47_TEST_QUEUE.tsv	R071	TX-03,TX-05	V1_PASS_V2_LIMITED_PASS	ALL_47_SINGLE_METHOD_COMPARISONS	V3_DIAGNOSTIC_NONBLIND_NO_GAIN	R067先冻结新题，同题公平两臂真实输出，每个方法的独立增益与失败判定	FROZEN_NOT_EXECUTED	PENDING_EVIDENCE
V3:TX-f09	V3_NO_GAIN_PROVEN	TX-f09	gates/R057_REPAIR_V3_47_TEST_QUEUE.tsv	R071	TX-06,TX-07	V1_PASS_V2_LIMITED_PASS	ALL_47_SINGLE_METHOD_COMPARISONS	V3_DIAGNOSTIC_NONBLIND_NO_GAIN	R067先冻结新题，同题公平两臂真实输出，每个方法的独立增益与失败判定	FROZEN_NOT_EXECUTED	PENDING_EVIDENCE
V3:TX-f10	V3_NO_GAIN_PROVEN	TX-f10	gates/R057_REPAIR_V3_47_TEST_QUEUE.tsv	R071	TX-04,TX-07,TX-08	V1_PASS_V2_LIMITED_PASS	ALL_47_SINGLE_METHOD_COMPARISONS	V3_DIAGNOSTIC_NONBLIND_NO_GAIN	R067先冻结新题，同题公平两臂真实输出，每个方法的独立增益与失败判定	FROZEN_NOT_EXECUTED	PENDING_EVIDENCE
V3:TX-f11	V3_NO_GAIN_PROVEN	TX-f11	gates/R057_REPAIR_V3_47_TEST_QUEUE.tsv	R071	TX-01,TX-08	V1_PASS_V2_LIMITED_PASS	ALL_47_SINGLE_METHOD_COMPARISONS	V3_DIAGNOSTIC_NONBLIND_NO_GAIN	R067先冻结新题，同题公平两臂真实输出，每个方法的独立增益与失败判定	FROZEN_NOT_EXECUTED	PENDING_EVIDENCE
V3:TX-f12	V3_NO_GAIN_PROVEN	TX-f12	gates/R057_REPAIR_V3_47_TEST_QUEUE.tsv	R072	TX-06,TX-07	V1_PASS_V2_LIMITED_PASS	ALL_47_SINGLE_METHOD_COMPARISONS	V3_DIAGNOSTIC_NONBLIND_NO_GAIN	R067先冻结新题，同题公平两臂真实输出，每个方法的独立增益与失败判定	FROZEN_NOT_EXECUTED	PENDING_EVIDENCE
V3:TX-f13	V3_NO_GAIN_PROVEN	TX-f13	gates/R057_REPAIR_V3_47_TEST_QUEUE.tsv	R072	TX-02,TX-09	V1_PASS_V2_LIMITED_PASS	ALL_47_SINGLE_METHOD_COMPARISONS	V3_DIAGNOSTIC_NONBLIND_NO_GAIN	R067先冻结新题，同题公平两臂真实输出，每个方法的独立增益与失败判定	FROZEN_NOT_EXECUTED	PENDING_EVIDENCE
V3:TX-f16	V3_NO_GAIN_PROVEN	TX-f16	gates/R057_REPAIR_V3_47_TEST_QUEUE.tsv	R072	TX-04,TX-09,TX-10	V1_PASS_V2_LIMITED_PASS	ALL_47_SINGLE_METHOD_COMPARISONS	V3_DIAGNOSTIC_NONBLIND_NO_GAIN	R067先冻结新题，同题公平两臂真实输出，每个方法的独立增益与失败判定	FROZEN_NOT_EXECUTED	PENDING_EVIDENCE
V3:TX-p01	V3_NO_GAIN_PROVEN	TX-p01	gates/R057_REPAIR_V3_47_TEST_QUEUE.tsv	R072	TX-01	V1_PASS_V2_LIMITED_PASS	ALL_47_SINGLE_METHOD_COMPARISONS	V3_DIAGNOSTIC_NONBLIND_NO_GAIN	R067先冻结新题，同题公平两臂真实输出，每个方法的独立增益与失败判定	FROZEN_NOT_EXECUTED	PENDING_EVIDENCE
V3:TX-p03	V3_NO_GAIN_PROVEN	TX-p03	gates/R057_REPAIR_V3_47_TEST_QUEUE.tsv	R072	TX-02,TX-09	V1_PASS_V2_LIMITED_PASS	ALL_47_SINGLE_METHOD_COMPARISONS	V3_DIAGNOSTIC_NONBLIND_NO_GAIN	R067先冻结新题，同题公平两臂真实输出，每个方法的独立增益与失败判定	FROZEN_NOT_EXECUTED	PENDING_EVIDENCE
V3:TX-p04	V3_NO_GAIN_PROVEN	TX-p04	gates/R057_REPAIR_V3_47_TEST_QUEUE.tsv	R072	TX-03,TX-04	V1_PASS_V2_LIMITED_PASS	ALL_47_SINGLE_METHOD_COMPARISONS	V3_DIAGNOSTIC_NONBLIND_NO_GAIN	R067先冻结新题，同题公平两臂真实输出，每个方法的独立增益与失败判定	FROZEN_NOT_EXECUTED	PENDING_EVIDENCE
V3:TX-p05	V3_NO_GAIN_PROVEN	TX-p05	gates/R057_REPAIR_V3_47_TEST_QUEUE.tsv	R072	TX-04	V1_PASS_V2_LIMITED_PASS	ALL_47_SINGLE_METHOD_COMPARISONS	V3_DIAGNOSTIC_NONBLIND_NO_GAIN	R067先冻结新题，同题公平两臂真实输出，每个方法的独立增益与失败判定	FROZEN_NOT_EXECUTED	PENDING_EVIDENCE
V3:TX-p06	V3_NO_GAIN_PROVEN	TX-p06	gates/R057_REPAIR_V3_47_TEST_QUEUE.tsv	R073	TX-06	V1_PASS_V2_LIMITED_PASS	ALL_47_SINGLE_METHOD_COMPARISONS	V3_DIAGNOSTIC_NONBLIND_NO_GAIN	R067先冻结新题，同题公平两臂真实输出，每个方法的独立增益与失败判定	FROZEN_NOT_EXECUTED	PENDING_EVIDENCE
V3:TX-p07	V3_NO_GAIN_PROVEN	TX-p07	gates/R057_REPAIR_V3_47_TEST_QUEUE.tsv	R073	TX-05,TX-08	V1_PASS_V2_LIMITED_PASS	ALL_47_SINGLE_METHOD_COMPARISONS	V3_DIAGNOSTIC_NONBLIND_NO_GAIN	R067先冻结新题，同题公平两臂真实输出，每个方法的独立增益与失败判定	FROZEN_NOT_EXECUTED	PENDING_EVIDENCE
V3:TX-p08	V3_NO_GAIN_PROVEN	TX-p08	gates/R057_REPAIR_V3_47_TEST_QUEUE.tsv	R073	TX-05	V1_PASS_V2_LIMITED_PASS	ALL_47_SINGLE_METHOD_COMPARISONS	V3_DIAGNOSTIC_NONBLIND_NO_GAIN	R067先冻结新题，同题公平两臂真实输出，每个方法的独立增益与失败判定	FROZEN_NOT_EXECUTED	PENDING_EVIDENCE
V3:TX-p09	V3_NO_GAIN_PROVEN	TX-p09	gates/R057_REPAIR_V3_47_TEST_QUEUE.tsv	R073	TX-03	V1_PASS_V2_LIMITED_PASS	ALL_47_SINGLE_METHOD_COMPARISONS	V3_DIAGNOSTIC_NONBLIND_NO_GAIN	R067先冻结新题，同题公平两臂真实输出，每个方法的独立增益与失败判定	FROZEN_NOT_EXECUTED	PENDING_EVIDENCE
V3:TX-p11	V3_NO_GAIN_PROVEN	TX-p11	gates/R057_REPAIR_V3_47_TEST_QUEUE.tsv	R073	TX-01,TX-08	V1_PASS_V2_LIMITED_PASS	ALL_47_SINGLE_METHOD_COMPARISONS	V3_DIAGNOSTIC_NONBLIND_NO_GAIN	R067先冻结新题，同题公平两臂真实输出，每个方法的独立增益与失败判定	FROZEN_NOT_EXECUTED	PENDING_EVIDENCE
V3:TX-p12	V3_NO_GAIN_PROVEN	TX-p12	gates/R057_REPAIR_V3_47_TEST_QUEUE.tsv	R073	TX-02,TX-05	V1_PASS_V2_LIMITED_PASS	ALL_47_SINGLE_METHOD_COMPARISONS	V3_DIAGNOSTIC_NONBLIND_NO_GAIN	R067先冻结新题，同题公平两臂真实输出，每个方法的独立增益与失败判定	FROZEN_NOT_EXECUTED	PENDING_EVIDENCE
V3:TX-p13	V3_NO_GAIN_PROVEN	TX-p13	gates/R057_REPAIR_V3_47_TEST_QUEUE.tsv	R074	TX-06	V1_PASS_V2_LIMITED_PASS	ALL_47_SINGLE_METHOD_COMPARISONS	V3_DIAGNOSTIC_NONBLIND_NO_GAIN	R067先冻结新题，同题公平两臂真实输出，每个方法的独立增益与失败判定	FROZEN_NOT_EXECUTED	PENDING_EVIDENCE
V3:TX-p14	V3_NO_GAIN_PROVEN	TX-p14	gates/R057_REPAIR_V3_47_TEST_QUEUE.tsv	R074	TX-07	V1_PASS_V2_LIMITED_PASS	ALL_47_SINGLE_METHOD_COMPARISONS	V3_DIAGNOSTIC_NONBLIND_NO_GAIN	R067先冻结新题，同题公平两臂真实输出，每个方法的独立增益与失败判定	FROZEN_NOT_EXECUTED	PENDING_EVIDENCE
V3:TX-p17	V3_NO_GAIN_PROVEN	TX-p17	gates/R057_REPAIR_V3_47_TEST_QUEUE.tsv	R074	TX-09,TX-06	V1_PASS_V2_LIMITED_PASS	ALL_47_SINGLE_METHOD_COMPARISONS	V3_DIAGNOSTIC_NONBLIND_NO_GAIN	R067先冻结新题，同题公平两臂真实输出，每个方法的独立增益与失败判定	FROZEN_NOT_EXECUTED	PENDING_EVIDENCE
V3:TX-p19	V3_NO_GAIN_PROVEN	TX-p19	gates/R057_REPAIR_V3_47_TEST_QUEUE.tsv	R074	TX-09	V1_PASS_V2_LIMITED_PASS	ALL_47_SINGLE_METHOD_COMPARISONS	V3_DIAGNOSTIC_NONBLIND_NO_GAIN	R067先冻结新题，同题公平两臂真实输出，每个方法的独立增益与失败判定	FROZEN_NOT_EXECUTED	PENDING_EVIDENCE
V3:TX-p20	V3_NO_GAIN_PROVEN	TX-p20	gates/R057_REPAIR_V3_47_TEST_QUEUE.tsv	R074	TX-08,TX-05	V1_PASS_V2_LIMITED_PASS	ALL_47_SINGLE_METHOD_COMPARISONS	V3_DIAGNOSTIC_NONBLIND_NO_GAIN	R067先冻结新题，同题公平两臂真实输出，每个方法的独立增益与失败判定	FROZEN_NOT_EXECUTED	PENDING_EVIDENCE
V3:TX-p21	V3_NO_GAIN_PROVEN	TX-p21	gates/R057_REPAIR_V3_47_TEST_QUEUE.tsv	R074	TX-04,TX-10	V1_PASS_V2_LIMITED_PASS	ALL_47_SINGLE_METHOD_COMPARISONS	V3_DIAGNOSTIC_NONBLIND_NO_GAIN	R067先冻结新题，同题公平两臂真实输出，每个方法的独立增益与失败判定	FROZEN_NOT_EXECUTED	PENDING_EVIDENCE
TASK:WM-01	STAGE0_TASK_COVERAGE	WM-01	gates/R057_TASK_COVERAGE.tsv	R062;R077;R078	SEE_ORIGINAL_COVERAGE_TSV	COVERAGE_CRITICAL	ALL_19_MAP_RAW_TO_VERIFIED	RAW_MAPPED_VERIFIED0	保留RAW候选覆盖与verified0/19差异；R078再审可交付实际技能	FROZEN_NOT_EXECUTED	PENDING_EVIDENCE
TASK:WM-02	STAGE0_TASK_COVERAGE	WM-02	gates/R057_TASK_COVERAGE.tsv	R062;R077;R078	SEE_ORIGINAL_COVERAGE_TSV	COVERAGE_CRITICAL	ALL_19_MAP_RAW_TO_VERIFIED	RAW_MAPPED_VERIFIED0	保留RAW候选覆盖与verified0/19差异；R078再审可交付实际技能	FROZEN_NOT_EXECUTED	PENDING_EVIDENCE
TASK:WM-03	STAGE0_TASK_COVERAGE	WM-03	gates/R057_TASK_COVERAGE.tsv	R062;R077;R078	SEE_ORIGINAL_COVERAGE_TSV	COVERAGE_CRITICAL	ALL_19_MAP_RAW_TO_VERIFIED	RAW_MAPPED_VERIFIED0	保留RAW候选覆盖与verified0/19差异；R078再审可交付实际技能	FROZEN_NOT_EXECUTED	PENDING_EVIDENCE
TASK:WM-04	STAGE0_TASK_COVERAGE	WM-04	gates/R057_TASK_COVERAGE.tsv	R062;R077;R078	SEE_ORIGINAL_COVERAGE_TSV	COVERAGE_CRITICAL	ALL_19_MAP_RAW_TO_VERIFIED	RAW_MAPPED_VERIFIED0	保留RAW候选覆盖与verified0/19差异；R078再审可交付实际技能	FROZEN_NOT_EXECUTED	PENDING_EVIDENCE
TASK:WM-05	STAGE0_TASK_COVERAGE	WM-05	gates/R057_TASK_COVERAGE.tsv	R062;R077;R078	SEE_ORIGINAL_COVERAGE_TSV	COVERAGE_CRITICAL	ALL_19_MAP_RAW_TO_VERIFIED	RAW_MAPPED_VERIFIED0	保留RAW候选覆盖与verified0/19差异；R078再审可交付实际技能	FROZEN_NOT_EXECUTED	PENDING_EVIDENCE
TASK:WM-06	STAGE0_TASK_COVERAGE	WM-06	gates/R057_TASK_COVERAGE.tsv	R062;R077;R078	SEE_ORIGINAL_COVERAGE_TSV	COVERAGE_CRITICAL	ALL_19_MAP_RAW_TO_VERIFIED	RAW_MAPPED_VERIFIED0	保留RAW候选覆盖与verified0/19差异；R078再审可交付实际技能	FROZEN_NOT_EXECUTED	PENDING_EVIDENCE
TASK:WM-07	STAGE0_TASK_COVERAGE	WM-07	gates/R057_TASK_COVERAGE.tsv	R062;R077;R078	SEE_ORIGINAL_COVERAGE_TSV	COVERAGE_CRITICAL	ALL_19_MAP_RAW_TO_VERIFIED	RAW_MAPPED_VERIFIED0	保留RAW候选覆盖与verified0/19差异；R078再审可交付实际技能	FROZEN_NOT_EXECUTED	PENDING_EVIDENCE
TASK:WM-08	STAGE0_TASK_COVERAGE	WM-08	gates/R057_TASK_COVERAGE.tsv	R062;R077;R078	SEE_ORIGINAL_COVERAGE_TSV	COVERAGE_CRITICAL	ALL_19_MAP_RAW_TO_VERIFIED	RAW_MAPPED_VERIFIED0	保留RAW候选覆盖与verified0/19差异；R078再审可交付实际技能	FROZEN_NOT_EXECUTED	PENDING_EVIDENCE
TASK:WM-09	STAGE0_TASK_COVERAGE	WM-09	gates/R057_TASK_COVERAGE.tsv	R062;R077;R078	SEE_ORIGINAL_COVERAGE_TSV	COVERAGE_CRITICAL	ALL_19_MAP_RAW_TO_VERIFIED	RAW_MAPPED_VERIFIED0	保留RAW候选覆盖与verified0/19差异；R078再审可交付实际技能	FROZEN_NOT_EXECUTED	PENDING_EVIDENCE
TASK:TX-01	STAGE0_TASK_COVERAGE	TX-01	gates/R057_TASK_COVERAGE.tsv	R062;R077;R078	SEE_ORIGINAL_COVERAGE_TSV	COVERAGE_CRITICAL	ALL_19_MAP_RAW_TO_VERIFIED	RAW_MAPPED_VERIFIED0	保留RAW候选覆盖与verified0/19差异；R078再审可交付实际技能	FROZEN_NOT_EXECUTED	PENDING_EVIDENCE
TASK:TX-02	STAGE0_TASK_COVERAGE	TX-02	gates/R057_TASK_COVERAGE.tsv	R062;R077;R078	SEE_ORIGINAL_COVERAGE_TSV	COVERAGE_CRITICAL	ALL_19_MAP_RAW_TO_VERIFIED	RAW_MAPPED_VERIFIED0	保留RAW候选覆盖与verified0/19差异；R078再审可交付实际技能	FROZEN_NOT_EXECUTED	PENDING_EVIDENCE
TASK:TX-03	STAGE0_TASK_COVERAGE	TX-03	gates/R057_TASK_COVERAGE.tsv	R062;R077;R078	SEE_ORIGINAL_COVERAGE_TSV	COVERAGE_CRITICAL	ALL_19_MAP_RAW_TO_VERIFIED	RAW_MAPPED_VERIFIED0	保留RAW候选覆盖与verified0/19差异；R078再审可交付实际技能	FROZEN_NOT_EXECUTED	PENDING_EVIDENCE
TASK:TX-04	STAGE0_TASK_COVERAGE	TX-04	gates/R057_TASK_COVERAGE.tsv	R062;R077;R078	SEE_ORIGINAL_COVERAGE_TSV	COVERAGE_CRITICAL	ALL_19_MAP_RAW_TO_VERIFIED	RAW_MAPPED_VERIFIED0	保留RAW候选覆盖与verified0/19差异；R078再审可交付实际技能	FROZEN_NOT_EXECUTED	PENDING_EVIDENCE
TASK:TX-05	STAGE0_TASK_COVERAGE	TX-05	gates/R057_TASK_COVERAGE.tsv	R062;R077;R078	SEE_ORIGINAL_COVERAGE_TSV	COVERAGE_CRITICAL	ALL_19_MAP_RAW_TO_VERIFIED	RAW_MAPPED_VERIFIED0	保留RAW候选覆盖与verified0/19差异；R078再审可交付实际技能	FROZEN_NOT_EXECUTED	PENDING_EVIDENCE
TASK:TX-06	STAGE0_TASK_COVERAGE	TX-06	gates/R057_TASK_COVERAGE.tsv	R062;R077;R078	SEE_ORIGINAL_COVERAGE_TSV	COVERAGE_CRITICAL	ALL_19_MAP_RAW_TO_VERIFIED	RAW_MAPPED_VERIFIED0	保留RAW候选覆盖与verified0/19差异；R078再审可交付实际技能	FROZEN_NOT_EXECUTED	PENDING_EVIDENCE
TASK:TX-07	STAGE0_TASK_COVERAGE	TX-07	gates/R057_TASK_COVERAGE.tsv	R062;R077;R078	SEE_ORIGINAL_COVERAGE_TSV	COVERAGE_CRITICAL	ALL_19_MAP_RAW_TO_VERIFIED	RAW_MAPPED_VERIFIED0	保留RAW候选覆盖与verified0/19差异；R078再审可交付实际技能	FROZEN_NOT_EXECUTED	PENDING_EVIDENCE
TASK:TX-08	STAGE0_TASK_COVERAGE	TX-08	gates/R057_TASK_COVERAGE.tsv	R062;R077;R078	SEE_ORIGINAL_COVERAGE_TSV	COVERAGE_CRITICAL	ALL_19_MAP_RAW_TO_VERIFIED	RAW_MAPPED_VERIFIED0	保留RAW候选覆盖与verified0/19差异；R078再审可交付实际技能	FROZEN_NOT_EXECUTED	PENDING_EVIDENCE
TASK:TX-09	STAGE0_TASK_COVERAGE	TX-09	gates/R057_TASK_COVERAGE.tsv	R062;R077;R078	SEE_ORIGINAL_COVERAGE_TSV	COVERAGE_CRITICAL	ALL_19_MAP_RAW_TO_VERIFIED	RAW_MAPPED_VERIFIED0	保留RAW候选覆盖与verified0/19差异；R078再审可交付实际技能	FROZEN_NOT_EXECUTED	PENDING_EVIDENCE
TASK:TX-10	STAGE0_TASK_COVERAGE	TX-10	gates/R057_TASK_COVERAGE.tsv	R062;R077;R078	SEE_ORIGINAL_COVERAGE_TSV	COVERAGE_CRITICAL	ALL_19_MAP_RAW_TO_VERIFIED	RAW_MAPPED_VERIFIED0	保留RAW候选覆盖与verified0/19差异；R078再审可交付实际技能	FROZEN_NOT_EXECUTED	PENDING_EVIDENCE
