issue_id	frozen_type	frozen_origin	legacy_assigned_round	original_source	B076_workstream	actual_evidence_status	source_status	current_batch	downstream_link	required_closure
STAGE0:R007:wm-1-candidate	STAGE0_B_CLAIM	wm-1-candidate	R059	cangjie/reading/R007/wanming_receipts.jsonl	STAGE0_SOURCE_B_QUALITY	SCOPED_B_REVIEW_NOT_VERIFIED	cangjie/reading/R007/wanming_receipts.jsonl	B076	B077_B079_B080_B095	Each of 192 unchecked: verify private EPUB locus + B mechanism + opposite interpretation + counterexample; the 104 old scoped reviews stay provisional.
STAGE0:R007:wm-20-candidate	STAGE0_B_CLAIM	wm-20-candidate	R059	cangjie/reading/R007/wanming_receipts.jsonl	STAGE0_SOURCE_B_QUALITY	SCOPED_B_REVIEW_NOT_VERIFIED	cangjie/reading/R007/wanming_receipts.jsonl	B076	B077_B079_B080_B095	Each of 192 unchecked: verify private EPUB locus + B mechanism + opposite interpretation + counterexample; the 104 old scoped reviews stay provisional.
STAGE0:R007:wm-34-candidate	STAGE0_B_CLAIM	wm-34-candidate	R059	cangjie/reading/R007/wanming_receipts.jsonl	STAGE0_SOURCE_B_QUALITY	SCOPED_B_REVIEW_NOT_VERIFIED	cangjie/reading/R007/wanming_receipts.jsonl	B076	B077_B079_B080_B095	Each of 192 unchecked: verify private EPUB locus + B mechanism + opposite interpretation + counterexample; the 104 old scoped reviews stay provisional.
STAGE0:R007:wm-35-candidate	STAGE0_B_CLAIM	wm-35-candidate	R059	cangjie/reading/R007/wanming_receipts.jsonl	STAGE0_SOURCE_B_QUALITY	SCOPED_B_REVIEW_NOT_VERIFIED	cangjie/reading/R007/wanming_receipts.jsonl	B076	B077_B079_B080_B095	Each of 192 unchecked: verify private EPUB locus + B mechanism + opposite interpretation + counterexample; the 104 old scoped reviews stay provisional.
STAGE0:R007:wm-39-candidate	STAGE0_B_CLAIM	wm-39-candidate	R059	cangjie/reading/R007/wanming_receipts.jsonl	STAGE0_SOURCE_B_QUALITY	SCOPED_B_REVIEW_NOT_VERIFIED	cangjie/reading/R007/wanming_receipts.jsonl	B076	B077_B079_B080_B095	Each of 192 unchecked: verify private EPUB locus + B mechanism + opposite interpretation + counterexample; the 104 old scoped reviews stay provisional.
STAGE0:R007:wm-40-candidate	STAGE0_B_CLAIM	wm-40-candidate	R059	cangjie/reading/R007/wanming_receipts.jsonl	STAGE0_SOURCE_B_QUALITY	SCOPED_B_REVIEW_NOT_VERIFIED	cangjie/reading/R007/wanming_receipts.jsonl	B076	B077_B079_B080_B095	Each of 192 unchecked: verify private EPUB locus + B mechanism + opposite interpretation + counterexample; the 104 old scoped reviews stay provisional.
STAGE0:R009:wm-r009-41-candidate	STAGE0_B_CLAIM	wm-r009-41-candidate	R058	cangjie/reading/R007/wanming_receipts.jsonl	STAGE0_SOURCE_B_QUALITY	SCOPED_B_REVIEW_NOT_VERIFIED	cangjie/reading/R007/wanming_receipts.jsonl	B076	B077_B079_B080_B095	Each of 192 unchecked: verify private EPUB locus + B mechanism + opposite interpretation + counterexample; the 104 old scoped reviews stay provisional.
STAGE0:R009:wm-r009-51-candidate	STAGE0_B_CLAIM	wm-r009-51-candidate	R058	cangjie/reading/R007/wanming_receipts.jsonl	STAGE0_SOURCE_B_QUALITY	UNREVIEWED_B_OPEN	cangjie/reading/R007/wanming_receipts.jsonl	B076	B077_B079_B080_B095	Each of 192 unchecked: verify private EPUB locus + B mechanism + opposite interpretation + counterexample; the 104 old scoped reviews stay provisional.
STAGE0:R009:wm-r009-60-candidate	STAGE0_B_CLAIM	wm-r009-60-candidate	R058	cangjie/reading/R007/wanming_receipts.jsonl	STAGE0_SOURCE_B_QUALITY	UNREVIEWED_B_OPEN	cangjie/reading/R007/wanming_receipts.jsonl	B076	B077_B079_B080_B095	Each of 192 unchecked: verify private EPUB locus + B mechanism + opposite interpretation + counterexample; the 104 old scoped reviews stay provisional.
STAGE0:R009:wm-r009-61-candidate	STAGE0_B_CLAIM	wm-r009-61-candidate	R058	cangjie/reading/R007/wanming_receipts.jsonl	STAGE0_SOURCE_B_QUALITY	UNREVIEWED_B_OPEN	cangjie/reading/R007/wanming_receipts.jsonl	B076	B077_B079_B080_B095	Each of 192 unchecked: verify private EPUB locus + B mechanism + opposite interpretation + counterexample; the 104 old scoped reviews stay provisional.
STAGE0:R009:wm-r009-65-candidate	STAGE0_B_CLAIM	wm-r009-65-candidate	R058	cangjie/reading/R007/wanming_receipts.jsonl	STAGE0_SOURCE_B_QUALITY	SCOPED_B_REVIEW_NOT_VERIFIED	cangjie/reading/R007/wanming_receipts.jsonl	B076	B077_B079_B080_B095	Each of 192 unchecked: verify private EPUB locus + B mechanism + opposite interpretation + counterexample; the 104 old scoped reviews stay provisional.
STAGE0:R009:wm-r009-68-candidate	STAGE0_B_CLAIM	wm-r009-68-candidate	R058	cangjie/reading/R007/wanming_receipts.jsonl	STAGE0_SOURCE_B_QUALITY	SCOPED_B_REVIEW_NOT_VERIFIED	cangjie/reading/R007/wanming_receipts.jsonl	B076	B077_B079_B080_B095	Each of 192 unchecked: verify private EPUB locus + B mechanism + opposite interpretation + counterexample; the 104 old scoped reviews stay provisional.
STAGE0:R009:wm-r009-70-candidate	STAGE0_B_CLAIM	wm-r009-70-candidate	R058	cangjie/reading/R007/wanming_receipts.jsonl	STAGE0_SOURCE_B_QUALITY	UNREVIEWED_B_OPEN	cangjie/reading/R007/wanming_receipts.jsonl	B076	B077_B079_B080_B095	Each of 192 unchecked: verify private EPUB locus + B mechanism + opposite interpretation + counterexample; the 104 old scoped reviews stay provisional.
STAGE0:R009:wm-r009-71-candidate	STAGE0_B_CLAIM	wm-r009-71-candidate	R058	cangjie/reading/R007/wanming_receipts.jsonl	STAGE0_SOURCE_B_QUALITY	SCOPED_B_REVIEW_NOT_VERIFIED	cangjie/reading/R007/wanming_receipts.jsonl	B076	B077_B079_B080_B095	Each of 192 unchecked: verify private EPUB locus + B mechanism + opposite interpretation + counterexample; the 104 old scoped reviews stay provisional.
STAGE0:R009:wm-r009-74-candidate	STAGE0_B_CLAIM	wm-r009-74-candidate	R058	cangjie/reading/R007/wanming_receipts.jsonl	STAGE0_SOURCE_B_QUALITY	UNREVIEWED_B_OPEN	cangjie/reading/R007/wanming_receipts.jsonl	B076	B077_B079_B080_B095	Each of 192 unchecked: verify private EPUB locus + B mechanism + opposite interpretation + counterexample; the 104 old scoped reviews stay provisional.
STAGE0:R009:wm-r009-75-candidate	STAGE0_B_CLAIM	wm-r009-75-candidate	R058	cangjie/reading/R007/wanming_receipts.jsonl	STAGE0_SOURCE_B_QUALITY	UNREVIEWED_B_OPEN	cangjie/reading/R007/wanming_receipts.jsonl	B076	B077_B079_B080_B095	Each of 192 unchecked: verify private EPUB locus + B mechanism + opposite interpretation + counterexample; the 104 old scoped reviews stay provisional.
STAGE0:R009:wm-r009-80-candidate	STAGE0_B_CLAIM	wm-r009-80-candidate	R058	cangjie/reading/R007/wanming_receipts.jsonl	STAGE0_SOURCE_B_QUALITY	SCOPED_B_REVIEW_NOT_VERIFIED	cangjie/reading/R007/wanming_receipts.jsonl	B076	B077_B079_B080_B095	Each of 192 unchecked: verify private EPUB locus + B mechanism + opposite interpretation + counterexample; the 104 old scoped reviews stay provisional.
STAGE0:R011:wm-r011-81-candidate	STAGE0_B_CLAIM	wm-r011-81-candidate	R058	cangjie/reading/R007/wanming_receipts.jsonl	STAGE0_SOURCE_B_QUALITY	SCOPED_B_REVIEW_NOT_VERIFIED	cangjie/reading/R007/wanming_receipts.jsonl	B076	B077_B079_B080_B095	Each of 192 unchecked: verify private EPUB locus + B mechanism + opposite interpretation + counterexample; the 104 old scoped reviews stay provisional.
STAGE0:R011:wm-r011-88-candidate	STAGE0_B_CLAIM	wm-r011-88-candidate	R058	cangjie/reading/R007/wanming_receipts.jsonl	STAGE0_SOURCE_B_QUALITY	UNREVIEWED_B_OPEN	cangjie/reading/R007/wanming_receipts.jsonl	B076	B077_B079_B080_B095	Each of 192 unchecked: verify private EPUB locus + B mechanism + opposite interpretation + counterexample; the 104 old scoped reviews stay provisional.
STAGE0:R011:wm-r011-95-candidate	STAGE0_B_CLAIM	wm-r011-95-candidate	R058	cangjie/reading/R007/wanming_receipts.jsonl	STAGE0_SOURCE_B_QUALITY	UNREVIEWED_B_OPEN	cangjie/reading/R007/wanming_receipts.jsonl	B076	B077_B079_B080_B095	Each of 192 unchecked: verify private EPUB locus + B mechanism + opposite interpretation + counterexample; the 104 old scoped reviews stay provisional.
STAGE0:R011:wm-r011-99-candidate	STAGE0_B_CLAIM	wm-r011-99-candidate	R058	cangjie/reading/R007/wanming_receipts.jsonl	STAGE0_SOURCE_B_QUALITY	SCOPED_B_REVIEW_NOT_VERIFIED	cangjie/reading/R007/wanming_receipts.jsonl	B076	B077_B079_B080_B095	Each of 192 unchecked: verify private EPUB locus + B mechanism + opposite interpretation + counterexample; the 104 old scoped reviews stay provisional.
STAGE0:R011:wm-r011-100-candidate	STAGE0_B_CLAIM	wm-r011-100-candidate	R058	cangjie/reading/R007/wanming_receipts.jsonl	STAGE0_SOURCE_B_QUALITY	UNREVIEWED_B_OPEN	cangjie/reading/R007/wanming_receipts.jsonl	B076	B077_B079_B080_B095	Each of 192 unchecked: verify private EPUB locus + B mechanism + opposite interpretation + counterexample; the 104 old scoped reviews stay provisional.
STAGE0:R011:wm-r011-102-candidate	STAGE0_B_CLAIM	wm-r011-102-candidate	R058	cangjie/reading/R007/wanming_receipts.jsonl	STAGE0_SOURCE_B_QUALITY	UNREVIEWED_B_OPEN	cangjie/reading/R007/wanming_receipts.jsonl	B076	B077_B079_B080_B095	Each of 192 unchecked: verify private EPUB locus + B mechanism + opposite interpretation + counterexample; the 104 old scoped reviews stay provisional.
STAGE0:R011:wm-r011-105-candidate	STAGE0_B_CLAIM	wm-r011-105-candidate	R058	cangjie/reading/R007/wanming_receipts.jsonl	STAGE0_SOURCE_B_QUALITY	UNREVIEWED_B_OPEN	cangjie/reading/R007/wanming_receipts.jsonl	B076	B077_B079_B080_B095	Each of 192 unchecked: verify private EPUB locus + B mechanism + opposite interpretation + counterexample; the 104 old scoped reviews stay provisional.
STAGE0:R011:wm-r011-106-candidate	STAGE0_B_CLAIM	wm-r011-106-candidate	R058	cangjie/reading/R007/wanming_receipts.jsonl	STAGE0_SOURCE_B_QUALITY	UNREVIEWED_B_OPEN	cangjie/reading/R007/wanming_receipts.jsonl	B076	B077_B079_B080_B095	Each of 192 unchecked: verify private EPUB locus + B mechanism + opposite interpretation + counterexample; the 104 old scoped reviews stay provisional.
STAGE0:R011:wm-r011-107-candidate	STAGE0_B_CLAIM	wm-r011-107-candidate	R058	cangjie/reading/R007/wanming_receipts.jsonl	STAGE0_SOURCE_B_QUALITY	SCOPED_B_REVIEW_NOT_VERIFIED	cangjie/reading/R007/wanming_receipts.jsonl	B076	B077_B079_B080_B095	Each of 192 unchecked: verify private EPUB locus + B mechanism + opposite interpretation + counterexample; the 104 old scoped reviews stay provisional.
STAGE0:R011:wm-r011-110-candidate	STAGE0_B_CLAIM	wm-r011-110-candidate	R058	cangjie/reading/R007/wanming_receipts.jsonl	STAGE0_SOURCE_B_QUALITY	UNREVIEWED_B_OPEN	cangjie/reading/R007/wanming_receipts.jsonl	B076	B077_B079_B080_B095	Each of 192 unchecked: verify private EPUB locus + B mechanism + opposite interpretation + counterexample; the 104 old scoped reviews stay provisional.
STAGE0:R011:wm-r011-112-candidate	STAGE0_B_CLAIM	wm-r011-112-candidate	R058	cangjie/reading/R007/wanming_receipts.jsonl	STAGE0_SOURCE_B_QUALITY	UNREVIEWED_B_OPEN	cangjie/reading/R007/wanming_receipts.jsonl	B076	B077_B079_B080_B095	Each of 192 unchecked: verify private EPUB locus + B mechanism + opposite interpretation + counterexample; the 104 old scoped reviews stay provisional.
STAGE0:R011:wm-r011-113-candidate	STAGE0_B_CLAIM	wm-r011-113-candidate	R058	cangjie/reading/R007/wanming_receipts.jsonl	STAGE0_SOURCE_B_QUALITY	SCOPED_B_REVIEW_NOT_VERIFIED	cangjie/reading/R007/wanming_receipts.jsonl	B076	B077_B079_B080_B095	Each of 192 unchecked: verify private EPUB locus + B mechanism + opposite interpretation + counterexample; the 104 old scoped reviews stay provisional.
STAGE0:R011:wm-r011-115-candidate	STAGE0_B_CLAIM	wm-r011-115-candidate	R058	cangjie/reading/R007/wanming_receipts.jsonl	STAGE0_SOURCE_B_QUALITY	UNREVIEWED_B_OPEN	cangjie/reading/R007/wanming_receipts.jsonl	B076	B077_B079_B080_B095	Each of 192 unchecked: verify private EPUB locus + B mechanism + opposite interpretation + counterexample; the 104 old scoped reviews stay provisional.
STAGE0:R011:wm-r011-116-candidate	STAGE0_B_CLAIM	wm-r011-116-candidate	R058	cangjie/reading/R007/wanming_receipts.jsonl	STAGE0_SOURCE_B_QUALITY	UNREVIEWED_B_OPEN	cangjie/reading/R007/wanming_receipts.jsonl	B076	B077_B079_B080_B095	Each of 192 unchecked: verify private EPUB locus + B mechanism + opposite interpretation + counterexample; the 104 old scoped reviews stay provisional.
STAGE0:R011:wm-r011-118-candidate	STAGE0_B_CLAIM	wm-r011-118-candidate	R058	cangjie/reading/R007/wanming_receipts.jsonl	STAGE0_SOURCE_B_QUALITY	UNREVIEWED_B_OPEN	cangjie/reading/R007/wanming_receipts.jsonl	B076	B077_B079_B080_B095	Each of 192 unchecked: verify private EPUB locus + B mechanism + opposite interpretation + counterexample; the 104 old scoped reviews stay provisional.
STAGE0:R011:wm-r011-119-candidate	STAGE0_B_CLAIM	wm-r011-119-candidate	R058	cangjie/reading/R007/wanming_receipts.jsonl	STAGE0_SOURCE_B_QUALITY	UNREVIEWED_B_OPEN	cangjie/reading/R007/wanming_receipts.jsonl	B076	B077_B079_B080_B095	Each of 192 unchecked: verify private EPUB locus + B mechanism + opposite interpretation + counterexample; the 104 old scoped reviews stay provisional.
STAGE0:R011:wm-r011-120-candidate	STAGE0_B_CLAIM	wm-r011-120-candidate	R058	cangjie/reading/R007/wanming_receipts.jsonl	STAGE0_SOURCE_B_QUALITY	SCOPED_B_REVIEW_NOT_VERIFIED	cangjie/reading/R007/wanming_receipts.jsonl	B076	B077_B079_B080_B095	Each of 192 unchecked: verify private EPUB locus + B mechanism + opposite interpretation + counterexample; the 104 old scoped reviews stay provisional.
STAGE0:R013:wanming-R013-121-narrative-candidate	STAGE0_B_CLAIM	wanming-R013-121-narrative-candidate	R058	cangjie/reading/R007/wanming_receipts.jsonl	STAGE0_SOURCE_B_QUALITY	SCOPED_B_REVIEW_NOT_VERIFIED	cangjie/reading/R007/wanming_receipts.jsonl	B076	B077_B079_B080_B095	Each of 192 unchecked: verify private EPUB locus + B mechanism + opposite interpretation + counterexample; the 104 old scoped reviews stay provisional.
STAGE0:R013:wanming-R013-125-narrative-candidate	STAGE0_B_CLAIM	wanming-R013-125-narrative-candidate	R058	cangjie/reading/R007/wanming_receipts.jsonl	STAGE0_SOURCE_B_QUALITY	UNREVIEWED_B_OPEN	cangjie/reading/R007/wanming_receipts.jsonl	B076	B077_B079_B080_B095	Each of 192 unchecked: verify private EPUB locus + B mechanism + opposite interpretation + counterexample; the 104 old scoped reviews stay provisional.
STAGE0:R013:wanming-R013-128-narrative-candidate	STAGE0_B_CLAIM	wanming-R013-128-narrative-candidate	R058	cangjie/reading/R007/wanming_receipts.jsonl	STAGE0_SOURCE_B_QUALITY	UNREVIEWED_B_OPEN	cangjie/reading/R007/wanming_receipts.jsonl	B076	B077_B079_B080_B095	Each of 192 unchecked: verify private EPUB locus + B mechanism + opposite interpretation + counterexample; the 104 old scoped reviews stay provisional.
STAGE0:R013:wanming-R013-130-narrative-candidate	STAGE0_B_CLAIM	wanming-R013-130-narrative-candidate	R058	cangjie/reading/R007/wanming_receipts.jsonl	STAGE0_SOURCE_B_QUALITY	UNREVIEWED_B_OPEN	cangjie/reading/R007/wanming_receipts.jsonl	B076	B077_B079_B080_B095	Each of 192 unchecked: verify private EPUB locus + B mechanism + opposite interpretation + counterexample; the 104 old scoped reviews stay provisional.
STAGE0:R013:wanming-R013-133-narrative-candidate	STAGE0_B_CLAIM	wanming-R013-133-narrative-candidate	R058	cangjie/reading/R007/wanming_receipts.jsonl	STAGE0_SOURCE_B_QUALITY	UNREVIEWED_B_OPEN	cangjie/reading/R007/wanming_receipts.jsonl	B076	B077_B079_B080_B095	Each of 192 unchecked: verify private EPUB locus + B mechanism + opposite interpretation + counterexample; the 104 old scoped reviews stay provisional.
STAGE0:R013:wanming-R013-135-narrative-candidate	STAGE0_B_CLAIM	wanming-R013-135-narrative-candidate	R058	cangjie/reading/R007/wanming_receipts.jsonl	STAGE0_SOURCE_B_QUALITY	UNREVIEWED_B_OPEN	cangjie/reading/R007/wanming_receipts.jsonl	B076	B077_B079_B080_B095	Each of 192 unchecked: verify private EPUB locus + B mechanism + opposite interpretation + counterexample; the 104 old scoped reviews stay provisional.
STAGE0:R013:wanming-R013-137-narrative-candidate	STAGE0_B_CLAIM	wanming-R013-137-narrative-candidate	R058	cangjie/reading/R007/wanming_receipts.jsonl	STAGE0_SOURCE_B_QUALITY	UNREVIEWED_B_OPEN	cangjie/reading/R007/wanming_receipts.jsonl	B076	B077_B079_B080_B095	Each of 192 unchecked: verify private EPUB locus + B mechanism + opposite interpretation + counterexample; the 104 old scoped reviews stay provisional.
STAGE0:R013:wanming-R013-139-narrative-candidate	STAGE0_B_CLAIM	wanming-R013-139-narrative-candidate	R058	cangjie/reading/R007/wanming_receipts.jsonl	STAGE0_SOURCE_B_QUALITY	UNREVIEWED_B_OPEN	cangjie/reading/R007/wanming_receipts.jsonl	B076	B077_B079_B080_B095	Each of 192 unchecked: verify private EPUB locus + B mechanism + opposite interpretation + counterexample; the 104 old scoped reviews stay provisional.
STAGE0:R013:wanming-R013-140-narrative-candidate	STAGE0_B_CLAIM	wanming-R013-140-narrative-candidate	R058	cangjie/reading/R007/wanming_receipts.jsonl	STAGE0_SOURCE_B_QUALITY	SCOPED_B_REVIEW_NOT_VERIFIED	cangjie/reading/R007/wanming_receipts.jsonl	B076	B077_B079_B080_B095	Each of 192 unchecked: verify private EPUB locus + B mechanism + opposite interpretation + counterexample; the 104 old scoped reviews stay provisional.
STAGE0:R013:wanming-R013-143-narrative-candidate	STAGE0_B_CLAIM	wanming-R013-143-narrative-candidate	R058	cangjie/reading/R007/wanming_receipts.jsonl	STAGE0_SOURCE_B_QUALITY	SCOPED_B_REVIEW_NOT_VERIFIED	cangjie/reading/R007/wanming_receipts.jsonl	B076	B077_B079_B080_B095	Each of 192 unchecked: verify private EPUB locus + B mechanism + opposite interpretation + counterexample; the 104 old scoped reviews stay provisional.
STAGE0:R013:wanming-R013-147-narrative-candidate	STAGE0_B_CLAIM	wanming-R013-147-narrative-candidate	R058	cangjie/reading/R007/wanming_receipts.jsonl	STAGE0_SOURCE_B_QUALITY	UNREVIEWED_B_OPEN	cangjie/reading/R007/wanming_receipts.jsonl	B076	B077_B079_B080_B095	Each of 192 unchecked: verify private EPUB locus + B mechanism + opposite interpretation + counterexample; the 104 old scoped reviews stay provisional.
STAGE0:R013:wanming-R013-149-narrative-candidate	STAGE0_B_CLAIM	wanming-R013-149-narrative-candidate	R058	cangjie/reading/R007/wanming_receipts.jsonl	STAGE0_SOURCE_B_QUALITY	UNREVIEWED_B_OPEN	cangjie/reading/R007/wanming_receipts.jsonl	B076	B077_B079_B080_B095	Each of 192 unchecked: verify private EPUB locus + B mechanism + opposite interpretation + counterexample; the 104 old scoped reviews stay provisional.
STAGE0:R013:wanming-R013-150-narrative-candidate	STAGE0_B_CLAIM	wanming-R013-150-narrative-candidate	R058	cangjie/reading/R007/wanming_receipts.jsonl	STAGE0_SOURCE_B_QUALITY	SCOPED_B_REVIEW_NOT_VERIFIED	cangjie/reading/R007/wanming_receipts.jsonl	B076	B077_B079_B080_B095	Each of 192 unchecked: verify private EPUB locus + B mechanism + opposite interpretation + counterexample; the 104 old scoped reviews stay provisional.
STAGE0:R013:wanming-R013-154-narrative-candidate	STAGE0_B_CLAIM	wanming-R013-154-narrative-candidate	R058	cangjie/reading/R007/wanming_receipts.jsonl	STAGE0_SOURCE_B_QUALITY	UNREVIEWED_B_OPEN	cangjie/reading/R007/wanming_receipts.jsonl	B076	B077_B079_B080_B095	Each of 192 unchecked: verify private EPUB locus + B mechanism + opposite interpretation + counterexample; the 104 old scoped reviews stay provisional.
STAGE0:R013:wanming-R013-156-narrative-candidate	STAGE0_B_CLAIM	wanming-R013-156-narrative-candidate	R058	cangjie/reading/R007/wanming_receipts.jsonl	STAGE0_SOURCE_B_QUALITY	UNREVIEWED_B_OPEN	cangjie/reading/R007/wanming_receipts.jsonl	B076	B077_B079_B080_B095	Each of 192 unchecked: verify private EPUB locus + B mechanism + opposite interpretation + counterexample; the 104 old scoped reviews stay provisional.
STAGE0:R013:wanming-R013-157-narrative-candidate	STAGE0_B_CLAIM	wanming-R013-157-narrative-candidate	R058	cangjie/reading/R007/wanming_receipts.jsonl	STAGE0_SOURCE_B_QUALITY	UNREVIEWED_B_OPEN	cangjie/reading/R007/wanming_receipts.jsonl	B076	B077_B079_B080_B095	Each of 192 unchecked: verify private EPUB locus + B mechanism + opposite interpretation + counterexample; the 104 old scoped reviews stay provisional.
STAGE0:R013:wanming-R013-159-narrative-candidate	STAGE0_B_CLAIM	wanming-R013-159-narrative-candidate	R058	cangjie/reading/R007/wanming_receipts.jsonl	STAGE0_SOURCE_B_QUALITY	UNREVIEWED_B_OPEN	cangjie/reading/R007/wanming_receipts.jsonl	B076	B077_B079_B080_B095	Each of 192 unchecked: verify private EPUB locus + B mechanism + opposite interpretation + counterexample; the 104 old scoped reviews stay provisional.
STAGE0:R013:wanming-R013-160-narrative-candidate	STAGE0_B_CLAIM	wanming-R013-160-narrative-candidate	R058	cangjie/reading/R007/wanming_receipts.jsonl	STAGE0_SOURCE_B_QUALITY	SCOPED_B_REVIEW_NOT_VERIFIED	cangjie/reading/R007/wanming_receipts.jsonl	B076	B077_B079_B080_B095	Each of 192 unchecked: verify private EPUB locus + B mechanism + opposite interpretation + counterexample; the 104 old scoped reviews stay provisional.
STAGE0:R015:wanming-R015-161-narrative-candidate	STAGE0_B_CLAIM	wanming-R015-161-narrative-candidate	R058	cangjie/reading/R007/wanming_receipts.jsonl	STAGE0_SOURCE_B_QUALITY	SCOPED_B_REVIEW_NOT_VERIFIED	cangjie/reading/R007/wanming_receipts.jsonl	B076	B077_B079_B080_B095	Each of 192 unchecked: verify private EPUB locus + B mechanism + opposite interpretation + counterexample; the 104 old scoped reviews stay provisional.
STAGE0:R015:wanming-R015-164-narrative-candidate	STAGE0_B_CLAIM	wanming-R015-164-narrative-candidate	R058	cangjie/reading/R007/wanming_receipts.jsonl	STAGE0_SOURCE_B_QUALITY	UNREVIEWED_B_OPEN	cangjie/reading/R007/wanming_receipts.jsonl	B076	B077_B079_B080_B095	Each of 192 unchecked: verify private EPUB locus + B mechanism + opposite interpretation + counterexample; the 104 old scoped reviews stay provisional.
STAGE0:R015:wanming-R015-169-narrative-candidate	STAGE0_B_CLAIM	wanming-R015-169-narrative-candidate	R058	cangjie/reading/R007/wanming_receipts.jsonl	STAGE0_SOURCE_B_QUALITY	UNREVIEWED_B_OPEN	cangjie/reading/R007/wanming_receipts.jsonl	B076	B077_B079_B080_B095	Each of 192 unchecked: verify private EPUB locus + B mechanism + opposite interpretation + counterexample; the 104 old scoped reviews stay provisional.
STAGE0:R015:wanming-R015-173-narrative-candidate	STAGE0_B_CLAIM	wanming-R015-173-narrative-candidate	R058	cangjie/reading/R007/wanming_receipts.jsonl	STAGE0_SOURCE_B_QUALITY	UNREVIEWED_B_OPEN	cangjie/reading/R007/wanming_receipts.jsonl	B076	B077_B079_B080_B095	Each of 192 unchecked: verify private EPUB locus + B mechanism + opposite interpretation + counterexample; the 104 old scoped reviews stay provisional.
STAGE0:R015:wanming-R015-176-narrative-candidate	STAGE0_B_CLAIM	wanming-R015-176-narrative-candidate	R058	cangjie/reading/R007/wanming_receipts.jsonl	STAGE0_SOURCE_B_QUALITY	UNREVIEWED_B_OPEN	cangjie/reading/R007/wanming_receipts.jsonl	B076	B077_B079_B080_B095	Each of 192 unchecked: verify private EPUB locus + B mechanism + opposite interpretation + counterexample; the 104 old scoped reviews stay provisional.
STAGE0:R015:wanming-R015-179-narrative-candidate	STAGE0_B_CLAIM	wanming-R015-179-narrative-candidate	R058	cangjie/reading/R007/wanming_receipts.jsonl	STAGE0_SOURCE_B_QUALITY	UNREVIEWED_B_OPEN	cangjie/reading/R007/wanming_receipts.jsonl	B076	B077_B079_B080_B095	Each of 192 unchecked: verify private EPUB locus + B mechanism + opposite interpretation + counterexample; the 104 old scoped reviews stay provisional.
STAGE0:R015:wanming-R015-180-narrative-candidate	STAGE0_B_CLAIM	wanming-R015-180-narrative-candidate	R058	cangjie/reading/R007/wanming_receipts.jsonl	STAGE0_SOURCE_B_QUALITY	UNREVIEWED_B_OPEN	cangjie/reading/R007/wanming_receipts.jsonl	B076	B077_B079_B080_B095	Each of 192 unchecked: verify private EPUB locus + B mechanism + opposite interpretation + counterexample; the 104 old scoped reviews stay provisional.
STAGE0:R015:wanming-R015-182-narrative-candidate	STAGE0_B_CLAIM	wanming-R015-182-narrative-candidate	R058	cangjie/reading/R007/wanming_receipts.jsonl	STAGE0_SOURCE_B_QUALITY	UNREVIEWED_B_OPEN	cangjie/reading/R007/wanming_receipts.jsonl	B076	B077_B079_B080_B095	Each of 192 unchecked: verify private EPUB locus + B mechanism + opposite interpretation + counterexample; the 104 old scoped reviews stay provisional.
STAGE0:R015:wanming-R015-185-narrative-candidate	STAGE0_B_CLAIM	wanming-R015-185-narrative-candidate	R058	cangjie/reading/R007/wanming_receipts.jsonl	STAGE0_SOURCE_B_QUALITY	SCOPED_B_REVIEW_NOT_VERIFIED	cangjie/reading/R007/wanming_receipts.jsonl	B076	B077_B079_B080_B095	Each of 192 unchecked: verify private EPUB locus + B mechanism + opposite interpretation + counterexample; the 104 old scoped reviews stay provisional.
STAGE0:R015:wanming-R015-187-narrative-candidate	STAGE0_B_CLAIM	wanming-R015-187-narrative-candidate	R058	cangjie/reading/R007/wanming_receipts.jsonl	STAGE0_SOURCE_B_QUALITY	UNREVIEWED_B_OPEN	cangjie/reading/R007/wanming_receipts.jsonl	B076	B077_B079_B080_B095	Each of 192 unchecked: verify private EPUB locus + B mechanism + opposite interpretation + counterexample; the 104 old scoped reviews stay provisional.
STAGE0:R015:wanming-R015-189-narrative-candidate	STAGE0_B_CLAIM	wanming-R015-189-narrative-candidate	R058	cangjie/reading/R007/wanming_receipts.jsonl	STAGE0_SOURCE_B_QUALITY	UNREVIEWED_B_OPEN	cangjie/reading/R007/wanming_receipts.jsonl	B076	B077_B079_B080_B095	Each of 192 unchecked: verify private EPUB locus + B mechanism + opposite interpretation + counterexample; the 104 old scoped reviews stay provisional.
STAGE0:R015:wanming-R015-190-narrative-candidate	STAGE0_B_CLAIM	wanming-R015-190-narrative-candidate	R058	cangjie/reading/R007/wanming_receipts.jsonl	STAGE0_SOURCE_B_QUALITY	UNREVIEWED_B_OPEN	cangjie/reading/R007/wanming_receipts.jsonl	B076	B077_B079_B080_B095	Each of 192 unchecked: verify private EPUB locus + B mechanism + opposite interpretation + counterexample; the 104 old scoped reviews stay provisional.
STAGE0:R015:wanming-R015-191-narrative-candidate	STAGE0_B_CLAIM	wanming-R015-191-narrative-candidate	R058	cangjie/reading/R007/wanming_receipts.jsonl	STAGE0_SOURCE_B_QUALITY	SCOPED_B_REVIEW_NOT_VERIFIED	cangjie/reading/R007/wanming_receipts.jsonl	B076	B077_B079_B080_B095	Each of 192 unchecked: verify private EPUB locus + B mechanism + opposite interpretation + counterexample; the 104 old scoped reviews stay provisional.
STAGE0:R015:wanming-R015-194-narrative-candidate	STAGE0_B_CLAIM	wanming-R015-194-narrative-candidate	R058	cangjie/reading/R007/wanming_receipts.jsonl	STAGE0_SOURCE_B_QUALITY	UNREVIEWED_B_OPEN	cangjie/reading/R007/wanming_receipts.jsonl	B076	B077_B079_B080_B095	Each of 192 unchecked: verify private EPUB locus + B mechanism + opposite interpretation + counterexample; the 104 old scoped reviews stay provisional.
STAGE0:R015:wanming-R015-196-narrative-candidate	STAGE0_B_CLAIM	wanming-R015-196-narrative-candidate	R058	cangjie/reading/R007/wanming_receipts.jsonl	STAGE0_SOURCE_B_QUALITY	UNREVIEWED_B_OPEN	cangjie/reading/R007/wanming_receipts.jsonl	B076	B077_B079_B080_B095	Each of 192 unchecked: verify private EPUB locus + B mechanism + opposite interpretation + counterexample; the 104 old scoped reviews stay provisional.
STAGE0:R015:wanming-R015-197-narrative-candidate	STAGE0_B_CLAIM	wanming-R015-197-narrative-candidate	R058	cangjie/reading/R007/wanming_receipts.jsonl	STAGE0_SOURCE_B_QUALITY	UNREVIEWED_B_OPEN	cangjie/reading/R007/wanming_receipts.jsonl	B076	B077_B079_B080_B095	Each of 192 unchecked: verify private EPUB locus + B mechanism + opposite interpretation + counterexample; the 104 old scoped reviews stay provisional.
STAGE0:R015:wanming-R015-199-narrative-candidate	STAGE0_B_CLAIM	wanming-R015-199-narrative-candidate	R058	cangjie/reading/R007/wanming_receipts.jsonl	STAGE0_SOURCE_B_QUALITY	UNREVIEWED_B_OPEN	cangjie/reading/R007/wanming_receipts.jsonl	B076	B077_B079_B080_B095	Each of 192 unchecked: verify private EPUB locus + B mechanism + opposite interpretation + counterexample; the 104 old scoped reviews stay provisional.
STAGE0:R015:wanming-R015-200-narrative-candidate	STAGE0_B_CLAIM	wanming-R015-200-narrative-candidate	R058	cangjie/reading/R007/wanming_receipts.jsonl	STAGE0_SOURCE_B_QUALITY	SCOPED_B_REVIEW_NOT_VERIFIED	cangjie/reading/R007/wanming_receipts.jsonl	B076	B077_B079_B080_B095	Each of 192 unchecked: verify private EPUB locus + B mechanism + opposite interpretation + counterexample; the 104 old scoped reviews stay provisional.
STAGE0:R017:wanming-R017-201-candidate	STAGE0_B_CLAIM	wanming-R017-201-candidate	R058	cangjie/reading/R007/wanming_receipts.jsonl	STAGE0_SOURCE_B_QUALITY	SCOPED_B_REVIEW_NOT_VERIFIED	cangjie/reading/R007/wanming_receipts.jsonl	B076	B077_B079_B080_B095	Each of 192 unchecked: verify private EPUB locus + B mechanism + opposite interpretation + counterexample; the 104 old scoped reviews stay provisional.
STAGE0:R017:wanming-R017-202-candidate	STAGE0_B_CLAIM	wanming-R017-202-candidate	R058	cangjie/reading/R007/wanming_receipts.jsonl	STAGE0_SOURCE_B_QUALITY	UNREVIEWED_B_OPEN	cangjie/reading/R007/wanming_receipts.jsonl	B076	B077_B079_B080_B095	Each of 192 unchecked: verify private EPUB locus + B mechanism + opposite interpretation + counterexample; the 104 old scoped reviews stay provisional.
STAGE0:R017:wanming-R017-203-candidate	STAGE0_B_CLAIM	wanming-R017-203-candidate	R058	cangjie/reading/R007/wanming_receipts.jsonl	STAGE0_SOURCE_B_QUALITY	UNREVIEWED_B_OPEN	cangjie/reading/R007/wanming_receipts.jsonl	B076	B077_B079_B080_B095	Each of 192 unchecked: verify private EPUB locus + B mechanism + opposite interpretation + counterexample; the 104 old scoped reviews stay provisional.
STAGE0:R017:wanming-R017-207-candidate	STAGE0_B_CLAIM	wanming-R017-207-candidate	R058	cangjie/reading/R007/wanming_receipts.jsonl	STAGE0_SOURCE_B_QUALITY	UNREVIEWED_B_OPEN	cangjie/reading/R007/wanming_receipts.jsonl	B076	B077_B079_B080_B095	Each of 192 unchecked: verify private EPUB locus + B mechanism + opposite interpretation + counterexample; the 104 old scoped reviews stay provisional.
STAGE0:R017:wanming-R017-212-candidate	STAGE0_B_CLAIM	wanming-R017-212-candidate	R058	cangjie/reading/R007/wanming_receipts.jsonl	STAGE0_SOURCE_B_QUALITY	UNREVIEWED_B_OPEN	cangjie/reading/R007/wanming_receipts.jsonl	B076	B077_B079_B080_B095	Each of 192 unchecked: verify private EPUB locus + B mechanism + opposite interpretation + counterexample; the 104 old scoped reviews stay provisional.
STAGE0:R017:wanming-R017-213-candidate	STAGE0_B_CLAIM	wanming-R017-213-candidate	R058	cangjie/reading/R007/wanming_receipts.jsonl	STAGE0_SOURCE_B_QUALITY	UNREVIEWED_B_OPEN	cangjie/reading/R007/wanming_receipts.jsonl	B076	B077_B079_B080_B095	Each of 192 unchecked: verify private EPUB locus + B mechanism + opposite interpretation + counterexample; the 104 old scoped reviews stay provisional.
STAGE0:R017:wanming-R017-214-candidate	STAGE0_B_CLAIM	wanming-R017-214-candidate	R058	cangjie/reading/R007/wanming_receipts.jsonl	STAGE0_SOURCE_B_QUALITY	UNREVIEWED_B_OPEN	cangjie/reading/R007/wanming_receipts.jsonl	B076	B077_B079_B080_B095	Each of 192 unchecked: verify private EPUB locus + B mechanism + opposite interpretation + counterexample; the 104 old scoped reviews stay provisional.
STAGE0:R017:wanming-R017-216-candidate	STAGE0_B_CLAIM	wanming-R017-216-candidate	R058	cangjie/reading/R007/wanming_receipts.jsonl	STAGE0_SOURCE_B_QUALITY	UNREVIEWED_B_OPEN	cangjie/reading/R007/wanming_receipts.jsonl	B076	B077_B079_B080_B095	Each of 192 unchecked: verify private EPUB locus + B mechanism + opposite interpretation + counterexample; the 104 old scoped reviews stay provisional.
STAGE0:R017:wanming-R017-217-candidate	STAGE0_B_CLAIM	wanming-R017-217-candidate	R058	cangjie/reading/R007/wanming_receipts.jsonl	STAGE0_SOURCE_B_QUALITY	UNREVIEWED_B_OPEN	cangjie/reading/R007/wanming_receipts.jsonl	B076	B077_B079_B080_B095	Each of 192 unchecked: verify private EPUB locus + B mechanism + opposite interpretation + counterexample; the 104 old scoped reviews stay provisional.
STAGE0:R017:wanming-R017-219-candidate	STAGE0_B_CLAIM	wanming-R017-219-candidate	R058	cangjie/reading/R007/wanming_receipts.jsonl	STAGE0_SOURCE_B_QUALITY	SCOPED_B_REVIEW_NOT_VERIFIED	cangjie/reading/R007/wanming_receipts.jsonl	B076	B077_B079_B080_B095	Each of 192 unchecked: verify private EPUB locus + B mechanism + opposite interpretation + counterexample; the 104 old scoped reviews stay provisional.
STAGE0:R017:wanming-R017-220-candidate	STAGE0_B_CLAIM	wanming-R017-220-candidate	R058	cangjie/reading/R007/wanming_receipts.jsonl	STAGE0_SOURCE_B_QUALITY	SCOPED_B_REVIEW_NOT_VERIFIED	cangjie/reading/R007/wanming_receipts.jsonl	B076	B077_B079_B080_B095	Each of 192 unchecked: verify private EPUB locus + B mechanism + opposite interpretation + counterexample; the 104 old scoped reviews stay provisional.
STAGE0:R017:wanming-R017-222-candidate	STAGE0_B_CLAIM	wanming-R017-222-candidate	R058	cangjie/reading/R007/wanming_receipts.jsonl	STAGE0_SOURCE_B_QUALITY	UNREVIEWED_B_OPEN	cangjie/reading/R007/wanming_receipts.jsonl	B076	B077_B079_B080_B095	Each of 192 unchecked: verify private EPUB locus + B mechanism + opposite interpretation + counterexample; the 104 old scoped reviews stay provisional.
STAGE0:R017:wanming-R017-223-candidate	STAGE0_B_CLAIM	wanming-R017-223-candidate	R058	cangjie/reading/R007/wanming_receipts.jsonl	STAGE0_SOURCE_B_QUALITY	UNREVIEWED_B_OPEN	cangjie/reading/R007/wanming_receipts.jsonl	B076	B077_B079_B080_B095	Each of 192 unchecked: verify private EPUB locus + B mechanism + opposite interpretation + counterexample; the 104 old scoped reviews stay provisional.
STAGE0:R017:wanming-R017-225-candidate	STAGE0_B_CLAIM	wanming-R017-225-candidate	R058	cangjie/reading/R007/wanming_receipts.jsonl	STAGE0_SOURCE_B_QUALITY	SCOPED_B_REVIEW_NOT_VERIFIED	cangjie/reading/R007/wanming_receipts.jsonl	B076	B077_B079_B080_B095	Each of 192 unchecked: verify private EPUB locus + B mechanism + opposite interpretation + counterexample; the 104 old scoped reviews stay provisional.
STAGE0:R017:wanming-R017-229-candidate	STAGE0_B_CLAIM	wanming-R017-229-candidate	R058	cangjie/reading/R007/wanming_receipts.jsonl	STAGE0_SOURCE_B_QUALITY	UNREVIEWED_B_OPEN	cangjie/reading/R007/wanming_receipts.jsonl	B076	B077_B079_B080_B095	Each of 192 unchecked: verify private EPUB locus + B mechanism + opposite interpretation + counterexample; the 104 old scoped reviews stay provisional.
STAGE0:R017:wanming-R017-231-candidate	STAGE0_B_CLAIM	wanming-R017-231-candidate	R058	cangjie/reading/R007/wanming_receipts.jsonl	STAGE0_SOURCE_B_QUALITY	UNREVIEWED_B_OPEN	cangjie/reading/R007/wanming_receipts.jsonl	B076	B077_B079_B080_B095	Each of 192 unchecked: verify private EPUB locus + B mechanism + opposite interpretation + counterexample; the 104 old scoped reviews stay provisional.
STAGE0:R017:wanming-R017-233-candidate	STAGE0_B_CLAIM	wanming-R017-233-candidate	R058	cangjie/reading/R007/wanming_receipts.jsonl	STAGE0_SOURCE_B_QUALITY	UNREVIEWED_B_OPEN	cangjie/reading/R007/wanming_receipts.jsonl	B076	B077_B079_B080_B095	Each of 192 unchecked: verify private EPUB locus + B mechanism + opposite interpretation + counterexample; the 104 old scoped reviews stay provisional.
STAGE0:R017:wanming-R017-237-candidate	STAGE0_B_CLAIM	wanming-R017-237-candidate	R058	cangjie/reading/R007/wanming_receipts.jsonl	STAGE0_SOURCE_B_QUALITY	UNREVIEWED_B_OPEN	cangjie/reading/R007/wanming_receipts.jsonl	B076	B077_B079_B080_B095	Each of 192 unchecked: verify private EPUB locus + B mechanism + opposite interpretation + counterexample; the 104 old scoped reviews stay provisional.
STAGE0:R017:wanming-R017-239-candidate	STAGE0_B_CLAIM	wanming-R017-239-candidate	R058	cangjie/reading/R007/wanming_receipts.jsonl	STAGE0_SOURCE_B_QUALITY	UNREVIEWED_B_OPEN	cangjie/reading/R007/wanming_receipts.jsonl	B076	B077_B079_B080_B095	Each of 192 unchecked: verify private EPUB locus + B mechanism + opposite interpretation + counterexample; the 104 old scoped reviews stay provisional.
STAGE0:R017:wanming-R017-240-candidate	STAGE0_B_CLAIM	wanming-R017-240-candidate	R058	cangjie/reading/R007/wanming_receipts.jsonl	STAGE0_SOURCE_B_QUALITY	SCOPED_B_REVIEW_NOT_VERIFIED	cangjie/reading/R007/wanming_receipts.jsonl	B076	B077_B079_B080_B095	Each of 192 unchecked: verify private EPUB locus + B mechanism + opposite interpretation + counterexample; the 104 old scoped reviews stay provisional.
STAGE0:R019:v13-r019-wanming-241-candidate	STAGE0_B_CLAIM	v13-r019-wanming-241-candidate	R059	cangjie/reading/R007/wanming_receipts.jsonl	STAGE0_SOURCE_B_QUALITY	SCOPED_B_REVIEW_NOT_VERIFIED	cangjie/reading/R007/wanming_receipts.jsonl	B076	B077_B079_B080_B095	Each of 192 unchecked: verify private EPUB locus + B mechanism + opposite interpretation + counterexample; the 104 old scoped reviews stay provisional.
STAGE0:R019:v13-r019-wanming-242-candidate	STAGE0_B_CLAIM	v13-r019-wanming-242-candidate	R059	cangjie/reading/R007/wanming_receipts.jsonl	STAGE0_SOURCE_B_QUALITY	UNREVIEWED_B_OPEN	cangjie/reading/R007/wanming_receipts.jsonl	B076	B077_B079_B080_B095	Each of 192 unchecked: verify private EPUB locus + B mechanism + opposite interpretation + counterexample; the 104 old scoped reviews stay provisional.
STAGE0:R019:v13-r019-wanming-243-candidate	STAGE0_B_CLAIM	v13-r019-wanming-243-candidate	R059	cangjie/reading/R007/wanming_receipts.jsonl	STAGE0_SOURCE_B_QUALITY	UNREVIEWED_B_OPEN	cangjie/reading/R007/wanming_receipts.jsonl	B076	B077_B079_B080_B095	Each of 192 unchecked: verify private EPUB locus + B mechanism + opposite interpretation + counterexample; the 104 old scoped reviews stay provisional.
STAGE0:R019:v13-r019-wanming-246-candidate	STAGE0_B_CLAIM	v13-r019-wanming-246-candidate	R059	cangjie/reading/R007/wanming_receipts.jsonl	STAGE0_SOURCE_B_QUALITY	UNREVIEWED_B_OPEN	cangjie/reading/R007/wanming_receipts.jsonl	B076	B077_B079_B080_B095	Each of 192 unchecked: verify private EPUB locus + B mechanism + opposite interpretation + counterexample; the 104 old scoped reviews stay provisional.
STAGE0:R019:v13-r019-wanming-248-candidate	STAGE0_B_CLAIM	v13-r019-wanming-248-candidate	R059	cangjie/reading/R007/wanming_receipts.jsonl	STAGE0_SOURCE_B_QUALITY	UNREVIEWED_B_OPEN	cangjie/reading/R007/wanming_receipts.jsonl	B076	B077_B079_B080_B095	Each of 192 unchecked: verify private EPUB locus + B mechanism + opposite interpretation + counterexample; the 104 old scoped reviews stay provisional.
STAGE0:R019:v13-r019-wanming-250-candidate	STAGE0_B_CLAIM	v13-r019-wanming-250-candidate	R059	cangjie/reading/R007/wanming_receipts.jsonl	STAGE0_SOURCE_B_QUALITY	UNREVIEWED_B_OPEN	cangjie/reading/R007/wanming_receipts.jsonl	B076	B077_B079_B080_B095	Each of 192 unchecked: verify private EPUB locus + B mechanism + opposite interpretation + counterexample; the 104 old scoped reviews stay provisional.
STAGE0:R019:v13-r019-wanming-252-candidate	STAGE0_B_CLAIM	v13-r019-wanming-252-candidate	R059	cangjie/reading/R007/wanming_receipts.jsonl	STAGE0_SOURCE_B_QUALITY	UNREVIEWED_B_OPEN	cangjie/reading/R007/wanming_receipts.jsonl	B076	B077_B079_B080_B095	Each of 192 unchecked: verify private EPUB locus + B mechanism + opposite interpretation + counterexample; the 104 old scoped reviews stay provisional.
STAGE0:R019:v13-r019-wanming-255-candidate	STAGE0_B_CLAIM	v13-r019-wanming-255-candidate	R059	cangjie/reading/R007/wanming_receipts.jsonl	STAGE0_SOURCE_B_QUALITY	UNREVIEWED_B_OPEN	cangjie/reading/R007/wanming_receipts.jsonl	B076	B077_B079_B080_B095	Each of 192 unchecked: verify private EPUB locus + B mechanism + opposite interpretation + counterexample; the 104 old scoped reviews stay provisional.
STAGE0:R019:v13-r019-wanming-256-candidate	STAGE0_B_CLAIM	v13-r019-wanming-256-candidate	R059	cangjie/reading/R007/wanming_receipts.jsonl	STAGE0_SOURCE_B_QUALITY	UNREVIEWED_B_OPEN	cangjie/reading/R007/wanming_receipts.jsonl	B076	B077_B079_B080_B095	Each of 192 unchecked: verify private EPUB locus + B mechanism + opposite interpretation + counterexample; the 104 old scoped reviews stay provisional.
STAGE0:R019:v13-r019-wanming-259-candidate	STAGE0_B_CLAIM	v13-r019-wanming-259-candidate	R059	cangjie/reading/R007/wanming_receipts.jsonl	STAGE0_SOURCE_B_QUALITY	SCOPED_B_REVIEW_NOT_VERIFIED	cangjie/reading/R007/wanming_receipts.jsonl	B076	B077_B079_B080_B095	Each of 192 unchecked: verify private EPUB locus + B mechanism + opposite interpretation + counterexample; the 104 old scoped reviews stay provisional.
STAGE0:R019:v13-r019-wanming-262-candidate	STAGE0_B_CLAIM	v13-r019-wanming-262-candidate	R059	cangjie/reading/R007/wanming_receipts.jsonl	STAGE0_SOURCE_B_QUALITY	UNREVIEWED_B_OPEN	cangjie/reading/R007/wanming_receipts.jsonl	B076	B077_B079_B080_B095	Each of 192 unchecked: verify private EPUB locus + B mechanism + opposite interpretation + counterexample; the 104 old scoped reviews stay provisional.
STAGE0:R019:v13-r019-wanming-263-candidate	STAGE0_B_CLAIM	v13-r019-wanming-263-candidate	R059	cangjie/reading/R007/wanming_receipts.jsonl	STAGE0_SOURCE_B_QUALITY	UNREVIEWED_B_OPEN	cangjie/reading/R007/wanming_receipts.jsonl	B076	B077_B079_B080_B095	Each of 192 unchecked: verify private EPUB locus + B mechanism + opposite interpretation + counterexample; the 104 old scoped reviews stay provisional.
STAGE0:R019:v13-r019-wanming-265-candidate	STAGE0_B_CLAIM	v13-r019-wanming-265-candidate	R059	cangjie/reading/R007/wanming_receipts.jsonl	STAGE0_SOURCE_B_QUALITY	SCOPED_B_REVIEW_NOT_VERIFIED	cangjie/reading/R007/wanming_receipts.jsonl	B076	B077_B079_B080_B095	Each of 192 unchecked: verify private EPUB locus + B mechanism + opposite interpretation + counterexample; the 104 old scoped reviews stay provisional.
STAGE0:R019:v13-r019-wanming-268-candidate	STAGE0_B_CLAIM	v13-r019-wanming-268-candidate	R059	cangjie/reading/R007/wanming_receipts.jsonl	STAGE0_SOURCE_B_QUALITY	SCOPED_B_REVIEW_NOT_VERIFIED	cangjie/reading/R007/wanming_receipts.jsonl	B076	B077_B079_B080_B095	Each of 192 unchecked: verify private EPUB locus + B mechanism + opposite interpretation + counterexample; the 104 old scoped reviews stay provisional.
STAGE0:R019:v13-r019-wanming-270-candidate	STAGE0_B_CLAIM	v13-r019-wanming-270-candidate	R059	cangjie/reading/R007/wanming_receipts.jsonl	STAGE0_SOURCE_B_QUALITY	UNREVIEWED_B_OPEN	cangjie/reading/R007/wanming_receipts.jsonl	B076	B077_B079_B080_B095	Each of 192 unchecked: verify private EPUB locus + B mechanism + opposite interpretation + counterexample; the 104 old scoped reviews stay provisional.
STAGE0:R019:v13-r019-wanming-272-candidate	STAGE0_B_CLAIM	v13-r019-wanming-272-candidate	R059	cangjie/reading/R007/wanming_receipts.jsonl	STAGE0_SOURCE_B_QUALITY	UNREVIEWED_B_OPEN	cangjie/reading/R007/wanming_receipts.jsonl	B076	B077_B079_B080_B095	Each of 192 unchecked: verify private EPUB locus + B mechanism + opposite interpretation + counterexample; the 104 old scoped reviews stay provisional.
STAGE0:R019:v13-r019-wanming-273-candidate	STAGE0_B_CLAIM	v13-r019-wanming-273-candidate	R059	cangjie/reading/R007/wanming_receipts.jsonl	STAGE0_SOURCE_B_QUALITY	UNREVIEWED_B_OPEN	cangjie/reading/R007/wanming_receipts.jsonl	B076	B077_B079_B080_B095	Each of 192 unchecked: verify private EPUB locus + B mechanism + opposite interpretation + counterexample; the 104 old scoped reviews stay provisional.
STAGE0:R019:v13-r019-wanming-274-candidate	STAGE0_B_CLAIM	v13-r019-wanming-274-candidate	R059	cangjie/reading/R007/wanming_receipts.jsonl	STAGE0_SOURCE_B_QUALITY	UNREVIEWED_B_OPEN	cangjie/reading/R007/wanming_receipts.jsonl	B076	B077_B079_B080_B095	Each of 192 unchecked: verify private EPUB locus + B mechanism + opposite interpretation + counterexample; the 104 old scoped reviews stay provisional.
STAGE0:R019:v13-r019-wanming-277-candidate	STAGE0_B_CLAIM	v13-r019-wanming-277-candidate	R059	cangjie/reading/R007/wanming_receipts.jsonl	STAGE0_SOURCE_B_QUALITY	UNREVIEWED_B_OPEN	cangjie/reading/R007/wanming_receipts.jsonl	B076	B077_B079_B080_B095	Each of 192 unchecked: verify private EPUB locus + B mechanism + opposite interpretation + counterexample; the 104 old scoped reviews stay provisional.
STAGE0:R019:v13-r019-wanming-280-candidate	STAGE0_B_CLAIM	v13-r019-wanming-280-candidate	R059	cangjie/reading/R007/wanming_receipts.jsonl	STAGE0_SOURCE_B_QUALITY	SCOPED_B_REVIEW_NOT_VERIFIED	cangjie/reading/R007/wanming_receipts.jsonl	B076	B077_B079_B080_B095	Each of 192 unchecked: verify private EPUB locus + B mechanism + opposite interpretation + counterexample; the 104 old scoped reviews stay provisional.
STAGE0:R021:V13-R021-wanming-281-candidate	STAGE0_B_CLAIM	V13-R021-wanming-281-candidate	R059	cangjie/reading/R007/wanming_receipts.jsonl	STAGE0_SOURCE_B_QUALITY	SCOPED_B_REVIEW_NOT_VERIFIED	cangjie/reading/R007/wanming_receipts.jsonl	B076	B077_B079_B080_B095	Each of 192 unchecked: verify private EPUB locus + B mechanism + opposite interpretation + counterexample; the 104 old scoped reviews stay provisional.
STAGE0:R021:V13-R021-wanming-282-candidate	STAGE0_B_CLAIM	V13-R021-wanming-282-candidate	R059	cangjie/reading/R007/wanming_receipts.jsonl	STAGE0_SOURCE_B_QUALITY	UNREVIEWED_B_OPEN	cangjie/reading/R007/wanming_receipts.jsonl	B076	B077_B079_B080_B095	Each of 192 unchecked: verify private EPUB locus + B mechanism + opposite interpretation + counterexample; the 104 old scoped reviews stay provisional.
STAGE0:R021:V13-R021-wanming-283-candidate	STAGE0_B_CLAIM	V13-R021-wanming-283-candidate	R059	cangjie/reading/R007/wanming_receipts.jsonl	STAGE0_SOURCE_B_QUALITY	UNREVIEWED_B_OPEN	cangjie/reading/R007/wanming_receipts.jsonl	B076	B077_B079_B080_B095	Each of 192 unchecked: verify private EPUB locus + B mechanism + opposite interpretation + counterexample; the 104 old scoped reviews stay provisional.
STAGE0:R021:V13-R021-wanming-285-candidate	STAGE0_B_CLAIM	V13-R021-wanming-285-candidate	R059	cangjie/reading/R007/wanming_receipts.jsonl	STAGE0_SOURCE_B_QUALITY	UNREVIEWED_B_OPEN	cangjie/reading/R007/wanming_receipts.jsonl	B076	B077_B079_B080_B095	Each of 192 unchecked: verify private EPUB locus + B mechanism + opposite interpretation + counterexample; the 104 old scoped reviews stay provisional.
STAGE0:R021:V13-R021-wanming-288-candidate	STAGE0_B_CLAIM	V13-R021-wanming-288-candidate	R059	cangjie/reading/R007/wanming_receipts.jsonl	STAGE0_SOURCE_B_QUALITY	UNREVIEWED_B_OPEN	cangjie/reading/R007/wanming_receipts.jsonl	B076	B077_B079_B080_B095	Each of 192 unchecked: verify private EPUB locus + B mechanism + opposite interpretation + counterexample; the 104 old scoped reviews stay provisional.
STAGE0:R021:V13-R021-wanming-291-candidate	STAGE0_B_CLAIM	V13-R021-wanming-291-candidate	R059	cangjie/reading/R007/wanming_receipts.jsonl	STAGE0_SOURCE_B_QUALITY	UNREVIEWED_B_OPEN	cangjie/reading/R007/wanming_receipts.jsonl	B076	B077_B079_B080_B095	Each of 192 unchecked: verify private EPUB locus + B mechanism + opposite interpretation + counterexample; the 104 old scoped reviews stay provisional.
STAGE0:R021:V13-R021-wanming-293-candidate	STAGE0_B_CLAIM	V13-R021-wanming-293-candidate	R059	cangjie/reading/R007/wanming_receipts.jsonl	STAGE0_SOURCE_B_QUALITY	UNREVIEWED_B_OPEN	cangjie/reading/R007/wanming_receipts.jsonl	B076	B077_B079_B080_B095	Each of 192 unchecked: verify private EPUB locus + B mechanism + opposite interpretation + counterexample; the 104 old scoped reviews stay provisional.
STAGE0:R021:V13-R021-wanming-295-candidate	STAGE0_B_CLAIM	V13-R021-wanming-295-candidate	R059	cangjie/reading/R007/wanming_receipts.jsonl	STAGE0_SOURCE_B_QUALITY	UNREVIEWED_B_OPEN	cangjie/reading/R007/wanming_receipts.jsonl	B076	B077_B079_B080_B095	Each of 192 unchecked: verify private EPUB locus + B mechanism + opposite interpretation + counterexample; the 104 old scoped reviews stay provisional.
STAGE0:R021:V13-R021-wanming-297-candidate	STAGE0_B_CLAIM	V13-R021-wanming-297-candidate	R059	cangjie/reading/R007/wanming_receipts.jsonl	STAGE0_SOURCE_B_QUALITY	UNREVIEWED_B_OPEN	cangjie/reading/R007/wanming_receipts.jsonl	B076	B077_B079_B080_B095	Each of 192 unchecked: verify private EPUB locus + B mechanism + opposite interpretation + counterexample; the 104 old scoped reviews stay provisional.
STAGE0:R021:V13-R021-wanming-299-candidate	STAGE0_B_CLAIM	V13-R021-wanming-299-candidate	R059	cangjie/reading/R007/wanming_receipts.jsonl	STAGE0_SOURCE_B_QUALITY	SCOPED_B_REVIEW_NOT_VERIFIED	cangjie/reading/R007/wanming_receipts.jsonl	B076	B077_B079_B080_B095	Each of 192 unchecked: verify private EPUB locus + B mechanism + opposite interpretation + counterexample; the 104 old scoped reviews stay provisional.
STAGE0:R021:V13-R021-wanming-301-candidate	STAGE0_B_CLAIM	V13-R021-wanming-301-candidate	R059	cangjie/reading/R007/wanming_receipts.jsonl	STAGE0_SOURCE_B_QUALITY	UNREVIEWED_B_OPEN	cangjie/reading/R007/wanming_receipts.jsonl	B076	B077_B079_B080_B095	Each of 192 unchecked: verify private EPUB locus + B mechanism + opposite interpretation + counterexample; the 104 old scoped reviews stay provisional.
STAGE0:R021:V13-R021-wanming-303-candidate	STAGE0_B_CLAIM	V13-R021-wanming-303-candidate	R059	cangjie/reading/R007/wanming_receipts.jsonl	STAGE0_SOURCE_B_QUALITY	UNREVIEWED_B_OPEN	cangjie/reading/R007/wanming_receipts.jsonl	B076	B077_B079_B080_B095	Each of 192 unchecked: verify private EPUB locus + B mechanism + opposite interpretation + counterexample; the 104 old scoped reviews stay provisional.
STAGE0:R021:V13-R021-wanming-305-candidate	STAGE0_B_CLAIM	V13-R021-wanming-305-candidate	R059	cangjie/reading/R007/wanming_receipts.jsonl	STAGE0_SOURCE_B_QUALITY	SCOPED_B_REVIEW_NOT_VERIFIED	cangjie/reading/R007/wanming_receipts.jsonl	B076	B077_B079_B080_B095	Each of 192 unchecked: verify private EPUB locus + B mechanism + opposite interpretation + counterexample; the 104 old scoped reviews stay provisional.
STAGE0:R021:V13-R021-wanming-307-candidate	STAGE0_B_CLAIM	V13-R021-wanming-307-candidate	R059	cangjie/reading/R007/wanming_receipts.jsonl	STAGE0_SOURCE_B_QUALITY	SCOPED_B_REVIEW_NOT_VERIFIED	cangjie/reading/R007/wanming_receipts.jsonl	B076	B077_B079_B080_B095	Each of 192 unchecked: verify private EPUB locus + B mechanism + opposite interpretation + counterexample; the 104 old scoped reviews stay provisional.
STAGE0:R021:V13-R021-wanming-309-candidate	STAGE0_B_CLAIM	V13-R021-wanming-309-candidate	R059	cangjie/reading/R007/wanming_receipts.jsonl	STAGE0_SOURCE_B_QUALITY	UNREVIEWED_B_OPEN	cangjie/reading/R007/wanming_receipts.jsonl	B076	B077_B079_B080_B095	Each of 192 unchecked: verify private EPUB locus + B mechanism + opposite interpretation + counterexample; the 104 old scoped reviews stay provisional.
STAGE0:R021:V13-R021-wanming-311-candidate	STAGE0_B_CLAIM	V13-R021-wanming-311-candidate	R059	cangjie/reading/R007/wanming_receipts.jsonl	STAGE0_SOURCE_B_QUALITY	UNREVIEWED_B_OPEN	cangjie/reading/R007/wanming_receipts.jsonl	B076	B077_B079_B080_B095	Each of 192 unchecked: verify private EPUB locus + B mechanism + opposite interpretation + counterexample; the 104 old scoped reviews stay provisional.
STAGE0:R021:V13-R021-wanming-313-candidate	STAGE0_B_CLAIM	V13-R021-wanming-313-candidate	R059	cangjie/reading/R007/wanming_receipts.jsonl	STAGE0_SOURCE_B_QUALITY	UNREVIEWED_B_OPEN	cangjie/reading/R007/wanming_receipts.jsonl	B076	B077_B079_B080_B095	Each of 192 unchecked: verify private EPUB locus + B mechanism + opposite interpretation + counterexample; the 104 old scoped reviews stay provisional.
STAGE0:R021:V13-R021-wanming-316-candidate	STAGE0_B_CLAIM	V13-R021-wanming-316-candidate	R059	cangjie/reading/R007/wanming_receipts.jsonl	STAGE0_SOURCE_B_QUALITY	UNREVIEWED_B_OPEN	cangjie/reading/R007/wanming_receipts.jsonl	B076	B077_B079_B080_B095	Each of 192 unchecked: verify private EPUB locus + B mechanism + opposite interpretation + counterexample; the 104 old scoped reviews stay provisional.
STAGE0:R021:V13-R021-wanming-318-candidate	STAGE0_B_CLAIM	V13-R021-wanming-318-candidate	R059	cangjie/reading/R007/wanming_receipts.jsonl	STAGE0_SOURCE_B_QUALITY	UNREVIEWED_B_OPEN	cangjie/reading/R007/wanming_receipts.jsonl	B076	B077_B079_B080_B095	Each of 192 unchecked: verify private EPUB locus + B mechanism + opposite interpretation + counterexample; the 104 old scoped reviews stay provisional.
STAGE0:R021:V13-R021-wanming-320-candidate	STAGE0_B_CLAIM	V13-R021-wanming-320-candidate	R059	cangjie/reading/R007/wanming_receipts.jsonl	STAGE0_SOURCE_B_QUALITY	SCOPED_B_REVIEW_NOT_VERIFIED	cangjie/reading/R007/wanming_receipts.jsonl	B076	B077_B079_B080_B095	Each of 192 unchecked: verify private EPUB locus + B mechanism + opposite interpretation + counterexample; the 104 old scoped reviews stay provisional.
STAGE0:R023:v13-r023-wanming-321-candidate	STAGE0_B_CLAIM	v13-r023-wanming-321-candidate	R059	cangjie/reading/R007/wanming_receipts.jsonl	STAGE0_SOURCE_B_QUALITY	SCOPED_B_REVIEW_NOT_VERIFIED	cangjie/reading/R007/wanming_receipts.jsonl	B076	B077_B079_B080_B095	Each of 192 unchecked: verify private EPUB locus + B mechanism + opposite interpretation + counterexample; the 104 old scoped reviews stay provisional.
STAGE0:R023:v13-r023-wanming-322-candidate	STAGE0_B_CLAIM	v13-r023-wanming-322-candidate	R059	cangjie/reading/R007/wanming_receipts.jsonl	STAGE0_SOURCE_B_QUALITY	UNREVIEWED_B_OPEN	cangjie/reading/R007/wanming_receipts.jsonl	B076	B077_B079_B080_B095	Each of 192 unchecked: verify private EPUB locus + B mechanism + opposite interpretation + counterexample; the 104 old scoped reviews stay provisional.
STAGE0:R023:v13-r023-wanming-323-candidate	STAGE0_B_CLAIM	v13-r023-wanming-323-candidate	R059	cangjie/reading/R007/wanming_receipts.jsonl	STAGE0_SOURCE_B_QUALITY	UNREVIEWED_B_OPEN	cangjie/reading/R007/wanming_receipts.jsonl	B076	B077_B079_B080_B095	Each of 192 unchecked: verify private EPUB locus + B mechanism + opposite interpretation + counterexample; the 104 old scoped reviews stay provisional.
STAGE0:R023:v13-r023-wanming-325-candidate	STAGE0_B_CLAIM	v13-r023-wanming-325-candidate	R059	cangjie/reading/R007/wanming_receipts.jsonl	STAGE0_SOURCE_B_QUALITY	UNREVIEWED_B_OPEN	cangjie/reading/R007/wanming_receipts.jsonl	B076	B077_B079_B080_B095	Each of 192 unchecked: verify private EPUB locus + B mechanism + opposite interpretation + counterexample; the 104 old scoped reviews stay provisional.
STAGE0:R023:v13-r023-wanming-329-candidate	STAGE0_B_CLAIM	v13-r023-wanming-329-candidate	R059	cangjie/reading/R007/wanming_receipts.jsonl	STAGE0_SOURCE_B_QUALITY	UNREVIEWED_B_OPEN	cangjie/reading/R007/wanming_receipts.jsonl	B076	B077_B079_B080_B095	Each of 192 unchecked: verify private EPUB locus + B mechanism + opposite interpretation + counterexample; the 104 old scoped reviews stay provisional.
STAGE0:R023:v13-r023-wanming-331-candidate	STAGE0_B_CLAIM	v13-r023-wanming-331-candidate	R059	cangjie/reading/R007/wanming_receipts.jsonl	STAGE0_SOURCE_B_QUALITY	UNREVIEWED_B_OPEN	cangjie/reading/R007/wanming_receipts.jsonl	B076	B077_B079_B080_B095	Each of 192 unchecked: verify private EPUB locus + B mechanism + opposite interpretation + counterexample; the 104 old scoped reviews stay provisional.
STAGE0:R023:v13-r023-wanming-333-candidate	STAGE0_B_CLAIM	v13-r023-wanming-333-candidate	R059	cangjie/reading/R007/wanming_receipts.jsonl	STAGE0_SOURCE_B_QUALITY	UNREVIEWED_B_OPEN	cangjie/reading/R007/wanming_receipts.jsonl	B076	B077_B079_B080_B095	Each of 192 unchecked: verify private EPUB locus + B mechanism + opposite interpretation + counterexample; the 104 old scoped reviews stay provisional.
STAGE0:R023:v13-r023-wanming-334-candidate	STAGE0_B_CLAIM	v13-r023-wanming-334-candidate	R059	cangjie/reading/R007/wanming_receipts.jsonl	STAGE0_SOURCE_B_QUALITY	UNREVIEWED_B_OPEN	cangjie/reading/R007/wanming_receipts.jsonl	B076	B077_B079_B080_B095	Each of 192 unchecked: verify private EPUB locus + B mechanism + opposite interpretation + counterexample; the 104 old scoped reviews stay provisional.
STAGE0:R023:v13-r023-wanming-337-candidate	STAGE0_B_CLAIM	v13-r023-wanming-337-candidate	R059	cangjie/reading/R007/wanming_receipts.jsonl	STAGE0_SOURCE_B_QUALITY	UNREVIEWED_B_OPEN	cangjie/reading/R007/wanming_receipts.jsonl	B076	B077_B079_B080_B095	Each of 192 unchecked: verify private EPUB locus + B mechanism + opposite interpretation + counterexample; the 104 old scoped reviews stay provisional.
STAGE0:R023:v13-r023-wanming-338-candidate	STAGE0_B_CLAIM	v13-r023-wanming-338-candidate	R059	cangjie/reading/R007/wanming_receipts.jsonl	STAGE0_SOURCE_B_QUALITY	SCOPED_B_REVIEW_NOT_VERIFIED	cangjie/reading/R007/wanming_receipts.jsonl	B076	B077_B079_B080_B095	Each of 192 unchecked: verify private EPUB locus + B mechanism + opposite interpretation + counterexample; the 104 old scoped reviews stay provisional.
STAGE0:R023:v13-r023-wanming-339-candidate	STAGE0_B_CLAIM	v13-r023-wanming-339-candidate	R059	cangjie/reading/R007/wanming_receipts.jsonl	STAGE0_SOURCE_B_QUALITY	SCOPED_B_REVIEW_NOT_VERIFIED	cangjie/reading/R007/wanming_receipts.jsonl	B076	B077_B079_B080_B095	Each of 192 unchecked: verify private EPUB locus + B mechanism + opposite interpretation + counterexample; the 104 old scoped reviews stay provisional.
STAGE0:R023:v13-r023-wanming-340-candidate	STAGE0_B_CLAIM	v13-r023-wanming-340-candidate	R059	cangjie/reading/R007/wanming_receipts.jsonl	STAGE0_SOURCE_B_QUALITY	UNREVIEWED_B_OPEN	cangjie/reading/R007/wanming_receipts.jsonl	B076	B077_B079_B080_B095	Each of 192 unchecked: verify private EPUB locus + B mechanism + opposite interpretation + counterexample; the 104 old scoped reviews stay provisional.
STAGE0:R023:v13-r023-wanming-341-candidate	STAGE0_B_CLAIM	v13-r023-wanming-341-candidate	R059	cangjie/reading/R007/wanming_receipts.jsonl	STAGE0_SOURCE_B_QUALITY	UNREVIEWED_B_OPEN	cangjie/reading/R007/wanming_receipts.jsonl	B076	B077_B079_B080_B095	Each of 192 unchecked: verify private EPUB locus + B mechanism + opposite interpretation + counterexample; the 104 old scoped reviews stay provisional.
STAGE0:R023:v13-r023-wanming-343-candidate	STAGE0_B_CLAIM	v13-r023-wanming-343-candidate	R059	cangjie/reading/R007/wanming_receipts.jsonl	STAGE0_SOURCE_B_QUALITY	SCOPED_B_REVIEW_NOT_VERIFIED	cangjie/reading/R007/wanming_receipts.jsonl	B076	B077_B079_B080_B095	Each of 192 unchecked: verify private EPUB locus + B mechanism + opposite interpretation + counterexample; the 104 old scoped reviews stay provisional.
STAGE0:R023:v13-r023-wanming-344-candidate	STAGE0_B_CLAIM	v13-r023-wanming-344-candidate	R059	cangjie/reading/R007/wanming_receipts.jsonl	STAGE0_SOURCE_B_QUALITY	UNREVIEWED_B_OPEN	cangjie/reading/R007/wanming_receipts.jsonl	B076	B077_B079_B080_B095	Each of 192 unchecked: verify private EPUB locus + B mechanism + opposite interpretation + counterexample; the 104 old scoped reviews stay provisional.
STAGE0:R023:v13-r023-wanming-346-candidate	STAGE0_B_CLAIM	v13-r023-wanming-346-candidate	R059	cangjie/reading/R007/wanming_receipts.jsonl	STAGE0_SOURCE_B_QUALITY	UNREVIEWED_B_OPEN	cangjie/reading/R007/wanming_receipts.jsonl	B076	B077_B079_B080_B095	Each of 192 unchecked: verify private EPUB locus + B mechanism + opposite interpretation + counterexample; the 104 old scoped reviews stay provisional.
STAGE0:R023:v13-r023-wanming-349-candidate	STAGE0_B_CLAIM	v13-r023-wanming-349-candidate	R059	cangjie/reading/R007/wanming_receipts.jsonl	STAGE0_SOURCE_B_QUALITY	UNREVIEWED_B_OPEN	cangjie/reading/R007/wanming_receipts.jsonl	B076	B077_B079_B080_B095	Each of 192 unchecked: verify private EPUB locus + B mechanism + opposite interpretation + counterexample; the 104 old scoped reviews stay provisional.
STAGE0:R023:v13-r023-wanming-351-candidate	STAGE0_B_CLAIM	v13-r023-wanming-351-candidate	R059	cangjie/reading/R007/wanming_receipts.jsonl	STAGE0_SOURCE_B_QUALITY	UNREVIEWED_B_OPEN	cangjie/reading/R007/wanming_receipts.jsonl	B076	B077_B079_B080_B095	Each of 192 unchecked: verify private EPUB locus + B mechanism + opposite interpretation + counterexample; the 104 old scoped reviews stay provisional.
STAGE0:R023:v13-r023-wanming-356-candidate	STAGE0_B_CLAIM	v13-r023-wanming-356-candidate	R059	cangjie/reading/R007/wanming_receipts.jsonl	STAGE0_SOURCE_B_QUALITY	UNREVIEWED_B_OPEN	cangjie/reading/R007/wanming_receipts.jsonl	B076	B077_B079_B080_B095	Each of 192 unchecked: verify private EPUB locus + B mechanism + opposite interpretation + counterexample; the 104 old scoped reviews stay provisional.
STAGE0:R023:v13-r023-wanming-360-candidate	STAGE0_B_CLAIM	v13-r023-wanming-360-candidate	R059	cangjie/reading/R007/wanming_receipts.jsonl	STAGE0_SOURCE_B_QUALITY	SCOPED_B_REVIEW_NOT_VERIFIED	cangjie/reading/R007/wanming_receipts.jsonl	B076	B077_B079_B080_B095	Each of 192 unchecked: verify private EPUB locus + B mechanism + opposite interpretation + counterexample; the 104 old scoped reviews stay provisional.
STAGE0:R008:tx-r008-001	STAGE0_B_CLAIM	tx-r008-001	R058	cangjie/reading/R007/wanming_receipts.jsonl	STAGE0_SOURCE_B_QUALITY	SCOPED_B_REVIEW_NOT_VERIFIED	cangjie/reading/R007/wanming_receipts.jsonl	B076	B077_B079_B080_B095	Each of 192 unchecked: verify private EPUB locus + B mechanism + opposite interpretation + counterexample; the 104 old scoped reviews stay provisional.
STAGE0:R008:tx-r008-020	STAGE0_B_CLAIM	tx-r008-020	R058	cangjie/reading/R007/wanming_receipts.jsonl	STAGE0_SOURCE_B_QUALITY	UNREVIEWED_B_OPEN	cangjie/reading/R007/wanming_receipts.jsonl	B076	B077_B079_B080_B095	Each of 192 unchecked: verify private EPUB locus + B mechanism + opposite interpretation + counterexample; the 104 old scoped reviews stay provisional.
STAGE0:R008:tx-r008-029	STAGE0_B_CLAIM	tx-r008-029	R058	cangjie/reading/R007/wanming_receipts.jsonl	STAGE0_SOURCE_B_QUALITY	UNREVIEWED_B_OPEN	cangjie/reading/R007/wanming_receipts.jsonl	B076	B077_B079_B080_B095	Each of 192 unchecked: verify private EPUB locus + B mechanism + opposite interpretation + counterexample; the 104 old scoped reviews stay provisional.
STAGE0:R008:tx-r008-031	STAGE0_B_CLAIM	tx-r008-031	R058	cangjie/reading/R007/wanming_receipts.jsonl	STAGE0_SOURCE_B_QUALITY	UNREVIEWED_B_OPEN	cangjie/reading/R007/wanming_receipts.jsonl	B076	B077_B079_B080_B095	Each of 192 unchecked: verify private EPUB locus + B mechanism + opposite interpretation + counterexample; the 104 old scoped reviews stay provisional.
STAGE0:R008:tx-r008-032	STAGE0_B_CLAIM	tx-r008-032	R058	cangjie/reading/R007/wanming_receipts.jsonl	STAGE0_SOURCE_B_QUALITY	SCOPED_B_REVIEW_NOT_VERIFIED	cangjie/reading/R007/wanming_receipts.jsonl	B076	B077_B079_B080_B095	Each of 192 unchecked: verify private EPUB locus + B mechanism + opposite interpretation + counterexample; the 104 old scoped reviews stay provisional.
STAGE0:R008:tx-r008-033	STAGE0_B_CLAIM	tx-r008-033	R058	cangjie/reading/R007/wanming_receipts.jsonl	STAGE0_SOURCE_B_QUALITY	SCOPED_B_REVIEW_NOT_VERIFIED	cangjie/reading/R007/wanming_receipts.jsonl	B076	B077_B079_B080_B095	Each of 192 unchecked: verify private EPUB locus + B mechanism + opposite interpretation + counterexample; the 104 old scoped reviews stay provisional.
STAGE0:R008:tx-r008-035	STAGE0_B_CLAIM	tx-r008-035	R058	cangjie/reading/R007/wanming_receipts.jsonl	STAGE0_SOURCE_B_QUALITY	SCOPED_B_REVIEW_NOT_VERIFIED	cangjie/reading/R007/wanming_receipts.jsonl	B076	B077_B079_B080_B095	Each of 192 unchecked: verify private EPUB locus + B mechanism + opposite interpretation + counterexample; the 104 old scoped reviews stay provisional.
STAGE0:R008:tx-r008-037	STAGE0_B_CLAIM	tx-r008-037	R058	cangjie/reading/R007/wanming_receipts.jsonl	STAGE0_SOURCE_B_QUALITY	UNREVIEWED_B_OPEN	cangjie/reading/R007/wanming_receipts.jsonl	B076	B077_B079_B080_B095	Each of 192 unchecked: verify private EPUB locus + B mechanism + opposite interpretation + counterexample; the 104 old scoped reviews stay provisional.
STAGE0:R008:tx-r008-039	STAGE0_B_CLAIM	tx-r008-039	R058	cangjie/reading/R007/wanming_receipts.jsonl	STAGE0_SOURCE_B_QUALITY	UNREVIEWED_B_OPEN	cangjie/reading/R007/wanming_receipts.jsonl	B076	B077_B079_B080_B095	Each of 192 unchecked: verify private EPUB locus + B mechanism + opposite interpretation + counterexample; the 104 old scoped reviews stay provisional.
STAGE0:R008:tx-r008-040	STAGE0_B_CLAIM	tx-r008-040	R058	cangjie/reading/R007/wanming_receipts.jsonl	STAGE0_SOURCE_B_QUALITY	SCOPED_B_REVIEW_NOT_VERIFIED	cangjie/reading/R007/wanming_receipts.jsonl	B076	B077_B079_B080_B095	Each of 192 unchecked: verify private EPUB locus + B mechanism + opposite interpretation + counterexample; the 104 old scoped reviews stay provisional.
STAGE0:R010:R010-41-narrative-claim	STAGE0_B_CLAIM	R010-41-narrative-claim	R058	cangjie/reading/R007/wanming_receipts.jsonl	STAGE0_SOURCE_B_QUALITY	SCOPED_B_REVIEW_NOT_VERIFIED	cangjie/reading/R007/wanming_receipts.jsonl	B076	B077_B079_B080_B095	Each of 192 unchecked: verify private EPUB locus + B mechanism + opposite interpretation + counterexample; the 104 old scoped reviews stay provisional.
STAGE0:R010:R010-55-narrative-claim	STAGE0_B_CLAIM	R010-55-narrative-claim	R058	cangjie/reading/R007/wanming_receipts.jsonl	STAGE0_SOURCE_B_QUALITY	UNREVIEWED_B_OPEN	cangjie/reading/R007/wanming_receipts.jsonl	B076	B077_B079_B080_B095	Each of 192 unchecked: verify private EPUB locus + B mechanism + opposite interpretation + counterexample; the 104 old scoped reviews stay provisional.
STAGE0:R010:R010-57-narrative-claim	STAGE0_B_CLAIM	R010-57-narrative-claim	R058	cangjie/reading/R007/wanming_receipts.jsonl	STAGE0_SOURCE_B_QUALITY	UNREVIEWED_B_OPEN	cangjie/reading/R007/wanming_receipts.jsonl	B076	B077_B079_B080_B095	Each of 192 unchecked: verify private EPUB locus + B mechanism + opposite interpretation + counterexample; the 104 old scoped reviews stay provisional.
STAGE0:R010:R010-60-narrative-claim	STAGE0_B_CLAIM	R010-60-narrative-claim	R058	cangjie/reading/R007/wanming_receipts.jsonl	STAGE0_SOURCE_B_QUALITY	UNREVIEWED_B_OPEN	cangjie/reading/R007/wanming_receipts.jsonl	B076	B077_B079_B080_B095	Each of 192 unchecked: verify private EPUB locus + B mechanism + opposite interpretation + counterexample; the 104 old scoped reviews stay provisional.
STAGE0:R010:R010-62-narrative-claim	STAGE0_B_CLAIM	R010-62-narrative-claim	R058	cangjie/reading/R007/wanming_receipts.jsonl	STAGE0_SOURCE_B_QUALITY	SCOPED_B_REVIEW_NOT_VERIFIED	cangjie/reading/R007/wanming_receipts.jsonl	B076	B077_B079_B080_B095	Each of 192 unchecked: verify private EPUB locus + B mechanism + opposite interpretation + counterexample; the 104 old scoped reviews stay provisional.
STAGE0:R010:R010-65-narrative-claim	STAGE0_B_CLAIM	R010-65-narrative-claim	R058	cangjie/reading/R007/wanming_receipts.jsonl	STAGE0_SOURCE_B_QUALITY	UNREVIEWED_B_OPEN	cangjie/reading/R007/wanming_receipts.jsonl	B076	B077_B079_B080_B095	Each of 192 unchecked: verify private EPUB locus + B mechanism + opposite interpretation + counterexample; the 104 old scoped reviews stay provisional.
STAGE0:R010:R010-67-narrative-claim	STAGE0_B_CLAIM	R010-67-narrative-claim	R058	cangjie/reading/R007/wanming_receipts.jsonl	STAGE0_SOURCE_B_QUALITY	SCOPED_B_REVIEW_NOT_VERIFIED	cangjie/reading/R007/wanming_receipts.jsonl	B076	B077_B079_B080_B095	Each of 192 unchecked: verify private EPUB locus + B mechanism + opposite interpretation + counterexample; the 104 old scoped reviews stay provisional.
STAGE0:R010:R010-73-narrative-claim	STAGE0_B_CLAIM	R010-73-narrative-claim	R058	cangjie/reading/R007/wanming_receipts.jsonl	STAGE0_SOURCE_B_QUALITY	UNREVIEWED_B_OPEN	cangjie/reading/R007/wanming_receipts.jsonl	B076	B077_B079_B080_B095	Each of 192 unchecked: verify private EPUB locus + B mechanism + opposite interpretation + counterexample; the 104 old scoped reviews stay provisional.
STAGE0:R010:R010-79-narrative-claim	STAGE0_B_CLAIM	R010-79-narrative-claim	R058	cangjie/reading/R007/wanming_receipts.jsonl	STAGE0_SOURCE_B_QUALITY	UNREVIEWED_B_OPEN	cangjie/reading/R007/wanming_receipts.jsonl	B076	B077_B079_B080_B095	Each of 192 unchecked: verify private EPUB locus + B mechanism + opposite interpretation + counterexample; the 104 old scoped reviews stay provisional.
STAGE0:R010:R010-80-narrative-claim	STAGE0_B_CLAIM	R010-80-narrative-claim	R058	cangjie/reading/R007/wanming_receipts.jsonl	STAGE0_SOURCE_B_QUALITY	SCOPED_B_REVIEW_NOT_VERIFIED	cangjie/reading/R007/wanming_receipts.jsonl	B076	B077_B079_B080_B095	Each of 192 unchecked: verify private EPUB locus + B mechanism + opposite interpretation + counterexample; the 104 old scoped reviews stay provisional.
STAGE0:R012:tx-r012-81	STAGE0_B_CLAIM	tx-r012-81	R058	cangjie/reading/R007/wanming_receipts.jsonl	STAGE0_SOURCE_B_QUALITY	SCOPED_B_REVIEW_NOT_VERIFIED	cangjie/reading/R007/wanming_receipts.jsonl	B076	B077_B079_B080_B095	Each of 192 unchecked: verify private EPUB locus + B mechanism + opposite interpretation + counterexample; the 104 old scoped reviews stay provisional.
STAGE0:R012:tx-r012-83	STAGE0_B_CLAIM	tx-r012-83	R058	cangjie/reading/R007/wanming_receipts.jsonl	STAGE0_SOURCE_B_QUALITY	UNREVIEWED_B_OPEN	cangjie/reading/R007/wanming_receipts.jsonl	B076	B077_B079_B080_B095	Each of 192 unchecked: verify private EPUB locus + B mechanism + opposite interpretation + counterexample; the 104 old scoped reviews stay provisional.
STAGE0:R012:tx-r012-88	STAGE0_B_CLAIM	tx-r012-88	R058	cangjie/reading/R007/wanming_receipts.jsonl	STAGE0_SOURCE_B_QUALITY	UNREVIEWED_B_OPEN	cangjie/reading/R007/wanming_receipts.jsonl	B076	B077_B079_B080_B095	Each of 192 unchecked: verify private EPUB locus + B mechanism + opposite interpretation + counterexample; the 104 old scoped reviews stay provisional.
STAGE0:R012:tx-r012-91	STAGE0_B_CLAIM	tx-r012-91	R058	cangjie/reading/R007/wanming_receipts.jsonl	STAGE0_SOURCE_B_QUALITY	UNREVIEWED_B_OPEN	cangjie/reading/R007/wanming_receipts.jsonl	B076	B077_B079_B080_B095	Each of 192 unchecked: verify private EPUB locus + B mechanism + opposite interpretation + counterexample; the 104 old scoped reviews stay provisional.
STAGE0:R012:tx-r012-94	STAGE0_B_CLAIM	tx-r012-94	R058	cangjie/reading/R007/wanming_receipts.jsonl	STAGE0_SOURCE_B_QUALITY	UNREVIEWED_B_OPEN	cangjie/reading/R007/wanming_receipts.jsonl	B076	B077_B079_B080_B095	Each of 192 unchecked: verify private EPUB locus + B mechanism + opposite interpretation + counterexample; the 104 old scoped reviews stay provisional.
STAGE0:R012:tx-r012-100	STAGE0_B_CLAIM	tx-r012-100	R058	cangjie/reading/R007/wanming_receipts.jsonl	STAGE0_SOURCE_B_QUALITY	SCOPED_B_REVIEW_NOT_VERIFIED	cangjie/reading/R007/wanming_receipts.jsonl	B076	B077_B079_B080_B095	Each of 192 unchecked: verify private EPUB locus + B mechanism + opposite interpretation + counterexample; the 104 old scoped reviews stay provisional.
STAGE0:R012:tx-r012-103	STAGE0_B_CLAIM	tx-r012-103	R058	cangjie/reading/R007/wanming_receipts.jsonl	STAGE0_SOURCE_B_QUALITY	UNREVIEWED_B_OPEN	cangjie/reading/R007/wanming_receipts.jsonl	B076	B077_B079_B080_B095	Each of 192 unchecked: verify private EPUB locus + B mechanism + opposite interpretation + counterexample; the 104 old scoped reviews stay provisional.
STAGE0:R012:tx-r012-105	STAGE0_B_CLAIM	tx-r012-105	R058	cangjie/reading/R007/wanming_receipts.jsonl	STAGE0_SOURCE_B_QUALITY	UNREVIEWED_B_OPEN	cangjie/reading/R007/wanming_receipts.jsonl	B076	B077_B079_B080_B095	Each of 192 unchecked: verify private EPUB locus + B mechanism + opposite interpretation + counterexample; the 104 old scoped reviews stay provisional.
STAGE0:R012:tx-r012-109	STAGE0_B_CLAIM	tx-r012-109	R058	cangjie/reading/R007/wanming_receipts.jsonl	STAGE0_SOURCE_B_QUALITY	SCOPED_B_REVIEW_NOT_VERIFIED	cangjie/reading/R007/wanming_receipts.jsonl	B076	B077_B079_B080_B095	Each of 192 unchecked: verify private EPUB locus + B mechanism + opposite interpretation + counterexample; the 104 old scoped reviews stay provisional.
STAGE0:R012:tx-r012-110	STAGE0_B_CLAIM	tx-r012-110	R058	cangjie/reading/R007/wanming_receipts.jsonl	STAGE0_SOURCE_B_QUALITY	SCOPED_B_REVIEW_NOT_VERIFIED	cangjie/reading/R007/wanming_receipts.jsonl	B076	B077_B079_B080_B095	Each of 192 unchecked: verify private EPUB locus + B mechanism + opposite interpretation + counterexample; the 104 old scoped reviews stay provisional.
STAGE0:R012:tx-r012-116	STAGE0_B_CLAIM	tx-r012-116	R058	cangjie/reading/R007/wanming_receipts.jsonl	STAGE0_SOURCE_B_QUALITY	UNREVIEWED_B_OPEN	cangjie/reading/R007/wanming_receipts.jsonl	B076	B077_B079_B080_B095	Each of 192 unchecked: verify private EPUB locus + B mechanism + opposite interpretation + counterexample; the 104 old scoped reviews stay provisional.
STAGE0:R012:tx-r012-120	STAGE0_B_CLAIM	tx-r012-120	R058	cangjie/reading/R007/wanming_receipts.jsonl	STAGE0_SOURCE_B_QUALITY	SCOPED_B_REVIEW_NOT_VERIFIED	cangjie/reading/R007/wanming_receipts.jsonl	B076	B077_B079_B080_B095	Each of 192 unchecked: verify private EPUB locus + B mechanism + opposite interpretation + counterexample; the 104 old scoped reviews stay provisional.
STAGE0:R014:tx-r014-121-candidate	STAGE0_B_CLAIM	tx-r014-121-candidate	R058	cangjie/reading/R007/wanming_receipts.jsonl	STAGE0_SOURCE_B_QUALITY	SCOPED_B_REVIEW_NOT_VERIFIED	cangjie/reading/R007/wanming_receipts.jsonl	B076	B077_B079_B080_B095	Each of 192 unchecked: verify private EPUB locus + B mechanism + opposite interpretation + counterexample; the 104 old scoped reviews stay provisional.
STAGE0:R014:tx-r014-122-candidate	STAGE0_B_CLAIM	tx-r014-122-candidate	R058	cangjie/reading/R007/wanming_receipts.jsonl	STAGE0_SOURCE_B_QUALITY	UNREVIEWED_B_OPEN	cangjie/reading/R007/wanming_receipts.jsonl	B076	B077_B079_B080_B095	Each of 192 unchecked: verify private EPUB locus + B mechanism + opposite interpretation + counterexample; the 104 old scoped reviews stay provisional.
STAGE0:R014:tx-r014-127-candidate	STAGE0_B_CLAIM	tx-r014-127-candidate	R058	cangjie/reading/R007/wanming_receipts.jsonl	STAGE0_SOURCE_B_QUALITY	UNREVIEWED_B_OPEN	cangjie/reading/R007/wanming_receipts.jsonl	B076	B077_B079_B080_B095	Each of 192 unchecked: verify private EPUB locus + B mechanism + opposite interpretation + counterexample; the 104 old scoped reviews stay provisional.
STAGE0:R014:tx-r014-129-candidate	STAGE0_B_CLAIM	tx-r014-129-candidate	R058	cangjie/reading/R007/wanming_receipts.jsonl	STAGE0_SOURCE_B_QUALITY	UNREVIEWED_B_OPEN	cangjie/reading/R007/wanming_receipts.jsonl	B076	B077_B079_B080_B095	Each of 192 unchecked: verify private EPUB locus + B mechanism + opposite interpretation + counterexample; the 104 old scoped reviews stay provisional.
STAGE0:R014:tx-r014-130-candidate	STAGE0_B_CLAIM	tx-r014-130-candidate	R058	cangjie/reading/R007/wanming_receipts.jsonl	STAGE0_SOURCE_B_QUALITY	UNREVIEWED_B_OPEN	cangjie/reading/R007/wanming_receipts.jsonl	B076	B077_B079_B080_B095	Each of 192 unchecked: verify private EPUB locus + B mechanism + opposite interpretation + counterexample; the 104 old scoped reviews stay provisional.
STAGE0:R014:tx-r014-135-candidate	STAGE0_B_CLAIM	tx-r014-135-candidate	R058	cangjie/reading/R007/wanming_receipts.jsonl	STAGE0_SOURCE_B_QUALITY	UNREVIEWED_B_OPEN	cangjie/reading/R007/wanming_receipts.jsonl	B076	B077_B079_B080_B095	Each of 192 unchecked: verify private EPUB locus + B mechanism + opposite interpretation + counterexample; the 104 old scoped reviews stay provisional.
STAGE0:R014:tx-r014-140-candidate	STAGE0_B_CLAIM	tx-r014-140-candidate	R058	cangjie/reading/R007/wanming_receipts.jsonl	STAGE0_SOURCE_B_QUALITY	SCOPED_B_REVIEW_NOT_VERIFIED	cangjie/reading/R007/wanming_receipts.jsonl	B076	B077_B079_B080_B095	Each of 192 unchecked: verify private EPUB locus + B mechanism + opposite interpretation + counterexample; the 104 old scoped reviews stay provisional.
STAGE0:R014:tx-r014-142-candidate	STAGE0_B_CLAIM	tx-r014-142-candidate	R058	cangjie/reading/R007/wanming_receipts.jsonl	STAGE0_SOURCE_B_QUALITY	UNREVIEWED_B_OPEN	cangjie/reading/R007/wanming_receipts.jsonl	B076	B077_B079_B080_B095	Each of 192 unchecked: verify private EPUB locus + B mechanism + opposite interpretation + counterexample; the 104 old scoped reviews stay provisional.
STAGE0:R014:tx-r014-148-candidate	STAGE0_B_CLAIM	tx-r014-148-candidate	R058	cangjie/reading/R007/wanming_receipts.jsonl	STAGE0_SOURCE_B_QUALITY	UNREVIEWED_B_OPEN	cangjie/reading/R007/wanming_receipts.jsonl	B076	B077_B079_B080_B095	Each of 192 unchecked: verify private EPUB locus + B mechanism + opposite interpretation + counterexample; the 104 old scoped reviews stay provisional.
STAGE0:R014:tx-r014-152-candidate	STAGE0_B_CLAIM	tx-r014-152-candidate	R058	cangjie/reading/R007/wanming_receipts.jsonl	STAGE0_SOURCE_B_QUALITY	SCOPED_B_REVIEW_NOT_VERIFIED	cangjie/reading/R007/wanming_receipts.jsonl	B076	B077_B079_B080_B095	Each of 192 unchecked: verify private EPUB locus + B mechanism + opposite interpretation + counterexample; the 104 old scoped reviews stay provisional.
STAGE0:R014:tx-r014-153-candidate	STAGE0_B_CLAIM	tx-r014-153-candidate	R058	cangjie/reading/R007/wanming_receipts.jsonl	STAGE0_SOURCE_B_QUALITY	SCOPED_B_REVIEW_NOT_VERIFIED	cangjie/reading/R007/wanming_receipts.jsonl	B076	B077_B079_B080_B095	Each of 192 unchecked: verify private EPUB locus + B mechanism + opposite interpretation + counterexample; the 104 old scoped reviews stay provisional.
STAGE0:R014:tx-r014-155-candidate	STAGE0_B_CLAIM	tx-r014-155-candidate	R058	cangjie/reading/R007/wanming_receipts.jsonl	STAGE0_SOURCE_B_QUALITY	UNREVIEWED_B_OPEN	cangjie/reading/R007/wanming_receipts.jsonl	B076	B077_B079_B080_B095	Each of 192 unchecked: verify private EPUB locus + B mechanism + opposite interpretation + counterexample; the 104 old scoped reviews stay provisional.
STAGE0:R014:tx-r014-157-candidate	STAGE0_B_CLAIM	tx-r014-157-candidate	R058	cangjie/reading/R007/wanming_receipts.jsonl	STAGE0_SOURCE_B_QUALITY	UNREVIEWED_B_OPEN	cangjie/reading/R007/wanming_receipts.jsonl	B076	B077_B079_B080_B095	Each of 192 unchecked: verify private EPUB locus + B mechanism + opposite interpretation + counterexample; the 104 old scoped reviews stay provisional.
STAGE0:R014:tx-r014-160-candidate	STAGE0_B_CLAIM	tx-r014-160-candidate	R058	cangjie/reading/R007/wanming_receipts.jsonl	STAGE0_SOURCE_B_QUALITY	SCOPED_B_REVIEW_NOT_VERIFIED	cangjie/reading/R007/wanming_receipts.jsonl	B076	B077_B079_B080_B095	Each of 192 unchecked: verify private EPUB locus + B mechanism + opposite interpretation + counterexample; the 104 old scoped reviews stay provisional.
STAGE0:R016:tiexue-R016-161-candidate	STAGE0_B_CLAIM	tiexue-R016-161-candidate	R059	cangjie/reading/R007/wanming_receipts.jsonl	STAGE0_SOURCE_B_QUALITY	SCOPED_B_REVIEW_NOT_VERIFIED	cangjie/reading/R007/wanming_receipts.jsonl	B076	B077_B079_B080_B095	Each of 192 unchecked: verify private EPUB locus + B mechanism + opposite interpretation + counterexample; the 104 old scoped reviews stay provisional.
STAGE0:R016:tiexue-R016-163-candidate	STAGE0_B_CLAIM	tiexue-R016-163-candidate	R059	cangjie/reading/R007/wanming_receipts.jsonl	STAGE0_SOURCE_B_QUALITY	UNREVIEWED_B_OPEN	cangjie/reading/R007/wanming_receipts.jsonl	B076	B077_B079_B080_B095	Each of 192 unchecked: verify private EPUB locus + B mechanism + opposite interpretation + counterexample; the 104 old scoped reviews stay provisional.
STAGE0:R016:tiexue-R016-165-candidate	STAGE0_B_CLAIM	tiexue-R016-165-candidate	R059	cangjie/reading/R007/wanming_receipts.jsonl	STAGE0_SOURCE_B_QUALITY	UNREVIEWED_B_OPEN	cangjie/reading/R007/wanming_receipts.jsonl	B076	B077_B079_B080_B095	Each of 192 unchecked: verify private EPUB locus + B mechanism + opposite interpretation + counterexample; the 104 old scoped reviews stay provisional.
STAGE0:R016:tiexue-R016-168-candidate	STAGE0_B_CLAIM	tiexue-R016-168-candidate	R059	cangjie/reading/R007/wanming_receipts.jsonl	STAGE0_SOURCE_B_QUALITY	UNREVIEWED_B_OPEN	cangjie/reading/R007/wanming_receipts.jsonl	B076	B077_B079_B080_B095	Each of 192 unchecked: verify private EPUB locus + B mechanism + opposite interpretation + counterexample; the 104 old scoped reviews stay provisional.
STAGE0:R016:tiexue-R016-170-candidate	STAGE0_B_CLAIM	tiexue-R016-170-candidate	R059	cangjie/reading/R007/wanming_receipts.jsonl	STAGE0_SOURCE_B_QUALITY	UNREVIEWED_B_OPEN	cangjie/reading/R007/wanming_receipts.jsonl	B076	B077_B079_B080_B095	Each of 192 unchecked: verify private EPUB locus + B mechanism + opposite interpretation + counterexample; the 104 old scoped reviews stay provisional.
STAGE0:R016:tiexue-R016-173-candidate	STAGE0_B_CLAIM	tiexue-R016-173-candidate	R059	cangjie/reading/R007/wanming_receipts.jsonl	STAGE0_SOURCE_B_QUALITY	UNREVIEWED_B_OPEN	cangjie/reading/R007/wanming_receipts.jsonl	B076	B077_B079_B080_B095	Each of 192 unchecked: verify private EPUB locus + B mechanism + opposite interpretation + counterexample; the 104 old scoped reviews stay provisional.
STAGE0:R016:tiexue-R016-176-candidate	STAGE0_B_CLAIM	tiexue-R016-176-candidate	R059	cangjie/reading/R007/wanming_receipts.jsonl	STAGE0_SOURCE_B_QUALITY	UNREVIEWED_B_OPEN	cangjie/reading/R007/wanming_receipts.jsonl	B076	B077_B079_B080_B095	Each of 192 unchecked: verify private EPUB locus + B mechanism + opposite interpretation + counterexample; the 104 old scoped reviews stay provisional.
STAGE0:R016:tiexue-R016-178-candidate	STAGE0_B_CLAIM	tiexue-R016-178-candidate	R059	cangjie/reading/R007/wanming_receipts.jsonl	STAGE0_SOURCE_B_QUALITY	UNREVIEWED_B_OPEN	cangjie/reading/R007/wanming_receipts.jsonl	B076	B077_B079_B080_B095	Each of 192 unchecked: verify private EPUB locus + B mechanism + opposite interpretation + counterexample; the 104 old scoped reviews stay provisional.
STAGE0:R016:tiexue-R016-180-candidate	STAGE0_B_CLAIM	tiexue-R016-180-candidate	R059	cangjie/reading/R007/wanming_receipts.jsonl	STAGE0_SOURCE_B_QUALITY	SCOPED_B_REVIEW_NOT_VERIFIED	cangjie/reading/R007/wanming_receipts.jsonl	B076	B077_B079_B080_B095	Each of 192 unchecked: verify private EPUB locus + B mechanism + opposite interpretation + counterexample; the 104 old scoped reviews stay provisional.
STAGE0:R016:tiexue-R016-182-candidate	STAGE0_B_CLAIM	tiexue-R016-182-candidate	R059	cangjie/reading/R007/wanming_receipts.jsonl	STAGE0_SOURCE_B_QUALITY	SCOPED_B_REVIEW_NOT_VERIFIED	cangjie/reading/R007/wanming_receipts.jsonl	B076	B077_B079_B080_B095	Each of 192 unchecked: verify private EPUB locus + B mechanism + opposite interpretation + counterexample; the 104 old scoped reviews stay provisional.
STAGE0:R016:tiexue-R016-184-candidate	STAGE0_B_CLAIM	tiexue-R016-184-candidate	R059	cangjie/reading/R007/wanming_receipts.jsonl	STAGE0_SOURCE_B_QUALITY	UNREVIEWED_B_OPEN	cangjie/reading/R007/wanming_receipts.jsonl	B076	B077_B079_B080_B095	Each of 192 unchecked: verify private EPUB locus + B mechanism + opposite interpretation + counterexample; the 104 old scoped reviews stay provisional.
STAGE0:R016:tiexue-R016-186-candidate	STAGE0_B_CLAIM	tiexue-R016-186-candidate	R059	cangjie/reading/R007/wanming_receipts.jsonl	STAGE0_SOURCE_B_QUALITY	UNREVIEWED_B_OPEN	cangjie/reading/R007/wanming_receipts.jsonl	B076	B077_B079_B080_B095	Each of 192 unchecked: verify private EPUB locus + B mechanism + opposite interpretation + counterexample; the 104 old scoped reviews stay provisional.
STAGE0:R016:tiexue-R016-188-candidate	STAGE0_B_CLAIM	tiexue-R016-188-candidate	R059	cangjie/reading/R007/wanming_receipts.jsonl	STAGE0_SOURCE_B_QUALITY	UNREVIEWED_B_OPEN	cangjie/reading/R007/wanming_receipts.jsonl	B076	B077_B079_B080_B095	Each of 192 unchecked: verify private EPUB locus + B mechanism + opposite interpretation + counterexample; the 104 old scoped reviews stay provisional.
STAGE0:R016:tiexue-R016-190-candidate	STAGE0_B_CLAIM	tiexue-R016-190-candidate	R059	cangjie/reading/R007/wanming_receipts.jsonl	STAGE0_SOURCE_B_QUALITY	SCOPED_B_REVIEW_NOT_VERIFIED	cangjie/reading/R007/wanming_receipts.jsonl	B076	B077_B079_B080_B095	Each of 192 unchecked: verify private EPUB locus + B mechanism + opposite interpretation + counterexample; the 104 old scoped reviews stay provisional.
STAGE0:R016:tiexue-R016-191-candidate	STAGE0_B_CLAIM	tiexue-R016-191-candidate	R059	cangjie/reading/R007/wanming_receipts.jsonl	STAGE0_SOURCE_B_QUALITY	UNREVIEWED_B_OPEN	cangjie/reading/R007/wanming_receipts.jsonl	B076	B077_B079_B080_B095	Each of 192 unchecked: verify private EPUB locus + B mechanism + opposite interpretation + counterexample; the 104 old scoped reviews stay provisional.
STAGE0:R016:tiexue-R016-193-candidate	STAGE0_B_CLAIM	tiexue-R016-193-candidate	R059	cangjie/reading/R007/wanming_receipts.jsonl	STAGE0_SOURCE_B_QUALITY	UNREVIEWED_B_OPEN	cangjie/reading/R007/wanming_receipts.jsonl	B076	B077_B079_B080_B095	Each of 192 unchecked: verify private EPUB locus + B mechanism + opposite interpretation + counterexample; the 104 old scoped reviews stay provisional.
STAGE0:R016:tiexue-R016-195-candidate	STAGE0_B_CLAIM	tiexue-R016-195-candidate	R059	cangjie/reading/R007/wanming_receipts.jsonl	STAGE0_SOURCE_B_QUALITY	UNREVIEWED_B_OPEN	cangjie/reading/R007/wanming_receipts.jsonl	B076	B077_B079_B080_B095	Each of 192 unchecked: verify private EPUB locus + B mechanism + opposite interpretation + counterexample; the 104 old scoped reviews stay provisional.
STAGE0:R016:tiexue-R016-197-candidate	STAGE0_B_CLAIM	tiexue-R016-197-candidate	R059	cangjie/reading/R007/wanming_receipts.jsonl	STAGE0_SOURCE_B_QUALITY	UNREVIEWED_B_OPEN	cangjie/reading/R007/wanming_receipts.jsonl	B076	B077_B079_B080_B095	Each of 192 unchecked: verify private EPUB locus + B mechanism + opposite interpretation + counterexample; the 104 old scoped reviews stay provisional.
STAGE0:R016:tiexue-R016-199-candidate	STAGE0_B_CLAIM	tiexue-R016-199-candidate	R059	cangjie/reading/R007/wanming_receipts.jsonl	STAGE0_SOURCE_B_QUALITY	UNREVIEWED_B_OPEN	cangjie/reading/R007/wanming_receipts.jsonl	B076	B077_B079_B080_B095	Each of 192 unchecked: verify private EPUB locus + B mechanism + opposite interpretation + counterexample; the 104 old scoped reviews stay provisional.
STAGE0:R016:tiexue-R016-200-candidate	STAGE0_B_CLAIM	tiexue-R016-200-candidate	R059	cangjie/reading/R007/wanming_receipts.jsonl	STAGE0_SOURCE_B_QUALITY	SCOPED_B_REVIEW_NOT_VERIFIED	cangjie/reading/R007/wanming_receipts.jsonl	B076	B077_B079_B080_B095	Each of 192 unchecked: verify private EPUB locus + B mechanism + opposite interpretation + counterexample; the 104 old scoped reviews stay provisional.
STAGE0:R018:v13-R018-tiexue-201-candidate	STAGE0_B_CLAIM	v13-R018-tiexue-201-candidate	R059	cangjie/reading/R007/wanming_receipts.jsonl	STAGE0_SOURCE_B_QUALITY	SCOPED_B_REVIEW_NOT_VERIFIED	cangjie/reading/R007/wanming_receipts.jsonl	B076	B077_B079_B080_B095	Each of 192 unchecked: verify private EPUB locus + B mechanism + opposite interpretation + counterexample; the 104 old scoped reviews stay provisional.
STAGE0:R018:v13-R018-tiexue-202-candidate	STAGE0_B_CLAIM	v13-R018-tiexue-202-candidate	R059	cangjie/reading/R007/wanming_receipts.jsonl	STAGE0_SOURCE_B_QUALITY	UNREVIEWED_B_OPEN	cangjie/reading/R007/wanming_receipts.jsonl	B076	B077_B079_B080_B095	Each of 192 unchecked: verify private EPUB locus + B mechanism + opposite interpretation + counterexample; the 104 old scoped reviews stay provisional.
STAGE0:R018:v13-R018-tiexue-205-candidate	STAGE0_B_CLAIM	v13-R018-tiexue-205-candidate	R059	cangjie/reading/R007/wanming_receipts.jsonl	STAGE0_SOURCE_B_QUALITY	UNREVIEWED_B_OPEN	cangjie/reading/R007/wanming_receipts.jsonl	B076	B077_B079_B080_B095	Each of 192 unchecked: verify private EPUB locus + B mechanism + opposite interpretation + counterexample; the 104 old scoped reviews stay provisional.
STAGE0:R018:v13-R018-tiexue-206-candidate	STAGE0_B_CLAIM	v13-R018-tiexue-206-candidate	R059	cangjie/reading/R007/wanming_receipts.jsonl	STAGE0_SOURCE_B_QUALITY	UNREVIEWED_B_OPEN	cangjie/reading/R007/wanming_receipts.jsonl	B076	B077_B079_B080_B095	Each of 192 unchecked: verify private EPUB locus + B mechanism + opposite interpretation + counterexample; the 104 old scoped reviews stay provisional.
STAGE0:R018:v13-R018-tiexue-207-candidate	STAGE0_B_CLAIM	v13-R018-tiexue-207-candidate	R059	cangjie/reading/R007/wanming_receipts.jsonl	STAGE0_SOURCE_B_QUALITY	UNREVIEWED_B_OPEN	cangjie/reading/R007/wanming_receipts.jsonl	B076	B077_B079_B080_B095	Each of 192 unchecked: verify private EPUB locus + B mechanism + opposite interpretation + counterexample; the 104 old scoped reviews stay provisional.
STAGE0:R018:v13-R018-tiexue-210-candidate	STAGE0_B_CLAIM	v13-R018-tiexue-210-candidate	R059	cangjie/reading/R007/wanming_receipts.jsonl	STAGE0_SOURCE_B_QUALITY	UNREVIEWED_B_OPEN	cangjie/reading/R007/wanming_receipts.jsonl	B076	B077_B079_B080_B095	Each of 192 unchecked: verify private EPUB locus + B mechanism + opposite interpretation + counterexample; the 104 old scoped reviews stay provisional.
STAGE0:R018:v13-R018-tiexue-214-candidate	STAGE0_B_CLAIM	v13-R018-tiexue-214-candidate	R059	cangjie/reading/R007/wanming_receipts.jsonl	STAGE0_SOURCE_B_QUALITY	UNREVIEWED_B_OPEN	cangjie/reading/R007/wanming_receipts.jsonl	B076	B077_B079_B080_B095	Each of 192 unchecked: verify private EPUB locus + B mechanism + opposite interpretation + counterexample; the 104 old scoped reviews stay provisional.
STAGE0:R018:v13-R018-tiexue-218-candidate	STAGE0_B_CLAIM	v13-R018-tiexue-218-candidate	R059	cangjie/reading/R007/wanming_receipts.jsonl	STAGE0_SOURCE_B_QUALITY	UNREVIEWED_B_OPEN	cangjie/reading/R007/wanming_receipts.jsonl	B076	B077_B079_B080_B095	Each of 192 unchecked: verify private EPUB locus + B mechanism + opposite interpretation + counterexample; the 104 old scoped reviews stay provisional.
STAGE0:R018:v13-R018-tiexue-220-candidate	STAGE0_B_CLAIM	v13-R018-tiexue-220-candidate	R059	cangjie/reading/R007/wanming_receipts.jsonl	STAGE0_SOURCE_B_QUALITY	UNREVIEWED_B_OPEN	cangjie/reading/R007/wanming_receipts.jsonl	B076	B077_B079_B080_B095	Each of 192 unchecked: verify private EPUB locus + B mechanism + opposite interpretation + counterexample; the 104 old scoped reviews stay provisional.
STAGE0:R018:v13-R018-tiexue-223-candidate	STAGE0_B_CLAIM	v13-R018-tiexue-223-candidate	R059	cangjie/reading/R007/wanming_receipts.jsonl	STAGE0_SOURCE_B_QUALITY	SCOPED_B_REVIEW_NOT_VERIFIED	cangjie/reading/R007/wanming_receipts.jsonl	B076	B077_B079_B080_B095	Each of 192 unchecked: verify private EPUB locus + B mechanism + opposite interpretation + counterexample; the 104 old scoped reviews stay provisional.
STAGE0:R018:v13-R018-tiexue-226-candidate	STAGE0_B_CLAIM	v13-R018-tiexue-226-candidate	R059	cangjie/reading/R007/wanming_receipts.jsonl	STAGE0_SOURCE_B_QUALITY	SCOPED_B_REVIEW_NOT_VERIFIED	cangjie/reading/R007/wanming_receipts.jsonl	B076	B077_B079_B080_B095	Each of 192 unchecked: verify private EPUB locus + B mechanism + opposite interpretation + counterexample; the 104 old scoped reviews stay provisional.
STAGE0:R018:v13-R018-tiexue-227-candidate	STAGE0_B_CLAIM	v13-R018-tiexue-227-candidate	R059	cangjie/reading/R007/wanming_receipts.jsonl	STAGE0_SOURCE_B_QUALITY	UNREVIEWED_B_OPEN	cangjie/reading/R007/wanming_receipts.jsonl	B076	B077_B079_B080_B095	Each of 192 unchecked: verify private EPUB locus + B mechanism + opposite interpretation + counterexample; the 104 old scoped reviews stay provisional.
STAGE0:R018:v13-R018-tiexue-228-candidate	STAGE0_B_CLAIM	v13-R018-tiexue-228-candidate	R059	cangjie/reading/R007/wanming_receipts.jsonl	STAGE0_SOURCE_B_QUALITY	UNREVIEWED_B_OPEN	cangjie/reading/R007/wanming_receipts.jsonl	B076	B077_B079_B080_B095	Each of 192 unchecked: verify private EPUB locus + B mechanism + opposite interpretation + counterexample; the 104 old scoped reviews stay provisional.
STAGE0:R018:v13-R018-tiexue-230-candidate	STAGE0_B_CLAIM	v13-R018-tiexue-230-candidate	R059	cangjie/reading/R007/wanming_receipts.jsonl	STAGE0_SOURCE_B_QUALITY	SCOPED_B_REVIEW_NOT_VERIFIED	cangjie/reading/R007/wanming_receipts.jsonl	B076	B077_B079_B080_B095	Each of 192 unchecked: verify private EPUB locus + B mechanism + opposite interpretation + counterexample; the 104 old scoped reviews stay provisional.
STAGE0:R018:v13-R018-tiexue-231-candidate	STAGE0_B_CLAIM	v13-R018-tiexue-231-candidate	R059	cangjie/reading/R007/wanming_receipts.jsonl	STAGE0_SOURCE_B_QUALITY	UNREVIEWED_B_OPEN	cangjie/reading/R007/wanming_receipts.jsonl	B076	B077_B079_B080_B095	Each of 192 unchecked: verify private EPUB locus + B mechanism + opposite interpretation + counterexample; the 104 old scoped reviews stay provisional.
STAGE0:R018:v13-R018-tiexue-232-candidate	STAGE0_B_CLAIM	v13-R018-tiexue-232-candidate	R059	cangjie/reading/R007/wanming_receipts.jsonl	STAGE0_SOURCE_B_QUALITY	UNREVIEWED_B_OPEN	cangjie/reading/R007/wanming_receipts.jsonl	B076	B077_B079_B080_B095	Each of 192 unchecked: verify private EPUB locus + B mechanism + opposite interpretation + counterexample; the 104 old scoped reviews stay provisional.
STAGE0:R018:v13-R018-tiexue-234-candidate	STAGE0_B_CLAIM	v13-R018-tiexue-234-candidate	R059	cangjie/reading/R007/wanming_receipts.jsonl	STAGE0_SOURCE_B_QUALITY	UNREVIEWED_B_OPEN	cangjie/reading/R007/wanming_receipts.jsonl	B076	B077_B079_B080_B095	Each of 192 unchecked: verify private EPUB locus + B mechanism + opposite interpretation + counterexample; the 104 old scoped reviews stay provisional.
STAGE0:R018:v13-R018-tiexue-237-candidate	STAGE0_B_CLAIM	v13-R018-tiexue-237-candidate	R059	cangjie/reading/R007/wanming_receipts.jsonl	STAGE0_SOURCE_B_QUALITY	UNREVIEWED_B_OPEN	cangjie/reading/R007/wanming_receipts.jsonl	B076	B077_B079_B080_B095	Each of 192 unchecked: verify private EPUB locus + B mechanism + opposite interpretation + counterexample; the 104 old scoped reviews stay provisional.
STAGE0:R018:v13-R018-tiexue-239-candidate	STAGE0_B_CLAIM	v13-R018-tiexue-239-candidate	R059	cangjie/reading/R007/wanming_receipts.jsonl	STAGE0_SOURCE_B_QUALITY	UNREVIEWED_B_OPEN	cangjie/reading/R007/wanming_receipts.jsonl	B076	B077_B079_B080_B095	Each of 192 unchecked: verify private EPUB locus + B mechanism + opposite interpretation + counterexample; the 104 old scoped reviews stay provisional.
STAGE0:R018:v13-R018-tiexue-240-candidate	STAGE0_B_CLAIM	v13-R018-tiexue-240-candidate	R059	cangjie/reading/R007/wanming_receipts.jsonl	STAGE0_SOURCE_B_QUALITY	SCOPED_B_REVIEW_NOT_VERIFIED	cangjie/reading/R007/wanming_receipts.jsonl	B076	B077_B079_B080_B095	Each of 192 unchecked: verify private EPUB locus + B mechanism + opposite interpretation + counterexample; the 104 old scoped reviews stay provisional.
STAGE0:R020:tiexue-R020-241-provisional	STAGE0_B_CLAIM	tiexue-R020-241-provisional	R059	cangjie/reading/R007/wanming_receipts.jsonl	STAGE0_SOURCE_B_QUALITY	SCOPED_B_REVIEW_NOT_VERIFIED	cangjie/reading/R007/wanming_receipts.jsonl	B076	B077_B079_B080_B095	Each of 192 unchecked: verify private EPUB locus + B mechanism + opposite interpretation + counterexample; the 104 old scoped reviews stay provisional.
STAGE0:R020:tiexue-R020-242-provisional	STAGE0_B_CLAIM	tiexue-R020-242-provisional	R059	cangjie/reading/R007/wanming_receipts.jsonl	STAGE0_SOURCE_B_QUALITY	UNREVIEWED_B_OPEN	cangjie/reading/R007/wanming_receipts.jsonl	B076	B077_B079_B080_B095	Each of 192 unchecked: verify private EPUB locus + B mechanism + opposite interpretation + counterexample; the 104 old scoped reviews stay provisional.
STAGE0:R020:tiexue-R020-243-provisional	STAGE0_B_CLAIM	tiexue-R020-243-provisional	R059	cangjie/reading/R007/wanming_receipts.jsonl	STAGE0_SOURCE_B_QUALITY	UNREVIEWED_B_OPEN	cangjie/reading/R007/wanming_receipts.jsonl	B076	B077_B079_B080_B095	Each of 192 unchecked: verify private EPUB locus + B mechanism + opposite interpretation + counterexample; the 104 old scoped reviews stay provisional.
STAGE0:R020:tiexue-R020-246-provisional	STAGE0_B_CLAIM	tiexue-R020-246-provisional	R059	cangjie/reading/R007/wanming_receipts.jsonl	STAGE0_SOURCE_B_QUALITY	UNREVIEWED_B_OPEN	cangjie/reading/R007/wanming_receipts.jsonl	B076	B077_B079_B080_B095	Each of 192 unchecked: verify private EPUB locus + B mechanism + opposite interpretation + counterexample; the 104 old scoped reviews stay provisional.
STAGE0:R020:tiexue-R020-248-provisional	STAGE0_B_CLAIM	tiexue-R020-248-provisional	R059	cangjie/reading/R007/wanming_receipts.jsonl	STAGE0_SOURCE_B_QUALITY	UNREVIEWED_B_OPEN	cangjie/reading/R007/wanming_receipts.jsonl	B076	B077_B079_B080_B095	Each of 192 unchecked: verify private EPUB locus + B mechanism + opposite interpretation + counterexample; the 104 old scoped reviews stay provisional.
STAGE0:R020:tiexue-R020-250-provisional	STAGE0_B_CLAIM	tiexue-R020-250-provisional	R059	cangjie/reading/R007/wanming_receipts.jsonl	STAGE0_SOURCE_B_QUALITY	UNREVIEWED_B_OPEN	cangjie/reading/R007/wanming_receipts.jsonl	B076	B077_B079_B080_B095	Each of 192 unchecked: verify private EPUB locus + B mechanism + opposite interpretation + counterexample; the 104 old scoped reviews stay provisional.
STAGE0:R020:tiexue-R020-251-provisional	STAGE0_B_CLAIM	tiexue-R020-251-provisional	R059	cangjie/reading/R007/wanming_receipts.jsonl	STAGE0_SOURCE_B_QUALITY	UNREVIEWED_B_OPEN	cangjie/reading/R007/wanming_receipts.jsonl	B076	B077_B079_B080_B095	Each of 192 unchecked: verify private EPUB locus + B mechanism + opposite interpretation + counterexample; the 104 old scoped reviews stay provisional.
STAGE0:R020:tiexue-R020-253-provisional	STAGE0_B_CLAIM	tiexue-R020-253-provisional	R059	cangjie/reading/R007/wanming_receipts.jsonl	STAGE0_SOURCE_B_QUALITY	UNREVIEWED_B_OPEN	cangjie/reading/R007/wanming_receipts.jsonl	B076	B077_B079_B080_B095	Each of 192 unchecked: verify private EPUB locus + B mechanism + opposite interpretation + counterexample; the 104 old scoped reviews stay provisional.
STAGE0:R020:tiexue-R020-254-provisional	STAGE0_B_CLAIM	tiexue-R020-254-provisional	R059	cangjie/reading/R007/wanming_receipts.jsonl	STAGE0_SOURCE_B_QUALITY	SCOPED_B_REVIEW_NOT_VERIFIED	cangjie/reading/R007/wanming_receipts.jsonl	B076	B077_B079_B080_B095	Each of 192 unchecked: verify private EPUB locus + B mechanism + opposite interpretation + counterexample; the 104 old scoped reviews stay provisional.
STAGE0:R020:tiexue-R020-255-provisional	STAGE0_B_CLAIM	tiexue-R020-255-provisional	R059	cangjie/reading/R007/wanming_receipts.jsonl	STAGE0_SOURCE_B_QUALITY	SCOPED_B_REVIEW_NOT_VERIFIED	cangjie/reading/R007/wanming_receipts.jsonl	B076	B077_B079_B080_B095	Each of 192 unchecked: verify private EPUB locus + B mechanism + opposite interpretation + counterexample; the 104 old scoped reviews stay provisional.
STAGE0:R020:tiexue-R020-256-provisional	STAGE0_B_CLAIM	tiexue-R020-256-provisional	R059	cangjie/reading/R007/wanming_receipts.jsonl	STAGE0_SOURCE_B_QUALITY	UNREVIEWED_B_OPEN	cangjie/reading/R007/wanming_receipts.jsonl	B076	B077_B079_B080_B095	Each of 192 unchecked: verify private EPUB locus + B mechanism + opposite interpretation + counterexample; the 104 old scoped reviews stay provisional.
STAGE0:R020:tiexue-R020-258-provisional	STAGE0_B_CLAIM	tiexue-R020-258-provisional	R059	cangjie/reading/R007/wanming_receipts.jsonl	STAGE0_SOURCE_B_QUALITY	UNREVIEWED_B_OPEN	cangjie/reading/R007/wanming_receipts.jsonl	B076	B077_B079_B080_B095	Each of 192 unchecked: verify private EPUB locus + B mechanism + opposite interpretation + counterexample; the 104 old scoped reviews stay provisional.
STAGE0:R020:tiexue-R020-261-provisional	STAGE0_B_CLAIM	tiexue-R020-261-provisional	R059	cangjie/reading/R007/wanming_receipts.jsonl	STAGE0_SOURCE_B_QUALITY	UNREVIEWED_B_OPEN	cangjie/reading/R007/wanming_receipts.jsonl	B076	B077_B079_B080_B095	Each of 192 unchecked: verify private EPUB locus + B mechanism + opposite interpretation + counterexample; the 104 old scoped reviews stay provisional.
STAGE0:R020:tiexue-R020-262-provisional	STAGE0_B_CLAIM	tiexue-R020-262-provisional	R059	cangjie/reading/R007/wanming_receipts.jsonl	STAGE0_SOURCE_B_QUALITY	SCOPED_B_REVIEW_NOT_VERIFIED	cangjie/reading/R007/wanming_receipts.jsonl	B076	B077_B079_B080_B095	Each of 192 unchecked: verify private EPUB locus + B mechanism + opposite interpretation + counterexample; the 104 old scoped reviews stay provisional.
STAGE0:R020:tiexue-R020-263-provisional	STAGE0_B_CLAIM	tiexue-R020-263-provisional	R059	cangjie/reading/R007/wanming_receipts.jsonl	STAGE0_SOURCE_B_QUALITY	UNREVIEWED_B_OPEN	cangjie/reading/R007/wanming_receipts.jsonl	B076	B077_B079_B080_B095	Each of 192 unchecked: verify private EPUB locus + B mechanism + opposite interpretation + counterexample; the 104 old scoped reviews stay provisional.
STAGE0:R020:tiexue-R020-266-provisional	STAGE0_B_CLAIM	tiexue-R020-266-provisional	R059	cangjie/reading/R007/wanming_receipts.jsonl	STAGE0_SOURCE_B_QUALITY	UNREVIEWED_B_OPEN	cangjie/reading/R007/wanming_receipts.jsonl	B076	B077_B079_B080_B095	Each of 192 unchecked: verify private EPUB locus + B mechanism + opposite interpretation + counterexample; the 104 old scoped reviews stay provisional.
STAGE0:R020:tiexue-R020-267-provisional	STAGE0_B_CLAIM	tiexue-R020-267-provisional	R059	cangjie/reading/R007/wanming_receipts.jsonl	STAGE0_SOURCE_B_QUALITY	UNREVIEWED_B_OPEN	cangjie/reading/R007/wanming_receipts.jsonl	B076	B077_B079_B080_B095	Each of 192 unchecked: verify private EPUB locus + B mechanism + opposite interpretation + counterexample; the 104 old scoped reviews stay provisional.
STAGE0:R020:tiexue-R020-268-provisional	STAGE0_B_CLAIM	tiexue-R020-268-provisional	R059	cangjie/reading/R007/wanming_receipts.jsonl	STAGE0_SOURCE_B_QUALITY	UNREVIEWED_B_OPEN	cangjie/reading/R007/wanming_receipts.jsonl	B076	B077_B079_B080_B095	Each of 192 unchecked: verify private EPUB locus + B mechanism + opposite interpretation + counterexample; the 104 old scoped reviews stay provisional.
STAGE0:R020:tiexue-R020-272-provisional	STAGE0_B_CLAIM	tiexue-R020-272-provisional	R059	cangjie/reading/R007/wanming_receipts.jsonl	STAGE0_SOURCE_B_QUALITY	UNREVIEWED_B_OPEN	cangjie/reading/R007/wanming_receipts.jsonl	B076	B077_B079_B080_B095	Each of 192 unchecked: verify private EPUB locus + B mechanism + opposite interpretation + counterexample; the 104 old scoped reviews stay provisional.
STAGE0:R020:tiexue-R020-280-provisional	STAGE0_B_CLAIM	tiexue-R020-280-provisional	R059	cangjie/reading/R007/wanming_receipts.jsonl	STAGE0_SOURCE_B_QUALITY	SCOPED_B_REVIEW_NOT_VERIFIED	cangjie/reading/R007/wanming_receipts.jsonl	B076	B077_B079_B080_B095	Each of 192 unchecked: verify private EPUB locus + B mechanism + opposite interpretation + counterexample; the 104 old scoped reviews stay provisional.
STAGE0:R022:v13-r022-tiexue-281-candidate	STAGE0_B_CLAIM	v13-r022-tiexue-281-candidate	R059	cangjie/reading/R007/wanming_receipts.jsonl	STAGE0_SOURCE_B_QUALITY	SCOPED_B_REVIEW_NOT_VERIFIED	cangjie/reading/R007/wanming_receipts.jsonl	B076	B077_B079_B080_B095	Each of 192 unchecked: verify private EPUB locus + B mechanism + opposite interpretation + counterexample; the 104 old scoped reviews stay provisional.
STAGE0:R022:v13-r022-tiexue-282-candidate	STAGE0_B_CLAIM	v13-r022-tiexue-282-candidate	R059	cangjie/reading/R007/wanming_receipts.jsonl	STAGE0_SOURCE_B_QUALITY	UNREVIEWED_B_OPEN	cangjie/reading/R007/wanming_receipts.jsonl	B076	B077_B079_B080_B095	Each of 192 unchecked: verify private EPUB locus + B mechanism + opposite interpretation + counterexample; the 104 old scoped reviews stay provisional.
STAGE0:R022:v13-r022-tiexue-283-candidate	STAGE0_B_CLAIM	v13-r022-tiexue-283-candidate	R059	cangjie/reading/R007/wanming_receipts.jsonl	STAGE0_SOURCE_B_QUALITY	UNREVIEWED_B_OPEN	cangjie/reading/R007/wanming_receipts.jsonl	B076	B077_B079_B080_B095	Each of 192 unchecked: verify private EPUB locus + B mechanism + opposite interpretation + counterexample; the 104 old scoped reviews stay provisional.
STAGE0:R022:v13-r022-tiexue-285-candidate	STAGE0_B_CLAIM	v13-r022-tiexue-285-candidate	R059	cangjie/reading/R007/wanming_receipts.jsonl	STAGE0_SOURCE_B_QUALITY	UNREVIEWED_B_OPEN	cangjie/reading/R007/wanming_receipts.jsonl	B076	B077_B079_B080_B095	Each of 192 unchecked: verify private EPUB locus + B mechanism + opposite interpretation + counterexample; the 104 old scoped reviews stay provisional.
STAGE0:R022:v13-r022-tiexue-286-candidate	STAGE0_B_CLAIM	v13-r022-tiexue-286-candidate	R059	cangjie/reading/R007/wanming_receipts.jsonl	STAGE0_SOURCE_B_QUALITY	SCOPED_B_REVIEW_NOT_VERIFIED	cangjie/reading/R007/wanming_receipts.jsonl	B076	B077_B079_B080_B095	Each of 192 unchecked: verify private EPUB locus + B mechanism + opposite interpretation + counterexample; the 104 old scoped reviews stay provisional.
STAGE0:R022:v13-r022-tiexue-289-candidate	STAGE0_B_CLAIM	v13-r022-tiexue-289-candidate	R059	cangjie/reading/R007/wanming_receipts.jsonl	STAGE0_SOURCE_B_QUALITY	UNREVIEWED_B_OPEN	cangjie/reading/R007/wanming_receipts.jsonl	B076	B077_B079_B080_B095	Each of 192 unchecked: verify private EPUB locus + B mechanism + opposite interpretation + counterexample; the 104 old scoped reviews stay provisional.
STAGE0:R022:v13-r022-tiexue-290-candidate	STAGE0_B_CLAIM	v13-r022-tiexue-290-candidate	R059	cangjie/reading/R007/wanming_receipts.jsonl	STAGE0_SOURCE_B_QUALITY	UNREVIEWED_B_OPEN	cangjie/reading/R007/wanming_receipts.jsonl	B076	B077_B079_B080_B095	Each of 192 unchecked: verify private EPUB locus + B mechanism + opposite interpretation + counterexample; the 104 old scoped reviews stay provisional.
STAGE0:R022:v13-r022-tiexue-291-candidate	STAGE0_B_CLAIM	v13-r022-tiexue-291-candidate	R059	cangjie/reading/R007/wanming_receipts.jsonl	STAGE0_SOURCE_B_QUALITY	UNREVIEWED_B_OPEN	cangjie/reading/R007/wanming_receipts.jsonl	B076	B077_B079_B080_B095	Each of 192 unchecked: verify private EPUB locus + B mechanism + opposite interpretation + counterexample; the 104 old scoped reviews stay provisional.
STAGE0:R022:v13-r022-tiexue-293-candidate	STAGE0_B_CLAIM	v13-r022-tiexue-293-candidate	R059	cangjie/reading/R007/wanming_receipts.jsonl	STAGE0_SOURCE_B_QUALITY	UNREVIEWED_B_OPEN	cangjie/reading/R007/wanming_receipts.jsonl	B076	B077_B079_B080_B095	Each of 192 unchecked: verify private EPUB locus + B mechanism + opposite interpretation + counterexample; the 104 old scoped reviews stay provisional.
STAGE0:R022:v13-r022-tiexue-295-candidate	STAGE0_B_CLAIM	v13-r022-tiexue-295-candidate	R059	cangjie/reading/R007/wanming_receipts.jsonl	STAGE0_SOURCE_B_QUALITY	SCOPED_B_REVIEW_NOT_VERIFIED	cangjie/reading/R007/wanming_receipts.jsonl	B076	B077_B079_B080_B095	Each of 192 unchecked: verify private EPUB locus + B mechanism + opposite interpretation + counterexample; the 104 old scoped reviews stay provisional.
STAGE0:R022:v13-r022-tiexue-298-candidate	STAGE0_B_CLAIM	v13-r022-tiexue-298-candidate	R059	cangjie/reading/R007/wanming_receipts.jsonl	STAGE0_SOURCE_B_QUALITY	UNREVIEWED_B_OPEN	cangjie/reading/R007/wanming_receipts.jsonl	B076	B077_B079_B080_B095	Each of 192 unchecked: verify private EPUB locus + B mechanism + opposite interpretation + counterexample; the 104 old scoped reviews stay provisional.
STAGE0:R022:v13-r022-tiexue-300-candidate	STAGE0_B_CLAIM	v13-r022-tiexue-300-candidate	R059	cangjie/reading/R007/wanming_receipts.jsonl	STAGE0_SOURCE_B_QUALITY	UNREVIEWED_B_OPEN	cangjie/reading/R007/wanming_receipts.jsonl	B076	B077_B079_B080_B095	Each of 192 unchecked: verify private EPUB locus + B mechanism + opposite interpretation + counterexample; the 104 old scoped reviews stay provisional.
STAGE0:R022:v13-r022-tiexue-301-candidate	STAGE0_B_CLAIM	v13-r022-tiexue-301-candidate	R059	cangjie/reading/R007/wanming_receipts.jsonl	STAGE0_SOURCE_B_QUALITY	UNREVIEWED_B_OPEN	cangjie/reading/R007/wanming_receipts.jsonl	B076	B077_B079_B080_B095	Each of 192 unchecked: verify private EPUB locus + B mechanism + opposite interpretation + counterexample; the 104 old scoped reviews stay provisional.
STAGE0:R022:v13-r022-tiexue-302-candidate	STAGE0_B_CLAIM	v13-r022-tiexue-302-candidate	R059	cangjie/reading/R007/wanming_receipts.jsonl	STAGE0_SOURCE_B_QUALITY	SCOPED_B_REVIEW_NOT_VERIFIED	cangjie/reading/R007/wanming_receipts.jsonl	B076	B077_B079_B080_B095	Each of 192 unchecked: verify private EPUB locus + B mechanism + opposite interpretation + counterexample; the 104 old scoped reviews stay provisional.
STAGE0:R022:v13-r022-tiexue-303-candidate	STAGE0_B_CLAIM	v13-r022-tiexue-303-candidate	R059	cangjie/reading/R007/wanming_receipts.jsonl	STAGE0_SOURCE_B_QUALITY	UNREVIEWED_B_OPEN	cangjie/reading/R007/wanming_receipts.jsonl	B076	B077_B079_B080_B095	Each of 192 unchecked: verify private EPUB locus + B mechanism + opposite interpretation + counterexample; the 104 old scoped reviews stay provisional.
STAGE0:R022:v13-r022-tiexue-306-candidate	STAGE0_B_CLAIM	v13-r022-tiexue-306-candidate	R059	cangjie/reading/R007/wanming_receipts.jsonl	STAGE0_SOURCE_B_QUALITY	UNREVIEWED_B_OPEN	cangjie/reading/R007/wanming_receipts.jsonl	B076	B077_B079_B080_B095	Each of 192 unchecked: verify private EPUB locus + B mechanism + opposite interpretation + counterexample; the 104 old scoped reviews stay provisional.
STAGE0:R022:v13-r022-tiexue-307-candidate	STAGE0_B_CLAIM	v13-r022-tiexue-307-candidate	R059	cangjie/reading/R007/wanming_receipts.jsonl	STAGE0_SOURCE_B_QUALITY	UNREVIEWED_B_OPEN	cangjie/reading/R007/wanming_receipts.jsonl	B076	B077_B079_B080_B095	Each of 192 unchecked: verify private EPUB locus + B mechanism + opposite interpretation + counterexample; the 104 old scoped reviews stay provisional.
STAGE0:R022:v13-r022-tiexue-311-candidate	STAGE0_B_CLAIM	v13-r022-tiexue-311-candidate	R059	cangjie/reading/R007/wanming_receipts.jsonl	STAGE0_SOURCE_B_QUALITY	UNREVIEWED_B_OPEN	cangjie/reading/R007/wanming_receipts.jsonl	B076	B077_B079_B080_B095	Each of 192 unchecked: verify private EPUB locus + B mechanism + opposite interpretation + counterexample; the 104 old scoped reviews stay provisional.
STAGE0:R022:v13-r022-tiexue-315-candidate	STAGE0_B_CLAIM	v13-r022-tiexue-315-candidate	R059	cangjie/reading/R007/wanming_receipts.jsonl	STAGE0_SOURCE_B_QUALITY	UNREVIEWED_B_OPEN	cangjie/reading/R007/wanming_receipts.jsonl	B076	B077_B079_B080_B095	Each of 192 unchecked: verify private EPUB locus + B mechanism + opposite interpretation + counterexample; the 104 old scoped reviews stay provisional.
STAGE0:R022:v13-r022-tiexue-320-candidate	STAGE0_B_CLAIM	v13-r022-tiexue-320-candidate	R059	cangjie/reading/R007/wanming_receipts.jsonl	STAGE0_SOURCE_B_QUALITY	SCOPED_B_REVIEW_NOT_VERIFIED	cangjie/reading/R007/wanming_receipts.jsonl	B076	B077_B079_B080_B095	Each of 192 unchecked: verify private EPUB locus + B mechanism + opposite interpretation + counterexample; the 104 old scoped reviews stay provisional.
STAGE0:R024:R024-321-C1	STAGE0_B_CLAIM	R024-321-C1	R059	cangjie/reading/R007/wanming_receipts.jsonl	STAGE0_SOURCE_B_QUALITY	SCOPED_B_REVIEW_NOT_VERIFIED	cangjie/reading/R007/wanming_receipts.jsonl	B076	B077_B079_B080_B095	Each of 192 unchecked: verify private EPUB locus + B mechanism + opposite interpretation + counterexample; the 104 old scoped reviews stay provisional.
STAGE0:R024:R024-324-C1	STAGE0_B_CLAIM	R024-324-C1	R059	cangjie/reading/R007/wanming_receipts.jsonl	STAGE0_SOURCE_B_QUALITY	SCOPED_B_REVIEW_NOT_VERIFIED	cangjie/reading/R007/wanming_receipts.jsonl	B076	B077_B079_B080_B095	Each of 192 unchecked: verify private EPUB locus + B mechanism + opposite interpretation + counterexample; the 104 old scoped reviews stay provisional.
STAGE0:R024:R024-328-C1	STAGE0_B_CLAIM	R024-328-C1	R059	cangjie/reading/R007/wanming_receipts.jsonl	STAGE0_SOURCE_B_QUALITY	SCOPED_B_REVIEW_NOT_VERIFIED	cangjie/reading/R007/wanming_receipts.jsonl	B076	B077_B079_B080_B095	Each of 192 unchecked: verify private EPUB locus + B mechanism + opposite interpretation + counterexample; the 104 old scoped reviews stay provisional.
STAGE0:R024:R024-329-C1	STAGE0_B_CLAIM	R024-329-C1	R059	cangjie/reading/R007/wanming_receipts.jsonl	STAGE0_SOURCE_B_QUALITY	SCOPED_B_REVIEW_NOT_VERIFIED	cangjie/reading/R007/wanming_receipts.jsonl	B076	B077_B079_B080_B095	Each of 192 unchecked: verify private EPUB locus + B mechanism + opposite interpretation + counterexample; the 104 old scoped reviews stay provisional.
STAGE0:R024:R024-331-C1	STAGE0_B_CLAIM	R024-331-C1	R059	cangjie/reading/R007/wanming_receipts.jsonl	STAGE0_SOURCE_B_QUALITY	SCOPED_B_REVIEW_NOT_VERIFIED	cangjie/reading/R007/wanming_receipts.jsonl	B076	B077_B079_B080_B095	Each of 192 unchecked: verify private EPUB locus + B mechanism + opposite interpretation + counterexample; the 104 old scoped reviews stay provisional.
STAGE0:R024:R024-333-C1	STAGE0_B_CLAIM	R024-333-C1	R059	cangjie/reading/R007/wanming_receipts.jsonl	STAGE0_SOURCE_B_QUALITY	SCOPED_B_REVIEW_NOT_VERIFIED	cangjie/reading/R007/wanming_receipts.jsonl	B076	B077_B079_B080_B095	Each of 192 unchecked: verify private EPUB locus + B mechanism + opposite interpretation + counterexample; the 104 old scoped reviews stay provisional.
STAGE0:R024:R024-336-C1	STAGE0_B_CLAIM	R024-336-C1	R059	cangjie/reading/R007/wanming_receipts.jsonl	STAGE0_SOURCE_B_QUALITY	SCOPED_B_REVIEW_NOT_VERIFIED	cangjie/reading/R007/wanming_receipts.jsonl	B076	B077_B079_B080_B095	Each of 192 unchecked: verify private EPUB locus + B mechanism + opposite interpretation + counterexample; the 104 old scoped reviews stay provisional.
STAGE0:R024:R024-337-C1	STAGE0_B_CLAIM	R024-337-C1	R059	cangjie/reading/R007/wanming_receipts.jsonl	STAGE0_SOURCE_B_QUALITY	SCOPED_B_REVIEW_NOT_VERIFIED	cangjie/reading/R007/wanming_receipts.jsonl	B076	B077_B079_B080_B095	Each of 192 unchecked: verify private EPUB locus + B mechanism + opposite interpretation + counterexample; the 104 old scoped reviews stay provisional.
STAGE0:R024:R024-340-C1	STAGE0_B_CLAIM	R024-340-C1	R059	cangjie/reading/R007/wanming_receipts.jsonl	STAGE0_SOURCE_B_QUALITY	SCOPED_B_REVIEW_NOT_VERIFIED	cangjie/reading/R007/wanming_receipts.jsonl	B076	B077_B079_B080_B095	Each of 192 unchecked: verify private EPUB locus + B mechanism + opposite interpretation + counterexample; the 104 old scoped reviews stay provisional.
STAGE0:R024:R024-341-C1	STAGE0_B_CLAIM	R024-341-C1	R059	cangjie/reading/R007/wanming_receipts.jsonl	STAGE0_SOURCE_B_QUALITY	SCOPED_B_REVIEW_NOT_VERIFIED	cangjie/reading/R007/wanming_receipts.jsonl	B076	B077_B079_B080_B095	Each of 192 unchecked: verify private EPUB locus + B mechanism + opposite interpretation + counterexample; the 104 old scoped reviews stay provisional.
STAGE0:R024:R024-343-C1	STAGE0_B_CLAIM	R024-343-C1	R059	cangjie/reading/R007/wanming_receipts.jsonl	STAGE0_SOURCE_B_QUALITY	SCOPED_B_REVIEW_NOT_VERIFIED	cangjie/reading/R007/wanming_receipts.jsonl	B076	B077_B079_B080_B095	Each of 192 unchecked: verify private EPUB locus + B mechanism + opposite interpretation + counterexample; the 104 old scoped reviews stay provisional.
STAGE0:R024:R024-344-C1	STAGE0_B_CLAIM	R024-344-C1	R059	cangjie/reading/R007/wanming_receipts.jsonl	STAGE0_SOURCE_B_QUALITY	SCOPED_B_REVIEW_NOT_VERIFIED	cangjie/reading/R007/wanming_receipts.jsonl	B076	B077_B079_B080_B095	Each of 192 unchecked: verify private EPUB locus + B mechanism + opposite interpretation + counterexample; the 104 old scoped reviews stay provisional.
STAGE0:R024:R024-345-C1	STAGE0_B_CLAIM	R024-345-C1	R059	cangjie/reading/R007/wanming_receipts.jsonl	STAGE0_SOURCE_B_QUALITY	SCOPED_B_REVIEW_NOT_VERIFIED	cangjie/reading/R007/wanming_receipts.jsonl	B076	B077_B079_B080_B095	Each of 192 unchecked: verify private EPUB locus + B mechanism + opposite interpretation + counterexample; the 104 old scoped reviews stay provisional.
STAGE0:R024:R024-346-C1	STAGE0_B_CLAIM	R024-346-C1	R059	cangjie/reading/R007/wanming_receipts.jsonl	STAGE0_SOURCE_B_QUALITY	SCOPED_B_REVIEW_NOT_VERIFIED	cangjie/reading/R007/wanming_receipts.jsonl	B076	B077_B079_B080_B095	Each of 192 unchecked: verify private EPUB locus + B mechanism + opposite interpretation + counterexample; the 104 old scoped reviews stay provisional.
STAGE0:R024:R024-347-C1	STAGE0_B_CLAIM	R024-347-C1	R059	cangjie/reading/R007/wanming_receipts.jsonl	STAGE0_SOURCE_B_QUALITY	SCOPED_B_REVIEW_NOT_VERIFIED	cangjie/reading/R007/wanming_receipts.jsonl	B076	B077_B079_B080_B095	Each of 192 unchecked: verify private EPUB locus + B mechanism + opposite interpretation + counterexample; the 104 old scoped reviews stay provisional.
STAGE0:R024:R024-350-C1	STAGE0_B_CLAIM	R024-350-C1	R059	cangjie/reading/R007/wanming_receipts.jsonl	STAGE0_SOURCE_B_QUALITY	SCOPED_B_REVIEW_NOT_VERIFIED	cangjie/reading/R007/wanming_receipts.jsonl	B076	B077_B079_B080_B095	Each of 192 unchecked: verify private EPUB locus + B mechanism + opposite interpretation + counterexample; the 104 old scoped reviews stay provisional.
STAGE0:R024:R024-352-C1	STAGE0_B_CLAIM	R024-352-C1	R059	cangjie/reading/R007/wanming_receipts.jsonl	STAGE0_SOURCE_B_QUALITY	SCOPED_B_REVIEW_NOT_VERIFIED	cangjie/reading/R007/wanming_receipts.jsonl	B076	B077_B079_B080_B095	Each of 192 unchecked: verify private EPUB locus + B mechanism + opposite interpretation + counterexample; the 104 old scoped reviews stay provisional.
STAGE0:R024:R024-355-C1	STAGE0_B_CLAIM	R024-355-C1	R059	cangjie/reading/R007/wanming_receipts.jsonl	STAGE0_SOURCE_B_QUALITY	SCOPED_B_REVIEW_NOT_VERIFIED	cangjie/reading/R007/wanming_receipts.jsonl	B076	B077_B079_B080_B095	Each of 192 unchecked: verify private EPUB locus + B mechanism + opposite interpretation + counterexample; the 104 old scoped reviews stay provisional.
STAGE0:R024:R024-357-C1	STAGE0_B_CLAIM	R024-357-C1	R059	cangjie/reading/R007/wanming_receipts.jsonl	STAGE0_SOURCE_B_QUALITY	SCOPED_B_REVIEW_NOT_VERIFIED	cangjie/reading/R007/wanming_receipts.jsonl	B076	B077_B079_B080_B095	Each of 192 unchecked: verify private EPUB locus + B mechanism + opposite interpretation + counterexample; the 104 old scoped reviews stay provisional.
STAGE0:R024:R024-360-C1	STAGE0_B_CLAIM	R024-360-C1	R059	cangjie/reading/R007/wanming_receipts.jsonl	STAGE0_SOURCE_B_QUALITY	SCOPED_B_REVIEW_NOT_VERIFIED	cangjie/reading/R007/wanming_receipts.jsonl	B076	B077_B079_B080_B095	Each of 192 unchecked: verify private EPUB locus + B mechanism + opposite interpretation + counterexample; the 104 old scoped reviews stay provisional.
LEGACY:tx-r008-033	LEGACY_R042_QUARANTINE	tx-r008-033	R061	gates/R057_LEGACY_QUARANTINE.tsv	LEGACY14_SOURCE_AND_ISOLATION	OPEN_QUARANTINED	tiexuecanming	B076	B077_B095	14 legacy source claims stay quarantined; each needs explicit old-vs-new judgement, never automatically enter active skill.
LEGACY:wanming-R013-143-narrative-candidate	LEGACY_R042_QUARANTINE	wanming-R013-143-narrative-candidate	R060	gates/R057_LEGACY_QUARANTINE.tsv	LEGACY14_SOURCE_AND_ISOLATION	OPEN_QUARANTINED	wanming	B076	B077_B095	14 legacy source claims stay quarantined; each needs explicit old-vs-new judgement, never automatically enter active skill.
LEGACY:wanming-R017-220-candidate	LEGACY_R042_QUARANTINE	wanming-R017-220-candidate	R060	gates/R057_LEGACY_QUARANTINE.tsv	LEGACY14_SOURCE_AND_ISOLATION	OPEN_QUARANTINED	wanming	B076	B077_B095	14 legacy source claims stay quarantined; each needs explicit old-vs-new judgement, never automatically enter active skill.
LEGACY:v13-R018-tiexue-226-candidate	LEGACY_R042_QUARANTINE	v13-R018-tiexue-226-candidate	R061	gates/R057_LEGACY_QUARANTINE.tsv	LEGACY14_SOURCE_AND_ISOLATION	OPEN_QUARANTINED	tiexuecanming	B076	B077_B095	14 legacy source claims stay quarantined; each needs explicit old-vs-new judgement, never automatically enter active skill.
LEGACY:v13-r023-wanming-339-candidate	LEGACY_R042_QUARANTINE	v13-r023-wanming-339-candidate	R060	gates/R057_LEGACY_QUARANTINE.tsv	LEGACY14_SOURCE_AND_ISOLATION	OPEN_QUARANTINED	wanming	B076	B077_B095	14 legacy source claims stay quarantined; each needs explicit old-vs-new judgement, never automatically enter active skill.
LEGACY:wm-r009-65-candidate	LEGACY_R042_QUARANTINE	wm-r009-65-candidate	R060	gates/R057_LEGACY_QUARANTINE.tsv	LEGACY14_SOURCE_AND_ISOLATION	OPEN_QUARANTINED	wanming	B076	B077_B095	14 legacy source claims stay quarantined; each needs explicit old-vs-new judgement, never automatically enter active skill.
LEGACY:wm-r011-99-candidate	LEGACY_R042_QUARANTINE	wm-r011-99-candidate	R060	gates/R057_LEGACY_QUARANTINE.tsv	LEGACY14_SOURCE_AND_ISOLATION	OPEN_QUARANTINED	wanming	B076	B077_B095	14 legacy source claims stay quarantined; each needs explicit old-vs-new judgement, never automatically enter active skill.
LEGACY:tx-r012-109	LEGACY_R042_QUARANTINE	tx-r012-109	R061	gates/R057_LEGACY_QUARANTINE.tsv	LEGACY14_SOURCE_AND_ISOLATION	OPEN_QUARANTINED	tiexuecanming	B076	B077_B095	14 legacy source claims stay quarantined; each needs explicit old-vs-new judgement, never automatically enter active skill.
LEGACY:tx-r014-153-candidate	LEGACY_R042_QUARANTINE	tx-r014-153-candidate	R061	gates/R057_LEGACY_QUARANTINE.tsv	LEGACY14_SOURCE_AND_ISOLATION	OPEN_QUARANTINED	tiexuecanming	B076	B077_B095	14 legacy source claims stay quarantined; each needs explicit old-vs-new judgement, never automatically enter active skill.
LEGACY:tiexue-R016-180-candidate	LEGACY_R042_QUARANTINE	tiexue-R016-180-candidate	R061	gates/R057_LEGACY_QUARANTINE.tsv	LEGACY14_SOURCE_AND_ISOLATION	OPEN_QUARANTINED	tiexuecanming	B076	B077_B095	14 legacy source claims stay quarantined; each needs explicit old-vs-new judgement, never automatically enter active skill.
LEGACY:v13-r019-wanming-265-candidate	LEGACY_R042_QUARANTINE	v13-r019-wanming-265-candidate	R060	gates/R057_LEGACY_QUARANTINE.tsv	LEGACY14_SOURCE_AND_ISOLATION	OPEN_QUARANTINED	wanming	B076	B077_B095	14 legacy source claims stay quarantined; each needs explicit old-vs-new judgement, never automatically enter active skill.
LEGACY:tiexue-R020-254-provisional	LEGACY_R042_QUARANTINE	tiexue-R020-254-provisional	R061	gates/R057_LEGACY_QUARANTINE.tsv	LEGACY14_SOURCE_AND_ISOLATION	OPEN_QUARANTINED	tiexuecanming	B076	B077_B095	14 legacy source claims stay quarantined; each needs explicit old-vs-new judgement, never automatically enter active skill.
LEGACY:V13-R021-wanming-305-candidate	LEGACY_R042_QUARANTINE	V13-R021-wanming-305-candidate	R060	gates/R057_LEGACY_QUARANTINE.tsv	LEGACY14_SOURCE_AND_ISOLATION	OPEN_QUARANTINED	wanming	B076	B077_B095	14 legacy source claims stay quarantined; each needs explicit old-vs-new judgement, never automatically enter active skill.
LEGACY:v13-r022-tiexue-286-candidate	LEGACY_R042_QUARANTINE	v13-r022-tiexue-286-candidate	R061	gates/R057_LEGACY_QUARANTINE.tsv	LEGACY14_SOURCE_AND_ISOLATION	OPEN_QUARANTINED	tiexuecanming	B076	B077_B095	14 legacy source claims stay quarantined; each needs explicit old-vs-new judgement, never automatically enter active skill.
V1:WM-f03	V1_SOURCE_REVIEW	WM-f03	R063	gates/R057_REPAIR_V1_39_QUEUE.tsv	CANGJIE_V1_REPAIR	V1_REMAINING_OPEN	n052/p28;n070/p36;n494/p17;n514/p34	B076	B077	Old 39 tracked: 11 earlier narrow source support, 18 references, 3 new narrow V1, 7 still unproven; keep candidate-level boundaries.
V1:WM-f05	V1_SOURCE_REVIEW	WM-f05	R063	gates/R057_REPAIR_V1_39_QUEUE.tsv	CANGJIE_V1_REPAIR	EARLIER_LIMITED_V1	n089/p1;n089/p18;n089/p26;n111/p1;n488/p2	B076	B077	Old 39 tracked: 11 earlier narrow source support, 18 references, 3 new narrow V1, 7 still unproven; keep candidate-level boundaries.
V1:WM-f07	V1_SOURCE_REVIEW	WM-f07	R063	gates/R057_REPAIR_V1_39_QUEUE.tsv	CANGJIE_V1_REPAIR	V1_REMAINING_OPEN	n140/p36;n220/p35;n220/p42;n248/p35	B076	B077	Old 39 tracked: 11 earlier narrow source support, 18 references, 3 new narrow V1, 7 still unproven; keep candidate-level boundaries.
V1:WM-f09	V1_SOURCE_REVIEW	WM-f09	R063	gates/R057_REPAIR_V1_39_QUEUE.tsv	CANGJIE_V1_REPAIR	V1_REMAINING_OPEN	n099/p18;n297/p1;n345/p29;n437/p6	B076	B077	Old 39 tracked: 11 earlier narrow source support, 18 references, 3 new narrow V1, 7 still unproven; keep candidate-level boundaries.
V1:WM-f15	V1_SOURCE_REVIEW	WM-f15	R063	gates/R057_REPAIR_V1_39_QUEUE.tsv	CANGJIE_V1_REPAIR	NEW_LIMITED_V1	n390/p25;n494/p17;n514/p34;n561/p45	B076	B077	Old 39 tracked: 11 earlier narrow source support, 18 references, 3 new narrow V1, 7 still unproven; keep candidate-level boundaries.
V1:WM-f17	V1_SOURCE_REVIEW	WM-f17	R063	gates/R057_REPAIR_V1_39_QUEUE.tsv	CANGJIE_V1_REPAIR	V1_REMAINING_OPEN	n089/p26;n305/p35;n529/p38;n529/p40;n530/p1	B076	B077	Old 39 tracked: 11 earlier narrow source support, 18 references, 3 new narrow V1, 7 still unproven; keep candidate-level boundaries.
V1:WM-p02	V1_SOURCE_REVIEW	WM-p02	R063	gates/R057_REPAIR_V1_39_QUEUE.tsv	CANGJIE_V1_REPAIR	V1_REMAINING_OPEN	n048/p17;n099/p18	B076	B077	Old 39 tracked: 11 earlier narrow source support, 18 references, 3 new narrow V1, 7 still unproven; keep candidate-level boundaries.
V1:WM-p09	V1_SOURCE_REVIEW	WM-p09	R063	gates/R057_REPAIR_V1_39_QUEUE.tsv	CANGJIE_V1_REPAIR	NEW_LIMITED_V1	n155/p30;n305/p29	B076	B077	Old 39 tracked: 11 earlier narrow source support, 18 references, 3 new narrow V1, 7 still unproven; keep candidate-level boundaries.
V1:WM-p10	V1_SOURCE_REVIEW	WM-p10	R063	gates/R057_REPAIR_V1_39_QUEUE.tsv	CANGJIE_V1_REPAIR	EARLIER_LIMITED_V1	n222/p28;n390/p25	B076	B077	Old 39 tracked: 11 earlier narrow source support, 18 references, 3 new narrow V1, 7 still unproven; keep candidate-level boundaries.
V1:WM-p11	V1_SOURCE_REVIEW	WM-p11	R063	gates/R057_REPAIR_V1_39_QUEUE.tsv	CANGJIE_V1_REPAIR	V1_REMAINING_OPEN	n295/p3;n425/p40	B076	B077	Old 39 tracked: 11 earlier narrow source support, 18 references, 3 new narrow V1, 7 still unproven; keep candidate-level boundaries.
V1:WM-p15	V1_SOURCE_REVIEW	WM-p15	R063	gates/R057_REPAIR_V1_39_QUEUE.tsv	CANGJIE_V1_REPAIR	EARLIER_LIMITED_V1	n390/p25;n494/p17	B076	B077	Old 39 tracked: 11 earlier narrow source support, 18 references, 3 new narrow V1, 7 still unproven; keep candidate-level boundaries.
V1:WM-p16	V1_SOURCE_REVIEW	WM-p16	R063	gates/R057_REPAIR_V1_39_QUEUE.tsv	CANGJIE_V1_REPAIR	EARLIER_LIMITED_V1	n425/p27;n425/p40	B076	B077	Old 39 tracked: 11 earlier narrow source support, 18 references, 3 new narrow V1, 7 still unproven; keep candidate-level boundaries.
V1:WM-p17	V1_SOURCE_REVIEW	WM-p17	R063	gates/R057_REPAIR_V1_39_QUEUE.tsv	CANGJIE_V1_REPAIR	NEW_LIMITED_V1	n425/p40;n425/p35	B076	B077	Old 39 tracked: 11 earlier narrow source support, 18 references, 3 new narrow V1, 7 still unproven; keep candidate-level boundaries.
V1:WM-p22	V1_SOURCE_REVIEW	WM-p22	R063	gates/R057_REPAIR_V1_39_QUEUE.tsv	CANGJIE_V1_REPAIR	EARLIER_LIMITED_V1	n530/p1;n099/p18	B076	B077	Old 39 tracked: 11 earlier narrow source support, 18 references, 3 new narrow V1, 7 still unproven; keep candidate-level boundaries.
V1:WM-c05	V1_SOURCE_REVIEW	WM-c05	R063	gates/R057_REPAIR_V1_39_QUEUE.tsv	CANGJIE_V1_REPAIR	ROUTED_REFERENCE	n099/p18;n099/p19	B076	B077	Old 39 tracked: 11 earlier narrow source support, 18 references, 3 new narrow V1, 7 still unproven; keep candidate-level boundaries.
V1:WM-c11	V1_SOURCE_REVIEW	WM-c11	R063	gates/R057_REPAIR_V1_39_QUEUE.tsv	CANGJIE_V1_REPAIR	ROUTED_REFERENCE	n437/p6;n437/p29;n437/p31	B076	B077	Old 39 tracked: 11 earlier narrow source support, 18 references, 3 new narrow V1, 7 still unproven; keep candidate-level boundaries.
V1:WM-ce06	V1_SOURCE_REVIEW	WM-ce06	R063	gates/R057_REPAIR_V1_39_QUEUE.tsv	CANGJIE_V1_REPAIR	ROUTED_REFERENCE	n099/p17;n099/p18;n099/p19	B076	B077	Old 39 tracked: 11 earlier narrow source support, 18 references, 3 new narrow V1, 7 still unproven; keep candidate-level boundaries.
V1:WM-ce08	V1_SOURCE_REVIEW	WM-ce08	R063	gates/R057_REPAIR_V1_39_QUEUE.tsv	CANGJIE_V1_REPAIR	ROUTED_REFERENCE	n155/p28;n155/p30	B076	B077	Old 39 tracked: 11 earlier narrow source support, 18 references, 3 new narrow V1, 7 still unproven; keep candidate-level boundaries.
V1:WM-ce12	V1_SOURCE_REVIEW	WM-ce12	R063	gates/R057_REPAIR_V1_39_QUEUE.tsv	CANGJIE_V1_REPAIR	ROUTED_REFERENCE	n380/p25;n380/p27;n380/p28	B076	B077	Old 39 tracked: 11 earlier narrow source support, 18 references, 3 new narrow V1, 7 still unproven; keep candidate-level boundaries.
V1:WM-ce13	V1_SOURCE_REVIEW	WM-ce13	R063	gates/R057_REPAIR_V1_39_QUEUE.tsv	CANGJIE_V1_REPAIR	ROUTED_REFERENCE	n425/p25;n425/p26;n425/p35;n425/p40	B076	B077	Old 39 tracked: 11 earlier narrow source support, 18 references, 3 new narrow V1, 7 still unproven; keep candidate-level boundaries.
V1:WM-ce15	V1_SOURCE_REVIEW	WM-ce15	R063	gates/R057_REPAIR_V1_39_QUEUE.tsv	CANGJIE_V1_REPAIR	ROUTED_REFERENCE	n494/p8;n494/p11;n494/p18	B076	B077	Old 39 tracked: 11 earlier narrow source support, 18 references, 3 new narrow V1, 7 still unproven; keep candidate-level boundaries.
V1:WM-ce17	V1_SOURCE_REVIEW	WM-ce17	R063	gates/R057_REPAIR_V1_39_QUEUE.tsv	CANGJIE_V1_REPAIR	ROUTED_REFERENCE	n519/p66;n519/p67;n519/p69;n519/p70;n520/p15;n520/p17	B076	B077	Old 39 tracked: 11 earlier narrow source support, 18 references, 3 new narrow V1, 7 still unproven; keep candidate-level boundaries.
V1:WM-ce18	V1_SOURCE_REVIEW	WM-ce18	R063	gates/R057_REPAIR_V1_39_QUEUE.tsv	CANGJIE_V1_REPAIR	ROUTED_REFERENCE	n529/p38;n529/p40;n529/p41	B076	B077	Old 39 tracked: 11 earlier narrow source support, 18 references, 3 new narrow V1, 7 still unproven; keep candidate-level boundaries.
V1:TX-f06	V1_SOURCE_REVIEW	TX-f06	R064	gates/R057_REPAIR_V1_39_QUEUE.tsv	CANGJIE_V1_REPAIR	V1_REMAINING_OPEN	n114/p27;n114/p29;n531/p8	B076	B077	Old 39 tracked: 11 earlier narrow source support, 18 references, 3 new narrow V1, 7 still unproven; keep candidate-level boundaries.
V1:TX-f07	V1_SOURCE_REVIEW	TX-f07	R064	gates/R057_REPAIR_V1_39_QUEUE.tsv	CANGJIE_V1_REPAIR	EARLIER_LIMITED_V1	n315/p40;n320/p36;n420/p2;n485/p23	B076	B077	Old 39 tracked: 11 earlier narrow source support, 18 references, 3 new narrow V1, 7 still unproven; keep candidate-level boundaries.
V1:TX-f14	V1_SOURCE_REVIEW	TX-f14	R064	gates/R057_REPAIR_V1_39_QUEUE.tsv	CANGJIE_V1_REPAIR	EARLIER_LIMITED_V1	n285/p5;n285/p6;n490/p28	B076	B077	Old 39 tracked: 11 earlier narrow source support, 18 references, 3 new narrow V1, 7 still unproven; keep candidate-level boundaries.
V1:TX-f17	V1_SOURCE_REVIEW	TX-f17	R064	gates/R057_REPAIR_V1_39_QUEUE.tsv	CANGJIE_V1_REPAIR	EARLIER_LIMITED_V1	n174/p23;n174/p24;n361/p35;n361/p36;n527/p30;n527/p31	B076	B077	Old 39 tracked: 11 earlier narrow source support, 18 references, 3 new narrow V1, 7 still unproven; keep candidate-level boundaries.
V1:TX-p10	V1_SOURCE_REVIEW	TX-p10	R064	gates/R057_REPAIR_V1_39_QUEUE.tsv	CANGJIE_V1_REPAIR	EARLIER_LIMITED_V1	n175/p23;n531/p25;n531/p26	B076	B077	Old 39 tracked: 11 earlier narrow source support, 18 references, 3 new narrow V1, 7 still unproven; keep candidate-level boundaries.
V1:TX-p16	V1_SOURCE_REVIEW	TX-p16	R064	gates/R057_REPAIR_V1_39_QUEUE.tsv	CANGJIE_V1_REPAIR	EARLIER_LIMITED_V1	n420/p2;n430/p59;n475/p25	B076	B077	Old 39 tracked: 11 earlier narrow source support, 18 references, 3 new narrow V1, 7 still unproven; keep candidate-level boundaries.
V1:TX-p22	V1_SOURCE_REVIEW	TX-p22	R064	gates/R057_REPAIR_V1_39_QUEUE.tsv	CANGJIE_V1_REPAIR	EARLIER_LIMITED_V1	n103/p16;n103/p18	B076	B077	Old 39 tracked: 11 earlier narrow source support, 18 references, 3 new narrow V1, 7 still unproven; keep candidate-level boundaries.
V1:TX-c05	V1_SOURCE_REVIEW	TX-c05	R064	gates/R057_REPAIR_V1_39_QUEUE.tsv	CANGJIE_V1_REPAIR	ROUTED_REFERENCE	n095/p28;n095/p35;n095/p36	B076	B077	Old 39 tracked: 11 earlier narrow source support, 18 references, 3 new narrow V1, 7 still unproven; keep candidate-level boundaries.
V1:TX-ce01	V1_SOURCE_REVIEW	TX-ce01	R064	gates/R057_REPAIR_V1_39_QUEUE.tsv	CANGJIE_V1_REPAIR	ROUTED_REFERENCE	n013/p34;n013/p52;n013/p56	B076	B077	Old 39 tracked: 11 earlier narrow source support, 18 references, 3 new narrow V1, 7 still unproven; keep candidate-level boundaries.
V1:TX-ce08	V1_SOURCE_REVIEW	TX-ce08	R064	gates/R057_REPAIR_V1_39_QUEUE.tsv	CANGJIE_V1_REPAIR	ROUTED_REFERENCE	n165/p1;n165/p5;n165/p80	B076	B077	Old 39 tracked: 11 earlier narrow source support, 18 references, 3 new narrow V1, 7 still unproven; keep candidate-level boundaries.
V1:TX-ce09	V1_SOURCE_REVIEW	TX-ce09	R064	gates/R057_REPAIR_V1_39_QUEUE.tsv	CANGJIE_V1_REPAIR	ROUTED_REFERENCE	n174/p13;n174/p37;n174/p39	B076	B077	Old 39 tracked: 11 earlier narrow source support, 18 references, 3 new narrow V1, 7 still unproven; keep candidate-level boundaries.
V1:TX-ce10	V1_SOURCE_REVIEW	TX-ce10	R064	gates/R057_REPAIR_V1_39_QUEUE.tsv	CANGJIE_V1_REPAIR	ROUTED_REFERENCE	n180/p12;n180/p20;n180/p29	B076	B077	Old 39 tracked: 11 earlier narrow source support, 18 references, 3 new narrow V1, 7 still unproven; keep candidate-level boundaries.
V1:TX-ce12	V1_SOURCE_REVIEW	TX-ce12	R064	gates/R057_REPAIR_V1_39_QUEUE.tsv	CANGJIE_V1_REPAIR	ROUTED_REFERENCE	n213/p2;n213/p5;n213/p18;n213/p21	B076	B077	Old 39 tracked: 11 earlier narrow source support, 18 references, 3 new narrow V1, 7 still unproven; keep candidate-level boundaries.
V1:TX-ce14	V1_SOURCE_REVIEW	TX-ce14	R064	gates/R057_REPAIR_V1_39_QUEUE.tsv	CANGJIE_V1_REPAIR	ROUTED_REFERENCE	n357/p49;n357/p58;n357/p60	B076	B077	Old 39 tracked: 11 earlier narrow source support, 18 references, 3 new narrow V1, 7 still unproven; keep candidate-level boundaries.
V1:TX-ce15	V1_SOURCE_REVIEW	TX-ce15	R064	gates/R057_REPAIR_V1_39_QUEUE.tsv	CANGJIE_V1_REPAIR	ROUTED_REFERENCE	n361/p34;n361/p35;n361/p36	B076	B077	Old 39 tracked: 11 earlier narrow source support, 18 references, 3 new narrow V1, 7 still unproven; keep candidate-level boundaries.
V1:TX-ce18	V1_SOURCE_REVIEW	TX-ce18	R064	gates/R057_REPAIR_V1_39_QUEUE.tsv	CANGJIE_V1_REPAIR	ROUTED_REFERENCE	n490/p28;n490/p30;n505/p8	B076	B077	Old 39 tracked: 11 earlier narrow source support, 18 references, 3 new narrow V1, 7 still unproven; keep candidate-level boundaries.
V2:WM-f11	V2_EXECUTABILITY_NOT_TESTED	WM-f11	R065	gates/R057_REPAIR_V2_11_TEST_DESIGNS.tsv	CANGJIE_V2_REAL_EXECUTION	LEGACY_V2_LIMITED_NOT_REAL_V3	R065_R066_PASS_LIMITED_PAPER	B076	B077_B079_B080	Old 11 V2 checks have later limited walkthroughs; audit actual input/output and failures, not blind V3.
V2:WM-f16	V2_EXECUTABILITY_NOT_TESTED	WM-f16	R065	gates/R057_REPAIR_V2_11_TEST_DESIGNS.tsv	CANGJIE_V2_REAL_EXECUTION	LEGACY_V2_LIMITED_NOT_REAL_V3	R065_R066_PASS_LIMITED_PAPER	B076	B077_B079_B080	Old 11 V2 checks have later limited walkthroughs; audit actual input/output and failures, not blind V3.
V2:WM-p06	V2_EXECUTABILITY_NOT_TESTED	WM-p06	R065	gates/R057_REPAIR_V2_11_TEST_DESIGNS.tsv	CANGJIE_V2_REAL_EXECUTION	LEGACY_V2_LIMITED_NOT_REAL_V3	R065_R066_PASS_LIMITED_PAPER	B076	B077_B079_B080	Old 11 V2 checks have later limited walkthroughs; audit actual input/output and failures, not blind V3.
V2:WM-p13	V2_EXECUTABILITY_NOT_TESTED	WM-p13	R065	gates/R057_REPAIR_V2_11_TEST_DESIGNS.tsv	CANGJIE_V2_REAL_EXECUTION	LEGACY_V2_LIMITED_NOT_REAL_V3	R065_R066_PASS_LIMITED_PAPER	B076	B077_B079_B080	Old 11 V2 checks have later limited walkthroughs; audit actual input/output and failures, not blind V3.
V2:WM-p18	V2_EXECUTABILITY_NOT_TESTED	WM-p18	R065	gates/R057_REPAIR_V2_11_TEST_DESIGNS.tsv	CANGJIE_V2_REAL_EXECUTION	LEGACY_V2_LIMITED_NOT_REAL_V3	R065_R066_PASS_LIMITED_PAPER	B076	B077_B079_B080	Old 11 V2 checks have later limited walkthroughs; audit actual input/output and failures, not blind V3.
V2:TX-f03	V2_EXECUTABILITY_NOT_TESTED	TX-f03	R066	gates/R057_REPAIR_V2_11_TEST_DESIGNS.tsv	CANGJIE_V2_REAL_EXECUTION	LEGACY_V2_LIMITED_NOT_REAL_V3	R065_R066_PASS_LIMITED_PAPER	B076	B077_B079_B080	Old 11 V2 checks have later limited walkthroughs; audit actual input/output and failures, not blind V3.
V2:TX-f04	V2_EXECUTABILITY_NOT_TESTED	TX-f04	R066	gates/R057_REPAIR_V2_11_TEST_DESIGNS.tsv	CANGJIE_V2_REAL_EXECUTION	LEGACY_V2_LIMITED_NOT_REAL_V3	R065_R066_PASS_LIMITED_PAPER	B076	B077_B079_B080	Old 11 V2 checks have later limited walkthroughs; audit actual input/output and failures, not blind V3.
V2:TX-f15	V2_EXECUTABILITY_NOT_TESTED	TX-f15	R066	gates/R057_REPAIR_V2_11_TEST_DESIGNS.tsv	CANGJIE_V2_REAL_EXECUTION	LEGACY_V2_LIMITED_NOT_REAL_V3	R065_R066_PASS_LIMITED_PAPER	B076	B077_B079_B080	Old 11 V2 checks have later limited walkthroughs; audit actual input/output and failures, not blind V3.
V2:TX-p02	V2_EXECUTABILITY_NOT_TESTED	TX-p02	R066	gates/R057_REPAIR_V2_11_TEST_DESIGNS.tsv	CANGJIE_V2_REAL_EXECUTION	LEGACY_V2_LIMITED_NOT_REAL_V3	R065_R066_PASS_LIMITED_PAPER	B076	B077_B079_B080	Old 11 V2 checks have later limited walkthroughs; audit actual input/output and failures, not blind V3.
V2:TX-p15	V2_EXECUTABILITY_NOT_TESTED	TX-p15	R066	gates/R057_REPAIR_V2_11_TEST_DESIGNS.tsv	CANGJIE_V2_REAL_EXECUTION	LEGACY_V2_LIMITED_NOT_REAL_V3	R065_R066_PASS_LIMITED_PAPER	B076	B077_B079_B080	Old 11 V2 checks have later limited walkthroughs; audit actual input/output and failures, not blind V3.
V2:TX-p18	V2_EXECUTABILITY_NOT_TESTED	TX-p18	R066	gates/R057_REPAIR_V2_11_TEST_DESIGNS.tsv	CANGJIE_V2_REAL_EXECUTION	LEGACY_V2_LIMITED_NOT_REAL_V3	R065_R066_PASS_LIMITED_PAPER	B076	B077_B079_B080	Old 11 V2 checks have later limited walkthroughs; audit actual input/output and failures, not blind V3.
V3:WM-f01	V3_NO_GAIN_PROVEN	WM-f01	R068	gates/R057_REPAIR_V3_47_TEST_QUEUE.tsv	CANGJIE_V3_TRUE_INDEPENDENCE	NONBLIND_OLD_OUTPUT_INDEPENDENT_NOT_RUN	f0c685a95d3c6d0639655d59af904cbdf3dfe473	B076	B095	47 originals are in 69 true-independent replication queue; new prereg, separated creators, >=2 blind reviewers and prereg gain.
V3:WM-f02	V3_NO_GAIN_PROVEN	WM-f02	R068	gates/R057_REPAIR_V3_47_TEST_QUEUE.tsv	CANGJIE_V3_TRUE_INDEPENDENCE	NONBLIND_OLD_OUTPUT_INDEPENDENT_NOT_RUN	64a7af3b5ddae535c84afb3ec9b89de8a94a3617	B076	B095	47 originals are in 69 true-independent replication queue; new prereg, separated creators, >=2 blind reviewers and prereg gain.
V3:WM-f04	V3_NO_GAIN_PROVEN	WM-f04	R068	gates/R057_REPAIR_V3_47_TEST_QUEUE.tsv	CANGJIE_V3_TRUE_INDEPENDENCE	NONBLIND_OLD_OUTPUT_INDEPENDENT_NOT_RUN	37855153a1db3ddb6d5938ab5734f66bd51089f4	B076	B095	47 originals are in 69 true-independent replication queue; new prereg, separated creators, >=2 blind reviewers and prereg gain.
V3:WM-f06	V3_NO_GAIN_PROVEN	WM-f06	R068	gates/R057_REPAIR_V3_47_TEST_QUEUE.tsv	CANGJIE_V3_TRUE_INDEPENDENCE	NONBLIND_OLD_OUTPUT_INDEPENDENT_NOT_RUN	4ad86817cf1f1929e6a3b74373d98c12b1c69124	B076	B095	47 originals are in 69 true-independent replication queue; new prereg, separated creators, >=2 blind reviewers and prereg gain.
V3:WM-f08	V3_NO_GAIN_PROVEN	WM-f08	R068	gates/R057_REPAIR_V3_47_TEST_QUEUE.tsv	CANGJIE_V3_TRUE_INDEPENDENCE	NONBLIND_OLD_OUTPUT_INDEPENDENT_NOT_RUN	da302453c1837fc6b2cda84b27a647568206bc53	B076	B095	47 originals are in 69 true-independent replication queue; new prereg, separated creators, >=2 blind reviewers and prereg gain.
V3:WM-f10	V3_NO_GAIN_PROVEN	WM-f10	R068	gates/R057_REPAIR_V3_47_TEST_QUEUE.tsv	CANGJIE_V3_TRUE_INDEPENDENCE	NONBLIND_OLD_OUTPUT_INDEPENDENT_NOT_RUN	70560e6d597d15e0b7056014d82d63bb4f8ee9f3	B076	B095	47 originals are in 69 true-independent replication queue; new prereg, separated creators, >=2 blind reviewers and prereg gain.
V3:WM-f12	V3_NO_GAIN_PROVEN	WM-f12	R068	gates/R057_REPAIR_V3_47_TEST_QUEUE.tsv	CANGJIE_V3_TRUE_INDEPENDENCE	NONBLIND_OLD_OUTPUT_INDEPENDENT_NOT_RUN	feb656d64bad669f2a3284a89cecca5f1c763019	B076	B095	47 originals are in 69 true-independent replication queue; new prereg, separated creators, >=2 blind reviewers and prereg gain.
V3:WM-f13	V3_NO_GAIN_PROVEN	WM-f13	R069	gates/R057_REPAIR_V3_47_TEST_QUEUE.tsv	CANGJIE_V3_TRUE_INDEPENDENCE	NONBLIND_OLD_OUTPUT_INDEPENDENT_NOT_RUN	85b11f241447b33e5f58f5d80a80c3a858a9cc1c	B076	B095	47 originals are in 69 true-independent replication queue; new prereg, separated creators, >=2 blind reviewers and prereg gain.
V3:WM-f14	V3_NO_GAIN_PROVEN	WM-f14	R069	gates/R057_REPAIR_V3_47_TEST_QUEUE.tsv	CANGJIE_V3_TRUE_INDEPENDENCE	NONBLIND_OLD_OUTPUT_INDEPENDENT_NOT_RUN	3b0eae37512ab8f406d199a97fef5876dcc33611	B076	B095	47 originals are in 69 true-independent replication queue; new prereg, separated creators, >=2 blind reviewers and prereg gain.
V3:WM-p01	V3_NO_GAIN_PROVEN	WM-p01	R069	gates/R057_REPAIR_V3_47_TEST_QUEUE.tsv	CANGJIE_V3_TRUE_INDEPENDENCE	NONBLIND_OLD_OUTPUT_INDEPENDENT_NOT_RUN	23c005f9b2cc259b0c283c11955dfdeeabc7c82b	B076	B095	47 originals are in 69 true-independent replication queue; new prereg, separated creators, >=2 blind reviewers and prereg gain.
V3:WM-p03	V3_NO_GAIN_PROVEN	WM-p03	R069	gates/R057_REPAIR_V3_47_TEST_QUEUE.tsv	CANGJIE_V3_TRUE_INDEPENDENCE	NONBLIND_OLD_OUTPUT_INDEPENDENT_NOT_RUN	a76db2d9c8ef2ca294d9c4cc7873d5e4df49b39d	B076	B095	47 originals are in 69 true-independent replication queue; new prereg, separated creators, >=2 blind reviewers and prereg gain.
V3:WM-p04	V3_NO_GAIN_PROVEN	WM-p04	R069	gates/R057_REPAIR_V3_47_TEST_QUEUE.tsv	CANGJIE_V3_TRUE_INDEPENDENCE	NONBLIND_OLD_OUTPUT_INDEPENDENT_NOT_RUN	5fa0cd4893dfe7f4fb7f7f1b24305bdf36327cf5	B076	B095	47 originals are in 69 true-independent replication queue; new prereg, separated creators, >=2 blind reviewers and prereg gain.
V3:WM-p05	V3_NO_GAIN_PROVEN	WM-p05	R069	gates/R057_REPAIR_V3_47_TEST_QUEUE.tsv	CANGJIE_V3_TRUE_INDEPENDENCE	NONBLIND_OLD_OUTPUT_INDEPENDENT_NOT_RUN	87def2999475cf0db9b23f61a37be1d81b96b831	B076	B095	47 originals are in 69 true-independent replication queue; new prereg, separated creators, >=2 blind reviewers and prereg gain.
V3:WM-p07	V3_NO_GAIN_PROVEN	WM-p07	R069	gates/R057_REPAIR_V3_47_TEST_QUEUE.tsv	CANGJIE_V3_TRUE_INDEPENDENCE	NONBLIND_OLD_OUTPUT_INDEPENDENT_NOT_RUN	7c29b06f5a1e6dd6721927ce044c09d568476ede	B076	B095	47 originals are in 69 true-independent replication queue; new prereg, separated creators, >=2 blind reviewers and prereg gain.
V3:WM-p08	V3_NO_GAIN_PROVEN	WM-p08	R070	gates/R057_REPAIR_V3_47_TEST_QUEUE.tsv	CANGJIE_V3_TRUE_INDEPENDENCE	NONBLIND_OLD_OUTPUT_INDEPENDENT_NOT_RUN	42a55198cd9e6ead3a21a04491955ab52799a5b3	B076	B095	47 originals are in 69 true-independent replication queue; new prereg, separated creators, >=2 blind reviewers and prereg gain.
V3:WM-p12	V3_NO_GAIN_PROVEN	WM-p12	R070	gates/R057_REPAIR_V3_47_TEST_QUEUE.tsv	CANGJIE_V3_TRUE_INDEPENDENCE	NONBLIND_OLD_OUTPUT_INDEPENDENT_NOT_RUN	6c9e9a45d80a6c8f0dee2ba87d6e1391128ddeb2	B076	B095	47 originals are in 69 true-independent replication queue; new prereg, separated creators, >=2 blind reviewers and prereg gain.
V3:WM-p14	V3_NO_GAIN_PROVEN	WM-p14	R070	gates/R057_REPAIR_V3_47_TEST_QUEUE.tsv	CANGJIE_V3_TRUE_INDEPENDENCE	NONBLIND_OLD_OUTPUT_INDEPENDENT_NOT_RUN	7fe3ab1c46465d15cb98d65f8717bacef76160c1	B076	B095	47 originals are in 69 true-independent replication queue; new prereg, separated creators, >=2 blind reviewers and prereg gain.
V3:WM-p19	V3_NO_GAIN_PROVEN	WM-p19	R070	gates/R057_REPAIR_V3_47_TEST_QUEUE.tsv	CANGJIE_V3_TRUE_INDEPENDENCE	NONBLIND_OLD_OUTPUT_INDEPENDENT_NOT_RUN	d51298a05a24fbf1e7ffe84e0585ce3431dca37d	B076	B095	47 originals are in 69 true-independent replication queue; new prereg, separated creators, >=2 blind reviewers and prereg gain.
V3:WM-p20	V3_NO_GAIN_PROVEN	WM-p20	R070	gates/R057_REPAIR_V3_47_TEST_QUEUE.tsv	CANGJIE_V3_TRUE_INDEPENDENCE	NONBLIND_OLD_OUTPUT_INDEPENDENT_NOT_RUN	436a5ad70710093380c69a7fc8ea0bdf195731d7	B076	B095	47 originals are in 69 true-independent replication queue; new prereg, separated creators, >=2 blind reviewers and prereg gain.
V3:WM-p21	V3_NO_GAIN_PROVEN	WM-p21	R070	gates/R057_REPAIR_V3_47_TEST_QUEUE.tsv	CANGJIE_V3_TRUE_INDEPENDENCE	NONBLIND_OLD_OUTPUT_INDEPENDENT_NOT_RUN	764fc587efc7023a88e8fa101dbf2ce615015007	B076	B095	47 originals are in 69 true-independent replication queue; new prereg, separated creators, >=2 blind reviewers and prereg gain.
V3:WM-p23	V3_NO_GAIN_PROVEN	WM-p23	R070	gates/R057_REPAIR_V3_47_TEST_QUEUE.tsv	CANGJIE_V3_TRUE_INDEPENDENCE	NONBLIND_OLD_OUTPUT_INDEPENDENT_NOT_RUN	4eebe42d883b4221b85713dbd122aa5a392984da	B076	B095	47 originals are in 69 true-independent replication queue; new prereg, separated creators, >=2 blind reviewers and prereg gain.
V3:TX-f01	V3_NO_GAIN_PROVEN	TX-f01	R071	gates/R057_REPAIR_V3_47_TEST_QUEUE.tsv	CANGJIE_V3_TRUE_INDEPENDENCE	NONBLIND_OLD_OUTPUT_INDEPENDENT_NOT_RUN	1edfcc2ac8b17a84c90ad3a0419d3994253a4d22	B076	B095	47 originals are in 69 true-independent replication queue; new prereg, separated creators, >=2 blind reviewers and prereg gain.
V3:TX-f02	V3_NO_GAIN_PROVEN	TX-f02	R071	gates/R057_REPAIR_V3_47_TEST_QUEUE.tsv	CANGJIE_V3_TRUE_INDEPENDENCE	NONBLIND_OLD_OUTPUT_INDEPENDENT_NOT_RUN	5927af6554f0f518df780029d5d241a8937cac4e	B076	B095	47 originals are in 69 true-independent replication queue; new prereg, separated creators, >=2 blind reviewers and prereg gain.
V3:TX-f05	V3_NO_GAIN_PROVEN	TX-f05	R071	gates/R057_REPAIR_V3_47_TEST_QUEUE.tsv	CANGJIE_V3_TRUE_INDEPENDENCE	NONBLIND_OLD_OUTPUT_INDEPENDENT_NOT_RUN	52219284cc35732b22ffc72914f833997a9616c4	B076	B095	47 originals are in 69 true-independent replication queue; new prereg, separated creators, >=2 blind reviewers and prereg gain.
V3:TX-f08	V3_NO_GAIN_PROVEN	TX-f08	R071	gates/R057_REPAIR_V3_47_TEST_QUEUE.tsv	CANGJIE_V3_TRUE_INDEPENDENCE	NONBLIND_OLD_OUTPUT_INDEPENDENT_NOT_RUN	4c819c8efa34d56f3d3017064d89efc7f918e14d	B076	B095	47 originals are in 69 true-independent replication queue; new prereg, separated creators, >=2 blind reviewers and prereg gain.
V3:TX-f09	V3_NO_GAIN_PROVEN	TX-f09	R071	gates/R057_REPAIR_V3_47_TEST_QUEUE.tsv	CANGJIE_V3_TRUE_INDEPENDENCE	NONBLIND_OLD_OUTPUT_INDEPENDENT_NOT_RUN	0c0f9505849cfb16d77ba9008f1aef5fa1f5b85a	B076	B095	47 originals are in 69 true-independent replication queue; new prereg, separated creators, >=2 blind reviewers and prereg gain.
V3:TX-f10	V3_NO_GAIN_PROVEN	TX-f10	R071	gates/R057_REPAIR_V3_47_TEST_QUEUE.tsv	CANGJIE_V3_TRUE_INDEPENDENCE	NONBLIND_OLD_OUTPUT_INDEPENDENT_NOT_RUN	003de0f5de6534ad99de68bae2a9a399de3ad153	B076	B095	47 originals are in 69 true-independent replication queue; new prereg, separated creators, >=2 blind reviewers and prereg gain.
V3:TX-f11	V3_NO_GAIN_PROVEN	TX-f11	R071	gates/R057_REPAIR_V3_47_TEST_QUEUE.tsv	CANGJIE_V3_TRUE_INDEPENDENCE	NONBLIND_OLD_OUTPUT_INDEPENDENT_NOT_RUN	da47976f6be95a140988c7e3a72e2c9d10731209	B076	B095	47 originals are in 69 true-independent replication queue; new prereg, separated creators, >=2 blind reviewers and prereg gain.
V3:TX-f12	V3_NO_GAIN_PROVEN	TX-f12	R072	gates/R057_REPAIR_V3_47_TEST_QUEUE.tsv	CANGJIE_V3_TRUE_INDEPENDENCE	NONBLIND_OLD_OUTPUT_INDEPENDENT_NOT_RUN	2d611a3ce684c718c7f87043b00b1444cd93074b	B076	B095	47 originals are in 69 true-independent replication queue; new prereg, separated creators, >=2 blind reviewers and prereg gain.
V3:TX-f13	V3_NO_GAIN_PROVEN	TX-f13	R072	gates/R057_REPAIR_V3_47_TEST_QUEUE.tsv	CANGJIE_V3_TRUE_INDEPENDENCE	NONBLIND_OLD_OUTPUT_INDEPENDENT_NOT_RUN	ef25f5f3f6651ff7751425066624fcf5229f8733	B076	B095	47 originals are in 69 true-independent replication queue; new prereg, separated creators, >=2 blind reviewers and prereg gain.
V3:TX-f16	V3_NO_GAIN_PROVEN	TX-f16	R072	gates/R057_REPAIR_V3_47_TEST_QUEUE.tsv	CANGJIE_V3_TRUE_INDEPENDENCE	NONBLIND_OLD_OUTPUT_INDEPENDENT_NOT_RUN	6c240ae09af07b7dede25a63ab18757f6d2181e1	B076	B095	47 originals are in 69 true-independent replication queue; new prereg, separated creators, >=2 blind reviewers and prereg gain.
V3:TX-p01	V3_NO_GAIN_PROVEN	TX-p01	R072	gates/R057_REPAIR_V3_47_TEST_QUEUE.tsv	CANGJIE_V3_TRUE_INDEPENDENCE	NONBLIND_OLD_OUTPUT_INDEPENDENT_NOT_RUN	9243958d7051e08cc86413e69292d9f6fa9339a8	B076	B095	47 originals are in 69 true-independent replication queue; new prereg, separated creators, >=2 blind reviewers and prereg gain.
V3:TX-p03	V3_NO_GAIN_PROVEN	TX-p03	R072	gates/R057_REPAIR_V3_47_TEST_QUEUE.tsv	CANGJIE_V3_TRUE_INDEPENDENCE	NONBLIND_OLD_OUTPUT_INDEPENDENT_NOT_RUN	666dc67cf782c460becd477d6a2c2020fc7d4a98	B076	B095	47 originals are in 69 true-independent replication queue; new prereg, separated creators, >=2 blind reviewers and prereg gain.
V3:TX-p04	V3_NO_GAIN_PROVEN	TX-p04	R072	gates/R057_REPAIR_V3_47_TEST_QUEUE.tsv	CANGJIE_V3_TRUE_INDEPENDENCE	NONBLIND_OLD_OUTPUT_INDEPENDENT_NOT_RUN	d19521a34bb1e474c3411d8392a6af6fef3a9ee3	B076	B095	47 originals are in 69 true-independent replication queue; new prereg, separated creators, >=2 blind reviewers and prereg gain.
V3:TX-p05	V3_NO_GAIN_PROVEN	TX-p05	R072	gates/R057_REPAIR_V3_47_TEST_QUEUE.tsv	CANGJIE_V3_TRUE_INDEPENDENCE	NONBLIND_OLD_OUTPUT_INDEPENDENT_NOT_RUN	14cad25548de919717a0cf85bcf9145f00e6b7aa	B076	B095	47 originals are in 69 true-independent replication queue; new prereg, separated creators, >=2 blind reviewers and prereg gain.
V3:TX-p06	V3_NO_GAIN_PROVEN	TX-p06	R073	gates/R057_REPAIR_V3_47_TEST_QUEUE.tsv	CANGJIE_V3_TRUE_INDEPENDENCE	NONBLIND_OLD_OUTPUT_INDEPENDENT_NOT_RUN	8a984bfc82ed486d08f7120ceabaad33c80cee30	B076	B095	47 originals are in 69 true-independent replication queue; new prereg, separated creators, >=2 blind reviewers and prereg gain.
V3:TX-p07	V3_NO_GAIN_PROVEN	TX-p07	R073	gates/R057_REPAIR_V3_47_TEST_QUEUE.tsv	CANGJIE_V3_TRUE_INDEPENDENCE	NONBLIND_OLD_OUTPUT_INDEPENDENT_NOT_RUN	c41a58609dd57204240918aaeebacc25fda3e277	B076	B095	47 originals are in 69 true-independent replication queue; new prereg, separated creators, >=2 blind reviewers and prereg gain.
V3:TX-p08	V3_NO_GAIN_PROVEN	TX-p08	R073	gates/R057_REPAIR_V3_47_TEST_QUEUE.tsv	CANGJIE_V3_TRUE_INDEPENDENCE	NONBLIND_OLD_OUTPUT_INDEPENDENT_NOT_RUN	e13e89ae74044930e258dae2d3c8c20aa454309a	B076	B095	47 originals are in 69 true-independent replication queue; new prereg, separated creators, >=2 blind reviewers and prereg gain.
V3:TX-p09	V3_NO_GAIN_PROVEN	TX-p09	R073	gates/R057_REPAIR_V3_47_TEST_QUEUE.tsv	CANGJIE_V3_TRUE_INDEPENDENCE	NONBLIND_OLD_OUTPUT_INDEPENDENT_NOT_RUN	363497dd05118047accd3f2b7e1121e2a4a0be22	B076	B095	47 originals are in 69 true-independent replication queue; new prereg, separated creators, >=2 blind reviewers and prereg gain.
V3:TX-p11	V3_NO_GAIN_PROVEN	TX-p11	R073	gates/R057_REPAIR_V3_47_TEST_QUEUE.tsv	CANGJIE_V3_TRUE_INDEPENDENCE	NONBLIND_OLD_OUTPUT_INDEPENDENT_NOT_RUN	f3c76e00cc612e12361b8b6a398ab13901dc293d	B076	B095	47 originals are in 69 true-independent replication queue; new prereg, separated creators, >=2 blind reviewers and prereg gain.
V3:TX-p12	V3_NO_GAIN_PROVEN	TX-p12	R073	gates/R057_REPAIR_V3_47_TEST_QUEUE.tsv	CANGJIE_V3_TRUE_INDEPENDENCE	NONBLIND_OLD_OUTPUT_INDEPENDENT_NOT_RUN	6d89a6494a1cb5a57d4caf6e518283e22fdd70af	B076	B095	47 originals are in 69 true-independent replication queue; new prereg, separated creators, >=2 blind reviewers and prereg gain.
V3:TX-p13	V3_NO_GAIN_PROVEN	TX-p13	R074	gates/R057_REPAIR_V3_47_TEST_QUEUE.tsv	CANGJIE_V3_TRUE_INDEPENDENCE	NONBLIND_OLD_OUTPUT_INDEPENDENT_NOT_RUN	a7067b7eb114647a501254ca74c98f6709a2dad8	B076	B095	47 originals are in 69 true-independent replication queue; new prereg, separated creators, >=2 blind reviewers and prereg gain.
V3:TX-p14	V3_NO_GAIN_PROVEN	TX-p14	R074	gates/R057_REPAIR_V3_47_TEST_QUEUE.tsv	CANGJIE_V3_TRUE_INDEPENDENCE	NONBLIND_OLD_OUTPUT_INDEPENDENT_NOT_RUN	172a2010968dc94e95752900a13f8e0a0c23fed9	B076	B095	47 originals are in 69 true-independent replication queue; new prereg, separated creators, >=2 blind reviewers and prereg gain.
V3:TX-p17	V3_NO_GAIN_PROVEN	TX-p17	R074	gates/R057_REPAIR_V3_47_TEST_QUEUE.tsv	CANGJIE_V3_TRUE_INDEPENDENCE	NONBLIND_OLD_OUTPUT_INDEPENDENT_NOT_RUN	e2679e556f71bdf77f063f6368c557496cd8e6ba	B076	B095	47 originals are in 69 true-independent replication queue; new prereg, separated creators, >=2 blind reviewers and prereg gain.
V3:TX-p19	V3_NO_GAIN_PROVEN	TX-p19	R074	gates/R057_REPAIR_V3_47_TEST_QUEUE.tsv	CANGJIE_V3_TRUE_INDEPENDENCE	NONBLIND_OLD_OUTPUT_INDEPENDENT_NOT_RUN	64ac504a76e2c4a34dd3e169255d0cad71d9cd35	B076	B095	47 originals are in 69 true-independent replication queue; new prereg, separated creators, >=2 blind reviewers and prereg gain.
V3:TX-p20	V3_NO_GAIN_PROVEN	TX-p20	R074	gates/R057_REPAIR_V3_47_TEST_QUEUE.tsv	CANGJIE_V3_TRUE_INDEPENDENCE	NONBLIND_OLD_OUTPUT_INDEPENDENT_NOT_RUN	15a11d12aafbd7a40251ef572a5dfabfb79eca90	B076	B095	47 originals are in 69 true-independent replication queue; new prereg, separated creators, >=2 blind reviewers and prereg gain.
V3:TX-p21	V3_NO_GAIN_PROVEN	TX-p21	R074	gates/R057_REPAIR_V3_47_TEST_QUEUE.tsv	CANGJIE_V3_TRUE_INDEPENDENCE	NONBLIND_OLD_OUTPUT_INDEPENDENT_NOT_RUN	9d66130b100a39c24025bd6347e684e79446a158	B076	B095	47 originals are in 69 true-independent replication queue; new prereg, separated creators, >=2 blind reviewers and prereg gain.
TASK:WM-01	STAGE0_TASK_COVERAGE	WM-01	R062;R077;R078	gates/R057_TASK_COVERAGE.tsv	STAGE0_ORIGINAL20_C_AND_R057_19	R057_TOPIC_LINK_ONLY_FULL_C_NOT_RUN	gates/R057_TASK_COVERAGE.tsv	B076	B079_B080_B095	R057 19 task topics are not old Stage0 20 complete original creative C outputs; preserve exact task deliverables.
TASK:WM-02	STAGE0_TASK_COVERAGE	WM-02	R062;R077;R078	gates/R057_TASK_COVERAGE.tsv	STAGE0_ORIGINAL20_C_AND_R057_19	R057_TOPIC_LINK_ONLY_FULL_C_NOT_RUN	gates/R057_TASK_COVERAGE.tsv	B076	B079_B080_B095	R057 19 task topics are not old Stage0 20 complete original creative C outputs; preserve exact task deliverables.
TASK:WM-03	STAGE0_TASK_COVERAGE	WM-03	R062;R077;R078	gates/R057_TASK_COVERAGE.tsv	STAGE0_ORIGINAL20_C_AND_R057_19	R057_TOPIC_LINK_ONLY_FULL_C_NOT_RUN	gates/R057_TASK_COVERAGE.tsv	B076	B079_B080_B095	R057 19 task topics are not old Stage0 20 complete original creative C outputs; preserve exact task deliverables.
TASK:WM-04	STAGE0_TASK_COVERAGE	WM-04	R062;R077;R078	gates/R057_TASK_COVERAGE.tsv	STAGE0_ORIGINAL20_C_AND_R057_19	R057_TOPIC_LINK_ONLY_FULL_C_NOT_RUN	gates/R057_TASK_COVERAGE.tsv	B076	B079_B080_B095	R057 19 task topics are not old Stage0 20 complete original creative C outputs; preserve exact task deliverables.
TASK:WM-05	STAGE0_TASK_COVERAGE	WM-05	R062;R077;R078	gates/R057_TASK_COVERAGE.tsv	STAGE0_ORIGINAL20_C_AND_R057_19	R057_TOPIC_LINK_ONLY_FULL_C_NOT_RUN	gates/R057_TASK_COVERAGE.tsv	B076	B079_B080_B095	R057 19 task topics are not old Stage0 20 complete original creative C outputs; preserve exact task deliverables.
TASK:WM-06	STAGE0_TASK_COVERAGE	WM-06	R062;R077;R078	gates/R057_TASK_COVERAGE.tsv	STAGE0_ORIGINAL20_C_AND_R057_19	R057_TOPIC_LINK_ONLY_FULL_C_NOT_RUN	gates/R057_TASK_COVERAGE.tsv	B076	B079_B080_B095	R057 19 task topics are not old Stage0 20 complete original creative C outputs; preserve exact task deliverables.
TASK:WM-07	STAGE0_TASK_COVERAGE	WM-07	R062;R077;R078	gates/R057_TASK_COVERAGE.tsv	STAGE0_ORIGINAL20_C_AND_R057_19	R057_TOPIC_LINK_ONLY_FULL_C_NOT_RUN	gates/R057_TASK_COVERAGE.tsv	B076	B079_B080_B095	R057 19 task topics are not old Stage0 20 complete original creative C outputs; preserve exact task deliverables.
TASK:WM-08	STAGE0_TASK_COVERAGE	WM-08	R062;R077;R078	gates/R057_TASK_COVERAGE.tsv	STAGE0_ORIGINAL20_C_AND_R057_19	R057_TOPIC_LINK_ONLY_FULL_C_NOT_RUN	gates/R057_TASK_COVERAGE.tsv	B076	B079_B080_B095	R057 19 task topics are not old Stage0 20 complete original creative C outputs; preserve exact task deliverables.
TASK:WM-09	STAGE0_TASK_COVERAGE	WM-09	R062;R077;R078	gates/R057_TASK_COVERAGE.tsv	STAGE0_ORIGINAL20_C_AND_R057_19	R057_TOPIC_LINK_ONLY_FULL_C_NOT_RUN	gates/R057_TASK_COVERAGE.tsv	B076	B079_B080_B095	R057 19 task topics are not old Stage0 20 complete original creative C outputs; preserve exact task deliverables.
TASK:TX-01	STAGE0_TASK_COVERAGE	TX-01	R062;R077;R078	gates/R057_TASK_COVERAGE.tsv	STAGE0_ORIGINAL20_C_AND_R057_19	R057_TOPIC_LINK_ONLY_FULL_C_NOT_RUN	gates/R057_TASK_COVERAGE.tsv	B076	B079_B080_B095	R057 19 task topics are not old Stage0 20 complete original creative C outputs; preserve exact task deliverables.
TASK:TX-02	STAGE0_TASK_COVERAGE	TX-02	R062;R077;R078	gates/R057_TASK_COVERAGE.tsv	STAGE0_ORIGINAL20_C_AND_R057_19	R057_TOPIC_LINK_ONLY_FULL_C_NOT_RUN	gates/R057_TASK_COVERAGE.tsv	B076	B079_B080_B095	R057 19 task topics are not old Stage0 20 complete original creative C outputs; preserve exact task deliverables.
TASK:TX-03	STAGE0_TASK_COVERAGE	TX-03	R062;R077;R078	gates/R057_TASK_COVERAGE.tsv	STAGE0_ORIGINAL20_C_AND_R057_19	R057_TOPIC_LINK_ONLY_FULL_C_NOT_RUN	gates/R057_TASK_COVERAGE.tsv	B076	B079_B080_B095	R057 19 task topics are not old Stage0 20 complete original creative C outputs; preserve exact task deliverables.
TASK:TX-04	STAGE0_TASK_COVERAGE	TX-04	R062;R077;R078	gates/R057_TASK_COVERAGE.tsv	STAGE0_ORIGINAL20_C_AND_R057_19	R057_TOPIC_LINK_ONLY_FULL_C_NOT_RUN	gates/R057_TASK_COVERAGE.tsv	B076	B079_B080_B095	R057 19 task topics are not old Stage0 20 complete original creative C outputs; preserve exact task deliverables.
TASK:TX-05	STAGE0_TASK_COVERAGE	TX-05	R062;R077;R078	gates/R057_TASK_COVERAGE.tsv	STAGE0_ORIGINAL20_C_AND_R057_19	R057_TOPIC_LINK_ONLY_FULL_C_NOT_RUN	gates/R057_TASK_COVERAGE.tsv	B076	B079_B080_B095	R057 19 task topics are not old Stage0 20 complete original creative C outputs; preserve exact task deliverables.
TASK:TX-06	STAGE0_TASK_COVERAGE	TX-06	R062;R077;R078	gates/R057_TASK_COVERAGE.tsv	STAGE0_ORIGINAL20_C_AND_R057_19	R057_TOPIC_LINK_ONLY_FULL_C_NOT_RUN	gates/R057_TASK_COVERAGE.tsv	B076	B079_B080_B095	R057 19 task topics are not old Stage0 20 complete original creative C outputs; preserve exact task deliverables.
TASK:TX-07	STAGE0_TASK_COVERAGE	TX-07	R062;R077;R078	gates/R057_TASK_COVERAGE.tsv	STAGE0_ORIGINAL20_C_AND_R057_19	R057_TOPIC_LINK_ONLY_FULL_C_NOT_RUN	gates/R057_TASK_COVERAGE.tsv	B076	B079_B080_B095	R057 19 task topics are not old Stage0 20 complete original creative C outputs; preserve exact task deliverables.
TASK:TX-08	STAGE0_TASK_COVERAGE	TX-08	R062;R077;R078	gates/R057_TASK_COVERAGE.tsv	STAGE0_ORIGINAL20_C_AND_R057_19	R057_TOPIC_LINK_ONLY_FULL_C_NOT_RUN	gates/R057_TASK_COVERAGE.tsv	B076	B079_B080_B095	R057 19 task topics are not old Stage0 20 complete original creative C outputs; preserve exact task deliverables.
TASK:TX-09	STAGE0_TASK_COVERAGE	TX-09	R062;R077;R078	gates/R057_TASK_COVERAGE.tsv	STAGE0_ORIGINAL20_C_AND_R057_19	R057_TOPIC_LINK_ONLY_FULL_C_NOT_RUN	gates/R057_TASK_COVERAGE.tsv	B076	B079_B080_B095	R057 19 task topics are not old Stage0 20 complete original creative C outputs; preserve exact task deliverables.
TASK:TX-10	STAGE0_TASK_COVERAGE	TX-10	R062;R077;R078	gates/R057_TASK_COVERAGE.tsv	STAGE0_ORIGINAL20_C_AND_R057_19	R057_TOPIC_LINK_ONLY_FULL_C_NOT_RUN	gates/R057_TASK_COVERAGE.tsv	B076	B079_B080_B095	R057 19 task topics are not old Stage0 20 complete original creative C outputs; preserve exact task deliverables.
