issue_id	issue_type	origin_id	frozen_source	book	source_anchor_or_task_loci	A_source_status	B_literary_status	C_creative_utility	decision_status	evidence_pointer	current_limit_or_counterexample	next_round_or_condition	original_issue_round	R042_old_claim_permission	new_candidate_id	task_crosswalk	certification_permission
STAGE0:R007:wm-1-candidate	STAGE0_B_CLAIM	wm-1-candidate	cangjie/reading/R007/wanming_receipts.jsonl	wanming	nundefined/r27;r35;r46	PRIVATE_EPUB_CONTEXT_REAUDITED_R058_OR_R059	B_REVIEWED_SCOPED_PROVISIONAL	NOT_RUN	REPAIR_SUPPORTED_SCOPED	cangjie/reading/R007/wanming_receipts.jsonl	短期取得物资不是正当性或制度入口；不把强迫性场面用于原创复刻	R063_R064_V1_ONLY_IF_SELECTABLE;R077_R078_FINAL_COVERAGE	R059	NOT_APPLICABLE			NO_ACTIVE_SKILL
STAGE0:R007:wm-20-candidate	STAGE0_B_CLAIM	wm-20-candidate	cangjie/reading/R007/wanming_receipts.jsonl	wanming	nundefined/r44;r61;r68;r70	PRIVATE_EPUB_CONTEXT_REAUDITED_R058_OR_R059	B_REVIEWED_SCOPED_PROVISIONAL	NOT_RUN	REPAIR_SUPPORTED_SCOPED	cangjie/reading/R007/wanming_receipts.jsonl	公众声援不意味着受助者已得到长期安排	R063_R064_V1_ONLY_IF_SELECTABLE;R077_R078_FINAL_COVERAGE	R059	NOT_APPLICABLE			NO_ACTIVE_SKILL
STAGE0:R007:wm-34-candidate	STAGE0_B_CLAIM	wm-34-candidate	cangjie/reading/R007/wanming_receipts.jsonl	wanming	nundefined/p12;p18;p20;r2	PRIVATE_EPUB_CONTEXT_REAUDITED_R058_OR_R059	B_REVIEWED_SCOPED_PROVISIONAL	NOT_RUN	REPAIR_SUPPORTED_SCOPED	cangjie/reading/R007/wanming_receipts.jsonl	收钱并不等于行为正当，拒绝亦不能反推全群体立场	R063_R064_V1_ONLY_IF_SELECTABLE;R077_R078_FINAL_COVERAGE	R059	NOT_APPLICABLE			NO_ACTIVE_SKILL
STAGE0:R007:wm-35-candidate	STAGE0_B_CLAIM	wm-35-candidate	cangjie/reading/R007/wanming_receipts.jsonl	wanming	nundefined/r8;r10;p37;p44;r45	PRIVATE_EPUB_CONTEXT_REAUDITED_R058_OR_R059	B_REVIEWED_SCOPED_PROVISIONAL	NOT_RUN	REPAIR_SUPPORTED_LIMITED	cangjie/reading/R007/wanming_receipts.jsonl	口头承诺与实际领取并非一件事	R063_R064_V1_ONLY_IF_SELECTABLE;R077_R078_FINAL_COVERAGE	R059	NOT_APPLICABLE			NO_ACTIVE_SKILL
STAGE0:R007:wm-39-candidate	STAGE0_B_CLAIM	wm-39-candidate	cangjie/reading/R007/wanming_receipts.jsonl	wanming	nundefined/p24;p29;p30;r31	PRIVATE_EPUB_CONTEXT_REAUDITED_R058_OR_R059	B_REVIEWED_SCOPED_PROVISIONAL	NOT_RUN	REPAIR_SUPPORTED_LIMITED	cangjie/reading/R007/wanming_receipts.jsonl	知情范围不同不自动证明持续操纵成功	R063_R064_V1_ONLY_IF_SELECTABLE;R077_R078_FINAL_COVERAGE	R059	NOT_APPLICABLE			NO_ACTIVE_SKILL
STAGE0:R007:wm-40-candidate	STAGE0_B_CLAIM	wm-40-candidate	cangjie/reading/R007/wanming_receipts.jsonl	wanming	nundefined/p27;p28;r32;p33	PRIVATE_EPUB_CONTEXT_REAUDITED_R058_OR_R059	B_REVIEWED_SCOPED_PROVISIONAL	NOT_RUN	REPAIR_SUPPORTED_LIMITED	cangjie/reading/R007/wanming_receipts.jsonl	不能简单得出大额为恶或小额皆善的道德评价	R063_R064_V1_ONLY_IF_SELECTABLE;R077_R078_FINAL_COVERAGE	R059	NOT_APPLICABLE			NO_ACTIVE_SKILL
STAGE0:R009:wm-r009-41-candidate	STAGE0_B_CLAIM	wm-r009-41-candidate	cangjie/reading/R007/wanming_receipts.jsonl	wanming	n41/p1	PRIVATE_EPUB_CONTEXT_REAUDITED_R058_OR_R059	B_REVIEWED_SCOPED_PROVISIONAL	NOT_RUN	REBASE_NARROW	cangjie/reading/R007/wanming_receipts.jsonl	商品交易不必意味着关系回应已经发生	R063_R064_V1_ONLY_IF_SELECTABLE;R077_R078_FINAL_COVERAGE	R058	NOT_APPLICABLE			NO_ACTIVE_SKILL
STAGE0:R009:wm-r009-51-candidate	STAGE0_B_CLAIM	wm-r009-51-candidate	cangjie/reading/R007/wanming_receipts.jsonl	wanming	n51/p1	EPUB_BOOK_SHA_VALID_ARCHIVE_RECEIPT_B_UNREVIEWED	B_PROVISIONAL_NOT_REAUDITED	NOT_RUN	NO_SEMANTIC_REAUDIT_NO_PASS	cangjie/reading/R007/wanming_receipts.jsonl	OLD_B_PROVISIONAL_UNTIL_SPECIFIC_SOURCE_CHECK	R077_R078_IF_REFERENCED_MUST_REREAD_OR_STAY_REFERENCE	R058	NOT_APPLICABLE			NO_ACTIVE_SKILL
STAGE0:R009:wm-r009-60-candidate	STAGE0_B_CLAIM	wm-r009-60-candidate	cangjie/reading/R007/wanming_receipts.jsonl	wanming	n60/p1	EPUB_BOOK_SHA_VALID_ARCHIVE_RECEIPT_B_UNREVIEWED	B_PROVISIONAL_NOT_REAUDITED	NOT_RUN	NO_SEMANTIC_REAUDIT_NO_PASS	cangjie/reading/R007/wanming_receipts.jsonl	OLD_B_PROVISIONAL_UNTIL_SPECIFIC_SOURCE_CHECK	R077_R078_IF_REFERENCED_MUST_REREAD_OR_STAY_REFERENCE	R058	NOT_APPLICABLE			NO_ACTIVE_SKILL
STAGE0:R009:wm-r009-61-candidate	STAGE0_B_CLAIM	wm-r009-61-candidate	cangjie/reading/R007/wanming_receipts.jsonl	wanming	n61/p1	EPUB_BOOK_SHA_VALID_ARCHIVE_RECEIPT_B_UNREVIEWED	B_PROVISIONAL_NOT_REAUDITED	NOT_RUN	NO_SEMANTIC_REAUDIT_NO_PASS	cangjie/reading/R007/wanming_receipts.jsonl	OLD_B_PROVISIONAL_UNTIL_SPECIFIC_SOURCE_CHECK	R077_R078_IF_REFERENCED_MUST_REREAD_OR_STAY_REFERENCE	R058	NOT_APPLICABLE			NO_ACTIVE_SKILL
STAGE0:R009:wm-r009-65-candidate	STAGE0_B_CLAIM	wm-r009-65-candidate	cangjie/reading/R007/wanming_receipts.jsonl	wanming	n65/p1	PRIVATE_EPUB_CONTEXT_REAUDITED_R058_OR_R059	OLD_R042_CLAIM_OPEN_QUARANTINED	NOT_RUN	OLD_OVERCLAIM_NOT_REUSABLE	cangjie/reading/R007/wanming_receipts.jsonl;v2/legacy/WANMING_7_DECISIONS.tsv	p24当事人积极接受职务反驳将沉默一概视为抵触；提出借款不等于贷款到账	R063_R064_V1_ONLY_IF_SELECTABLE;R077_R078_FINAL_COVERAGE	R058	NO_DIRECT_PROMOTION_RECONSTRUCT_FROM_SOURCE	R060-WM-065-SCENE-OBLIGATIONS		NO_ACTIVE_SKILL
STAGE0:R009:wm-r009-68-candidate	STAGE0_B_CLAIM	wm-r009-68-candidate	cangjie/reading/R007/wanming_receipts.jsonl	wanming	n68/p1	PRIVATE_EPUB_CONTEXT_REAUDITED_R058_OR_R059	B_REVIEWED_SCOPED_PROVISIONAL	NOT_RUN	REBASE_NARROW	cangjie/reading/R007/wanming_receipts.jsonl	正式拨付与现场可用物资分别留未兑现	R063_R064_V1_ONLY_IF_SELECTABLE;R077_R078_FINAL_COVERAGE	R058	NOT_APPLICABLE			NO_ACTIVE_SKILL
STAGE0:R009:wm-r009-70-candidate	STAGE0_B_CLAIM	wm-r009-70-candidate	cangjie/reading/R007/wanming_receipts.jsonl	wanming	n70/p1	EPUB_BOOK_SHA_VALID_ARCHIVE_RECEIPT_B_UNREVIEWED	B_PROVISIONAL_NOT_REAUDITED	NOT_RUN	NO_SEMANTIC_REAUDIT_NO_PASS	cangjie/reading/R007/wanming_receipts.jsonl	OLD_B_PROVISIONAL_UNTIL_SPECIFIC_SOURCE_CHECK	R077_R078_IF_REFERENCED_MUST_REREAD_OR_STAY_REFERENCE	R058	NOT_APPLICABLE			NO_ACTIVE_SKILL
STAGE0:R009:wm-r009-71-candidate	STAGE0_B_CLAIM	wm-r009-71-candidate	cangjie/reading/R007/wanming_receipts.jsonl	wanming	n71/p1	PRIVATE_EPUB_CONTEXT_REAUDITED_R058_OR_R059	B_REVIEWED_SCOPED_PROVISIONAL	NOT_RUN	EXTRA_SYSTEMIC_REBASE	cangjie/reading/R007/wanming_receipts.jsonl	纪律维系组织也可能制造不满，不能只写单向正效应	R063_R064_V1_ONLY_IF_SELECTABLE;R077_R078_FINAL_COVERAGE	R058	NOT_APPLICABLE			NO_ACTIVE_SKILL
STAGE0:R009:wm-r009-74-candidate	STAGE0_B_CLAIM	wm-r009-74-candidate	cangjie/reading/R007/wanming_receipts.jsonl	wanming	n74/p1	EPUB_BOOK_SHA_VALID_ARCHIVE_RECEIPT_B_UNREVIEWED	B_PROVISIONAL_NOT_REAUDITED	NOT_RUN	NO_SEMANTIC_REAUDIT_NO_PASS	cangjie/reading/R007/wanming_receipts.jsonl	OLD_B_PROVISIONAL_UNTIL_SPECIFIC_SOURCE_CHECK	R077_R078_IF_REFERENCED_MUST_REREAD_OR_STAY_REFERENCE	R058	NOT_APPLICABLE			NO_ACTIVE_SKILL
STAGE0:R009:wm-r009-75-candidate	STAGE0_B_CLAIM	wm-r009-75-candidate	cangjie/reading/R007/wanming_receipts.jsonl	wanming	n75/p1	EPUB_BOOK_SHA_VALID_ARCHIVE_RECEIPT_B_UNREVIEWED	B_PROVISIONAL_NOT_REAUDITED	NOT_RUN	NO_SEMANTIC_REAUDIT_NO_PASS	cangjie/reading/R007/wanming_receipts.jsonl	OLD_B_PROVISIONAL_UNTIL_SPECIFIC_SOURCE_CHECK	R077_R078_IF_REFERENCED_MUST_REREAD_OR_STAY_REFERENCE	R058	NOT_APPLICABLE			NO_ACTIVE_SKILL
STAGE0:R009:wm-r009-80-candidate	STAGE0_B_CLAIM	wm-r009-80-candidate	cangjie/reading/R007/wanming_receipts.jsonl	wanming	n80/p1	PRIVATE_EPUB_CONTEXT_REAUDITED_R058_OR_R059	B_REVIEWED_SCOPED_PROVISIONAL	NOT_RUN	REBASE_NARROW	cangjie/reading/R007/wanming_receipts.jsonl	本部整齐也不能证明后续战场无风险	R063_R064_V1_ONLY_IF_SELECTABLE;R077_R078_FINAL_COVERAGE	R058	NOT_APPLICABLE			NO_ACTIVE_SKILL
STAGE0:R011:wm-r011-81-candidate	STAGE0_B_CLAIM	wm-r011-81-candidate	cangjie/reading/R007/wanming_receipts.jsonl	wanming	n81/p24	PRIVATE_EPUB_CONTEXT_REAUDITED_R058_OR_R059	B_REVIEWED_SCOPED_PROVISIONAL	NOT_RUN	NARROW_WITH_RISK	cangjie/reading/R007/wanming_receipts.jsonl	前段军伍自信与突发失序构成限制条件	R063_R064_V1_ONLY_IF_SELECTABLE;R077_R078_FINAL_COVERAGE	R058	NOT_APPLICABLE			NO_ACTIVE_SKILL
STAGE0:R011:wm-r011-88-candidate	STAGE0_B_CLAIM	wm-r011-88-candidate	cangjie/reading/R007/wanming_receipts.jsonl	wanming	n88/p33	EPUB_BOOK_SHA_VALID_ARCHIVE_RECEIPT_B_UNREVIEWED	B_PROVISIONAL_NOT_REAUDITED	NOT_RUN	NO_SEMANTIC_REAUDIT_NO_PASS	cangjie/reading/R007/wanming_receipts.jsonl	OLD_B_PROVISIONAL_UNTIL_SPECIFIC_SOURCE_CHECK	R077_R078_IF_REFERENCED_MUST_REREAD_OR_STAY_REFERENCE	R058	NOT_APPLICABLE			NO_ACTIVE_SKILL
STAGE0:R011:wm-r011-95-candidate	STAGE0_B_CLAIM	wm-r011-95-candidate	cangjie/reading/R007/wanming_receipts.jsonl	wanming	n95/p31	EPUB_BOOK_SHA_VALID_ARCHIVE_RECEIPT_B_UNREVIEWED	B_PROVISIONAL_NOT_REAUDITED	NOT_RUN	NO_SEMANTIC_REAUDIT_NO_PASS	cangjie/reading/R007/wanming_receipts.jsonl	OLD_B_PROVISIONAL_UNTIL_SPECIFIC_SOURCE_CHECK	R077_R078_IF_REFERENCED_MUST_REREAD_OR_STAY_REFERENCE	R058	NOT_APPLICABLE			NO_ACTIVE_SKILL
STAGE0:R011:wm-r011-99-candidate	STAGE0_B_CLAIM	wm-r011-99-candidate	cangjie/reading/R007/wanming_receipts.jsonl	wanming	n99/p28	PRIVATE_EPUB_CONTEXT_REAUDITED_R058_OR_R059	OLD_R042_CLAIM_OPEN_QUARANTINED	NOT_RUN	OLD_OVERCLAIM_NOT_REUSABLE	cangjie/reading/R007/wanming_receipts.jsonl;v2/legacy/WANMING_7_DECISIONS.tsv	p28是商贸安危而非行政措辞；p39的人物说法不证明身份合法或当事人后果	R063_R064_V1_ONLY_IF_SELECTABLE;R077_R078_FINAL_COVERAGE	R058	NO_DIRECT_PROMOTION_RECONSTRUCT_FROM_SOURCE	R060-WM-099-PERSON_LABEL		NO_ACTIVE_SKILL
STAGE0:R011:wm-r011-100-candidate	STAGE0_B_CLAIM	wm-r011-100-candidate	cangjie/reading/R007/wanming_receipts.jsonl	wanming	n100/p18	EPUB_BOOK_SHA_VALID_ARCHIVE_RECEIPT_B_UNREVIEWED	B_PROVISIONAL_NOT_REAUDITED	NOT_RUN	NO_SEMANTIC_REAUDIT_NO_PASS	cangjie/reading/R007/wanming_receipts.jsonl	OLD_B_PROVISIONAL_UNTIL_SPECIFIC_SOURCE_CHECK	R077_R078_IF_REFERENCED_MUST_REREAD_OR_STAY_REFERENCE	R058	NOT_APPLICABLE			NO_ACTIVE_SKILL
STAGE0:R011:wm-r011-102-candidate	STAGE0_B_CLAIM	wm-r011-102-candidate	cangjie/reading/R007/wanming_receipts.jsonl	wanming	n102/p32	EPUB_BOOK_SHA_VALID_ARCHIVE_RECEIPT_B_UNREVIEWED	B_PROVISIONAL_NOT_REAUDITED	NOT_RUN	NO_SEMANTIC_REAUDIT_NO_PASS	cangjie/reading/R007/wanming_receipts.jsonl	OLD_B_PROVISIONAL_UNTIL_SPECIFIC_SOURCE_CHECK	R077_R078_IF_REFERENCED_MUST_REREAD_OR_STAY_REFERENCE	R058	NOT_APPLICABLE			NO_ACTIVE_SKILL
STAGE0:R011:wm-r011-105-candidate	STAGE0_B_CLAIM	wm-r011-105-candidate	cangjie/reading/R007/wanming_receipts.jsonl	wanming	n105/p36	EPUB_BOOK_SHA_VALID_ARCHIVE_RECEIPT_B_UNREVIEWED	B_PROVISIONAL_NOT_REAUDITED	NOT_RUN	NO_SEMANTIC_REAUDIT_NO_PASS	cangjie/reading/R007/wanming_receipts.jsonl	OLD_B_PROVISIONAL_UNTIL_SPECIFIC_SOURCE_CHECK	R077_R078_IF_REFERENCED_MUST_REREAD_OR_STAY_REFERENCE	R058	NOT_APPLICABLE			NO_ACTIVE_SKILL
STAGE0:R011:wm-r011-106-candidate	STAGE0_B_CLAIM	wm-r011-106-candidate	cangjie/reading/R007/wanming_receipts.jsonl	wanming	n106/p22	EPUB_BOOK_SHA_VALID_ARCHIVE_RECEIPT_B_UNREVIEWED	B_PROVISIONAL_NOT_REAUDITED	NOT_RUN	NO_SEMANTIC_REAUDIT_NO_PASS	cangjie/reading/R007/wanming_receipts.jsonl	OLD_B_PROVISIONAL_UNTIL_SPECIFIC_SOURCE_CHECK	R077_R078_IF_REFERENCED_MUST_REREAD_OR_STAY_REFERENCE	R058	NOT_APPLICABLE			NO_ACTIVE_SKILL
STAGE0:R011:wm-r011-107-candidate	STAGE0_B_CLAIM	wm-r011-107-candidate	cangjie/reading/R007/wanming_receipts.jsonl	wanming	n107/p33	PRIVATE_EPUB_CONTEXT_REAUDITED_R058_OR_R059	B_REVIEWED_SCOPED_PROVISIONAL	NOT_RUN	NARROW_SUPPORTED	cangjie/reading/R007/wanming_receipts.jsonl	衣着一致和个人信息真实可靠并非同一回事	R063_R064_V1_ONLY_IF_SELECTABLE;R077_R078_FINAL_COVERAGE	R058	NOT_APPLICABLE			NO_ACTIVE_SKILL
STAGE0:R011:wm-r011-110-candidate	STAGE0_B_CLAIM	wm-r011-110-candidate	cangjie/reading/R007/wanming_receipts.jsonl	wanming	n110/p36	EPUB_BOOK_SHA_VALID_ARCHIVE_RECEIPT_B_UNREVIEWED	B_PROVISIONAL_NOT_REAUDITED	NOT_RUN	NO_SEMANTIC_REAUDIT_NO_PASS	cangjie/reading/R007/wanming_receipts.jsonl	OLD_B_PROVISIONAL_UNTIL_SPECIFIC_SOURCE_CHECK	R077_R078_IF_REFERENCED_MUST_REREAD_OR_STAY_REFERENCE	R058	NOT_APPLICABLE			NO_ACTIVE_SKILL
STAGE0:R011:wm-r011-112-candidate	STAGE0_B_CLAIM	wm-r011-112-candidate	cangjie/reading/R007/wanming_receipts.jsonl	wanming	n112/p30	EPUB_BOOK_SHA_VALID_ARCHIVE_RECEIPT_B_UNREVIEWED	B_PROVISIONAL_NOT_REAUDITED	NOT_RUN	NO_SEMANTIC_REAUDIT_NO_PASS	cangjie/reading/R007/wanming_receipts.jsonl	OLD_B_PROVISIONAL_UNTIL_SPECIFIC_SOURCE_CHECK	R077_R078_IF_REFERENCED_MUST_REREAD_OR_STAY_REFERENCE	R058	NOT_APPLICABLE			NO_ACTIVE_SKILL
STAGE0:R011:wm-r011-113-candidate	STAGE0_B_CLAIM	wm-r011-113-candidate	cangjie/reading/R007/wanming_receipts.jsonl	wanming	n113/p27	PRIVATE_EPUB_CONTEXT_REAUDITED_R058_OR_R059	B_REVIEWED_SCOPED_PROVISIONAL	NOT_RUN	EXTRA_SYSTEMIC_NARROW	cangjie/reading/R007/wanming_receipts.jsonl	当事人自主生活与分地政策的长期效果尚未兑现	R063_R064_V1_ONLY_IF_SELECTABLE;R077_R078_FINAL_COVERAGE	R058	NOT_APPLICABLE			NO_ACTIVE_SKILL
STAGE0:R011:wm-r011-115-candidate	STAGE0_B_CLAIM	wm-r011-115-candidate	cangjie/reading/R007/wanming_receipts.jsonl	wanming	n115/p42	EPUB_BOOK_SHA_VALID_ARCHIVE_RECEIPT_B_UNREVIEWED	B_PROVISIONAL_NOT_REAUDITED	NOT_RUN	NO_SEMANTIC_REAUDIT_NO_PASS	cangjie/reading/R007/wanming_receipts.jsonl	OLD_B_PROVISIONAL_UNTIL_SPECIFIC_SOURCE_CHECK	R077_R078_IF_REFERENCED_MUST_REREAD_OR_STAY_REFERENCE	R058	NOT_APPLICABLE			NO_ACTIVE_SKILL
STAGE0:R011:wm-r011-116-candidate	STAGE0_B_CLAIM	wm-r011-116-candidate	cangjie/reading/R007/wanming_receipts.jsonl	wanming	n116/p30	EPUB_BOOK_SHA_VALID_ARCHIVE_RECEIPT_B_UNREVIEWED	B_PROVISIONAL_NOT_REAUDITED	NOT_RUN	NO_SEMANTIC_REAUDIT_NO_PASS	cangjie/reading/R007/wanming_receipts.jsonl	OLD_B_PROVISIONAL_UNTIL_SPECIFIC_SOURCE_CHECK	R077_R078_IF_REFERENCED_MUST_REREAD_OR_STAY_REFERENCE	R058	NOT_APPLICABLE			NO_ACTIVE_SKILL
STAGE0:R011:wm-r011-118-candidate	STAGE0_B_CLAIM	wm-r011-118-candidate	cangjie/reading/R007/wanming_receipts.jsonl	wanming	n118/p32	EPUB_BOOK_SHA_VALID_ARCHIVE_RECEIPT_B_UNREVIEWED	B_PROVISIONAL_NOT_REAUDITED	NOT_RUN	NO_SEMANTIC_REAUDIT_NO_PASS	cangjie/reading/R007/wanming_receipts.jsonl	OLD_B_PROVISIONAL_UNTIL_SPECIFIC_SOURCE_CHECK	R077_R078_IF_REFERENCED_MUST_REREAD_OR_STAY_REFERENCE	R058	NOT_APPLICABLE			NO_ACTIVE_SKILL
STAGE0:R011:wm-r011-119-candidate	STAGE0_B_CLAIM	wm-r011-119-candidate	cangjie/reading/R007/wanming_receipts.jsonl	wanming	n119/p21	EPUB_BOOK_SHA_VALID_ARCHIVE_RECEIPT_B_UNREVIEWED	B_PROVISIONAL_NOT_REAUDITED	NOT_RUN	NO_SEMANTIC_REAUDIT_NO_PASS	cangjie/reading/R007/wanming_receipts.jsonl	OLD_B_PROVISIONAL_UNTIL_SPECIFIC_SOURCE_CHECK	R077_R078_IF_REFERENCED_MUST_REREAD_OR_STAY_REFERENCE	R058	NOT_APPLICABLE			NO_ACTIVE_SKILL
STAGE0:R011:wm-r011-120-candidate	STAGE0_B_CLAIM	wm-r011-120-candidate	cangjie/reading/R007/wanming_receipts.jsonl	wanming	n120/p25	PRIVATE_EPUB_CONTEXT_REAUDITED_R058_OR_R059	B_REVIEWED_SCOPED_PROVISIONAL	NOT_RUN	INVALID_ANCHOR_REBASE	cangjie/reading/R007/wanming_receipts.jsonl	转场叙述仍非全场人物共享情报	R063_R064_V1_ONLY_IF_SELECTABLE;R077_R078_FINAL_COVERAGE	R058	NOT_APPLICABLE			NO_ACTIVE_SKILL
STAGE0:R013:wanming-R013-121-narrative-candidate	STAGE0_B_CLAIM	wanming-R013-121-narrative-candidate	cangjie/reading/R007/wanming_receipts.jsonl	wanming	n121/p31	PRIVATE_EPUB_CONTEXT_REAUDITED_R058_OR_R059	B_REVIEWED_SCOPED_PROVISIONAL	NOT_RUN	REBASE_ONLY_PARTIAL	cangjie/reading/R007/wanming_receipts.jsonl	跨事件联系只是叙事延迟，未证明两事件因果闭合	R063_R064_V1_ONLY_IF_SELECTABLE;R077_R078_FINAL_COVERAGE	R058	NOT_APPLICABLE			NO_ACTIVE_SKILL
STAGE0:R013:wanming-R013-125-narrative-candidate	STAGE0_B_CLAIM	wanming-R013-125-narrative-candidate	cangjie/reading/R007/wanming_receipts.jsonl	wanming	n125/p29	EPUB_BOOK_SHA_VALID_ARCHIVE_RECEIPT_B_UNREVIEWED	B_PROVISIONAL_NOT_REAUDITED	NOT_RUN	NO_SEMANTIC_REAUDIT_NO_PASS	cangjie/reading/R007/wanming_receipts.jsonl	OLD_B_PROVISIONAL_UNTIL_SPECIFIC_SOURCE_CHECK	R077_R078_IF_REFERENCED_MUST_REREAD_OR_STAY_REFERENCE	R058	NOT_APPLICABLE			NO_ACTIVE_SKILL
STAGE0:R013:wanming-R013-128-narrative-candidate	STAGE0_B_CLAIM	wanming-R013-128-narrative-candidate	cangjie/reading/R007/wanming_receipts.jsonl	wanming	n128/p29	EPUB_BOOK_SHA_VALID_ARCHIVE_RECEIPT_B_UNREVIEWED	B_PROVISIONAL_NOT_REAUDITED	NOT_RUN	NO_SEMANTIC_REAUDIT_NO_PASS	cangjie/reading/R007/wanming_receipts.jsonl	OLD_B_PROVISIONAL_UNTIL_SPECIFIC_SOURCE_CHECK	R077_R078_IF_REFERENCED_MUST_REREAD_OR_STAY_REFERENCE	R058	NOT_APPLICABLE			NO_ACTIVE_SKILL
STAGE0:R013:wanming-R013-130-narrative-candidate	STAGE0_B_CLAIM	wanming-R013-130-narrative-candidate	cangjie/reading/R007/wanming_receipts.jsonl	wanming	n130/p28	EPUB_BOOK_SHA_VALID_ARCHIVE_RECEIPT_B_UNREVIEWED	B_PROVISIONAL_NOT_REAUDITED	NOT_RUN	NO_SEMANTIC_REAUDIT_NO_PASS	cangjie/reading/R007/wanming_receipts.jsonl	OLD_B_PROVISIONAL_UNTIL_SPECIFIC_SOURCE_CHECK	R077_R078_IF_REFERENCED_MUST_REREAD_OR_STAY_REFERENCE	R058	NOT_APPLICABLE			NO_ACTIVE_SKILL
STAGE0:R013:wanming-R013-133-narrative-candidate	STAGE0_B_CLAIM	wanming-R013-133-narrative-candidate	cangjie/reading/R007/wanming_receipts.jsonl	wanming	n133/p26	EPUB_BOOK_SHA_VALID_ARCHIVE_RECEIPT_B_UNREVIEWED	B_PROVISIONAL_NOT_REAUDITED	NOT_RUN	NO_SEMANTIC_REAUDIT_NO_PASS	cangjie/reading/R007/wanming_receipts.jsonl	OLD_B_PROVISIONAL_UNTIL_SPECIFIC_SOURCE_CHECK	R077_R078_IF_REFERENCED_MUST_REREAD_OR_STAY_REFERENCE	R058	NOT_APPLICABLE			NO_ACTIVE_SKILL
STAGE0:R013:wanming-R013-135-narrative-candidate	STAGE0_B_CLAIM	wanming-R013-135-narrative-candidate	cangjie/reading/R007/wanming_receipts.jsonl	wanming	n135/p31	EPUB_BOOK_SHA_VALID_ARCHIVE_RECEIPT_B_UNREVIEWED	B_PROVISIONAL_NOT_REAUDITED	NOT_RUN	NO_SEMANTIC_REAUDIT_NO_PASS	cangjie/reading/R007/wanming_receipts.jsonl	OLD_B_PROVISIONAL_UNTIL_SPECIFIC_SOURCE_CHECK	R077_R078_IF_REFERENCED_MUST_REREAD_OR_STAY_REFERENCE	R058	NOT_APPLICABLE			NO_ACTIVE_SKILL
STAGE0:R013:wanming-R013-137-narrative-candidate	STAGE0_B_CLAIM	wanming-R013-137-narrative-candidate	cangjie/reading/R007/wanming_receipts.jsonl	wanming	n137/p35	EPUB_BOOK_SHA_VALID_ARCHIVE_RECEIPT_B_UNREVIEWED	B_PROVISIONAL_NOT_REAUDITED	NOT_RUN	NO_SEMANTIC_REAUDIT_NO_PASS	cangjie/reading/R007/wanming_receipts.jsonl	OLD_B_PROVISIONAL_UNTIL_SPECIFIC_SOURCE_CHECK	R077_R078_IF_REFERENCED_MUST_REREAD_OR_STAY_REFERENCE	R058	NOT_APPLICABLE			NO_ACTIVE_SKILL
STAGE0:R013:wanming-R013-139-narrative-candidate	STAGE0_B_CLAIM	wanming-R013-139-narrative-candidate	cangjie/reading/R007/wanming_receipts.jsonl	wanming	n139/p24	EPUB_BOOK_SHA_VALID_ARCHIVE_RECEIPT_B_UNREVIEWED	B_PROVISIONAL_NOT_REAUDITED	NOT_RUN	NO_SEMANTIC_REAUDIT_NO_PASS	cangjie/reading/R007/wanming_receipts.jsonl	OLD_B_PROVISIONAL_UNTIL_SPECIFIC_SOURCE_CHECK	R077_R078_IF_REFERENCED_MUST_REREAD_OR_STAY_REFERENCE	R058	NOT_APPLICABLE			NO_ACTIVE_SKILL
STAGE0:R013:wanming-R013-140-narrative-candidate	STAGE0_B_CLAIM	wanming-R013-140-narrative-candidate	cangjie/reading/R007/wanming_receipts.jsonl	wanming	n140/p28	PRIVATE_EPUB_CONTEXT_REAUDITED_R058_OR_R059	B_REVIEWED_SCOPED_PROVISIONAL	NOT_RUN	NARROW_SUPPORTED	cangjie/reading/R007/wanming_receipts.jsonl	朋友的异议不等于其将服从安排	R063_R064_V1_ONLY_IF_SELECTABLE;R077_R078_FINAL_COVERAGE	R058	NOT_APPLICABLE			NO_ACTIVE_SKILL
STAGE0:R013:wanming-R013-143-narrative-candidate	STAGE0_B_CLAIM	wanming-R013-143-narrative-candidate	cangjie/reading/R007/wanming_receipts.jsonl	wanming	n143/p29	PRIVATE_EPUB_CONTEXT_REAUDITED_R058_OR_R059	OLD_R042_CLAIM_OPEN_QUARANTINED	NOT_RUN	OLD_OVERCLAIM_NOT_REUSABLE	cangjie/reading/R007/wanming_receipts.jsonl;v2/legacy/WANMING_7_DECISIONS.tsv	p29入座不等于授命；本章后续叙述不支持旧命题必然以对应悬念结尾	R063_R064_V1_ONLY_IF_SELECTABLE;R077_R078_FINAL_COVERAGE	R058	NO_DIRECT_PROMOTION_RECONSTRUCT_FROM_SOURCE	R060-WM-143-ORDER-AND-PREFERENCE		NO_ACTIVE_SKILL
STAGE0:R013:wanming-R013-147-narrative-candidate	STAGE0_B_CLAIM	wanming-R013-147-narrative-candidate	cangjie/reading/R007/wanming_receipts.jsonl	wanming	n147/p23	EPUB_BOOK_SHA_VALID_ARCHIVE_RECEIPT_B_UNREVIEWED	B_PROVISIONAL_NOT_REAUDITED	NOT_RUN	NO_SEMANTIC_REAUDIT_NO_PASS	cangjie/reading/R007/wanming_receipts.jsonl	OLD_B_PROVISIONAL_UNTIL_SPECIFIC_SOURCE_CHECK	R077_R078_IF_REFERENCED_MUST_REREAD_OR_STAY_REFERENCE	R058	NOT_APPLICABLE			NO_ACTIVE_SKILL
STAGE0:R013:wanming-R013-149-narrative-candidate	STAGE0_B_CLAIM	wanming-R013-149-narrative-candidate	cangjie/reading/R007/wanming_receipts.jsonl	wanming	n149/p37	EPUB_BOOK_SHA_VALID_ARCHIVE_RECEIPT_B_UNREVIEWED	B_PROVISIONAL_NOT_REAUDITED	NOT_RUN	NO_SEMANTIC_REAUDIT_NO_PASS	cangjie/reading/R007/wanming_receipts.jsonl	OLD_B_PROVISIONAL_UNTIL_SPECIFIC_SOURCE_CHECK	R077_R078_IF_REFERENCED_MUST_REREAD_OR_STAY_REFERENCE	R058	NOT_APPLICABLE			NO_ACTIVE_SKILL
STAGE0:R013:wanming-R013-150-narrative-candidate	STAGE0_B_CLAIM	wanming-R013-150-narrative-candidate	cangjie/reading/R007/wanming_receipts.jsonl	wanming	n150/p33	PRIVATE_EPUB_CONTEXT_REAUDITED_R058_OR_R059	B_REVIEWED_SCOPED_PROVISIONAL	NOT_RUN	EXTRA_SYSTEMIC_REBASE	cangjie/reading/R007/wanming_receipts.jsonl	需以伤员谈话和后续选择观察而非以感情概括替代	R063_R064_V1_ONLY_IF_SELECTABLE;R077_R078_FINAL_COVERAGE	R058	NOT_APPLICABLE			NO_ACTIVE_SKILL
STAGE0:R013:wanming-R013-154-narrative-candidate	STAGE0_B_CLAIM	wanming-R013-154-narrative-candidate	cangjie/reading/R007/wanming_receipts.jsonl	wanming	n154/p36	EPUB_BOOK_SHA_VALID_ARCHIVE_RECEIPT_B_UNREVIEWED	B_PROVISIONAL_NOT_REAUDITED	NOT_RUN	NO_SEMANTIC_REAUDIT_NO_PASS	cangjie/reading/R007/wanming_receipts.jsonl	OLD_B_PROVISIONAL_UNTIL_SPECIFIC_SOURCE_CHECK	R077_R078_IF_REFERENCED_MUST_REREAD_OR_STAY_REFERENCE	R058	NOT_APPLICABLE			NO_ACTIVE_SKILL
STAGE0:R013:wanming-R013-156-narrative-candidate	STAGE0_B_CLAIM	wanming-R013-156-narrative-candidate	cangjie/reading/R007/wanming_receipts.jsonl	wanming	n156/p22	EPUB_BOOK_SHA_VALID_ARCHIVE_RECEIPT_B_UNREVIEWED	B_PROVISIONAL_NOT_REAUDITED	NOT_RUN	NO_SEMANTIC_REAUDIT_NO_PASS	cangjie/reading/R007/wanming_receipts.jsonl	OLD_B_PROVISIONAL_UNTIL_SPECIFIC_SOURCE_CHECK	R077_R078_IF_REFERENCED_MUST_REREAD_OR_STAY_REFERENCE	R058	NOT_APPLICABLE			NO_ACTIVE_SKILL
STAGE0:R013:wanming-R013-157-narrative-candidate	STAGE0_B_CLAIM	wanming-R013-157-narrative-candidate	cangjie/reading/R007/wanming_receipts.jsonl	wanming	n157/p35	EPUB_BOOK_SHA_VALID_ARCHIVE_RECEIPT_B_UNREVIEWED	B_PROVISIONAL_NOT_REAUDITED	NOT_RUN	NO_SEMANTIC_REAUDIT_NO_PASS	cangjie/reading/R007/wanming_receipts.jsonl	OLD_B_PROVISIONAL_UNTIL_SPECIFIC_SOURCE_CHECK	R077_R078_IF_REFERENCED_MUST_REREAD_OR_STAY_REFERENCE	R058	NOT_APPLICABLE			NO_ACTIVE_SKILL
STAGE0:R013:wanming-R013-159-narrative-candidate	STAGE0_B_CLAIM	wanming-R013-159-narrative-candidate	cangjie/reading/R007/wanming_receipts.jsonl	wanming	n159/p20	EPUB_BOOK_SHA_VALID_ARCHIVE_RECEIPT_B_UNREVIEWED	B_PROVISIONAL_NOT_REAUDITED	NOT_RUN	NO_SEMANTIC_REAUDIT_NO_PASS	cangjie/reading/R007/wanming_receipts.jsonl	OLD_B_PROVISIONAL_UNTIL_SPECIFIC_SOURCE_CHECK	R077_R078_IF_REFERENCED_MUST_REREAD_OR_STAY_REFERENCE	R058	NOT_APPLICABLE			NO_ACTIVE_SKILL
STAGE0:R013:wanming-R013-160-narrative-candidate	STAGE0_B_CLAIM	wanming-R013-160-narrative-candidate	cangjie/reading/R007/wanming_receipts.jsonl	wanming	n160/p18	PRIVATE_EPUB_CONTEXT_REAUDITED_R058_OR_R059	B_REVIEWED_SCOPED_PROVISIONAL	NOT_RUN	SPLIT_REBASE	cangjie/reading/R007/wanming_receipts.jsonl	门市当时客流尚不能证明长远利润和供养能力	R063_R064_V1_ONLY_IF_SELECTABLE;R077_R078_FINAL_COVERAGE	R058	NOT_APPLICABLE			NO_ACTIVE_SKILL
STAGE0:R015:wanming-R015-161-narrative-candidate	STAGE0_B_CLAIM	wanming-R015-161-narrative-candidate	cangjie/reading/R007/wanming_receipts.jsonl	wanming	n161/p27	PRIVATE_EPUB_CONTEXT_REAUDITED_R058_OR_R059	B_REVIEWED_SCOPED_PROVISIONAL	NOT_RUN	NARROW_SUPPORTED	cangjie/reading/R007/wanming_receipts.jsonl	游历体验不能作为后续组织成功的证据	R063_R064_V1_ONLY_IF_SELECTABLE;R077_R078_FINAL_COVERAGE	R058	NOT_APPLICABLE			NO_ACTIVE_SKILL
STAGE0:R015:wanming-R015-164-narrative-candidate	STAGE0_B_CLAIM	wanming-R015-164-narrative-candidate	cangjie/reading/R007/wanming_receipts.jsonl	wanming	n164/p44	EPUB_BOOK_SHA_VALID_ARCHIVE_RECEIPT_B_UNREVIEWED	B_PROVISIONAL_NOT_REAUDITED	NOT_RUN	NO_SEMANTIC_REAUDIT_NO_PASS	cangjie/reading/R007/wanming_receipts.jsonl	OLD_B_PROVISIONAL_UNTIL_SPECIFIC_SOURCE_CHECK	R077_R078_IF_REFERENCED_MUST_REREAD_OR_STAY_REFERENCE	R058	NOT_APPLICABLE			NO_ACTIVE_SKILL
STAGE0:R015:wanming-R015-169-narrative-candidate	STAGE0_B_CLAIM	wanming-R015-169-narrative-candidate	cangjie/reading/R007/wanming_receipts.jsonl	wanming	n169/p20	EPUB_BOOK_SHA_VALID_ARCHIVE_RECEIPT_B_UNREVIEWED	B_PROVISIONAL_NOT_REAUDITED	NOT_RUN	NO_SEMANTIC_REAUDIT_NO_PASS	cangjie/reading/R007/wanming_receipts.jsonl	OLD_B_PROVISIONAL_UNTIL_SPECIFIC_SOURCE_CHECK	R077_R078_IF_REFERENCED_MUST_REREAD_OR_STAY_REFERENCE	R058	NOT_APPLICABLE			NO_ACTIVE_SKILL
STAGE0:R015:wanming-R015-173-narrative-candidate	STAGE0_B_CLAIM	wanming-R015-173-narrative-candidate	cangjie/reading/R007/wanming_receipts.jsonl	wanming	n173/p23	EPUB_BOOK_SHA_VALID_ARCHIVE_RECEIPT_B_UNREVIEWED	B_PROVISIONAL_NOT_REAUDITED	NOT_RUN	NO_SEMANTIC_REAUDIT_NO_PASS	cangjie/reading/R007/wanming_receipts.jsonl	OLD_B_PROVISIONAL_UNTIL_SPECIFIC_SOURCE_CHECK	R077_R078_IF_REFERENCED_MUST_REREAD_OR_STAY_REFERENCE	R058	NOT_APPLICABLE			NO_ACTIVE_SKILL
STAGE0:R015:wanming-R015-176-narrative-candidate	STAGE0_B_CLAIM	wanming-R015-176-narrative-candidate	cangjie/reading/R007/wanming_receipts.jsonl	wanming	n176/p50	EPUB_BOOK_SHA_VALID_ARCHIVE_RECEIPT_B_UNREVIEWED	B_PROVISIONAL_NOT_REAUDITED	NOT_RUN	NO_SEMANTIC_REAUDIT_NO_PASS	cangjie/reading/R007/wanming_receipts.jsonl	OLD_B_PROVISIONAL_UNTIL_SPECIFIC_SOURCE_CHECK	R077_R078_IF_REFERENCED_MUST_REREAD_OR_STAY_REFERENCE	R058	NOT_APPLICABLE			NO_ACTIVE_SKILL
STAGE0:R015:wanming-R015-179-narrative-candidate	STAGE0_B_CLAIM	wanming-R015-179-narrative-candidate	cangjie/reading/R007/wanming_receipts.jsonl	wanming	n179/p14	EPUB_BOOK_SHA_VALID_ARCHIVE_RECEIPT_B_UNREVIEWED	B_PROVISIONAL_NOT_REAUDITED	NOT_RUN	NO_SEMANTIC_REAUDIT_NO_PASS	cangjie/reading/R007/wanming_receipts.jsonl	OLD_B_PROVISIONAL_UNTIL_SPECIFIC_SOURCE_CHECK	R077_R078_IF_REFERENCED_MUST_REREAD_OR_STAY_REFERENCE	R058	NOT_APPLICABLE			NO_ACTIVE_SKILL
STAGE0:R015:wanming-R015-180-narrative-candidate	STAGE0_B_CLAIM	wanming-R015-180-narrative-candidate	cangjie/reading/R007/wanming_receipts.jsonl	wanming	n180/p21	EPUB_BOOK_SHA_VALID_ARCHIVE_RECEIPT_B_UNREVIEWED	B_PROVISIONAL_NOT_REAUDITED	NOT_RUN	NO_SEMANTIC_REAUDIT_NO_PASS	cangjie/reading/R007/wanming_receipts.jsonl	OLD_B_PROVISIONAL_UNTIL_SPECIFIC_SOURCE_CHECK	R077_R078_IF_REFERENCED_MUST_REREAD_OR_STAY_REFERENCE	R058	NOT_APPLICABLE			NO_ACTIVE_SKILL
STAGE0:R015:wanming-R015-182-narrative-candidate	STAGE0_B_CLAIM	wanming-R015-182-narrative-candidate	cangjie/reading/R007/wanming_receipts.jsonl	wanming	n182/p22	EPUB_BOOK_SHA_VALID_ARCHIVE_RECEIPT_B_UNREVIEWED	B_PROVISIONAL_NOT_REAUDITED	NOT_RUN	NO_SEMANTIC_REAUDIT_NO_PASS	cangjie/reading/R007/wanming_receipts.jsonl	OLD_B_PROVISIONAL_UNTIL_SPECIFIC_SOURCE_CHECK	R077_R078_IF_REFERENCED_MUST_REREAD_OR_STAY_REFERENCE	R058	NOT_APPLICABLE			NO_ACTIVE_SKILL
STAGE0:R015:wanming-R015-185-narrative-candidate	STAGE0_B_CLAIM	wanming-R015-185-narrative-candidate	cangjie/reading/R007/wanming_receipts.jsonl	wanming	n185/p41	PRIVATE_EPUB_CONTEXT_REAUDITED_R058_OR_R059	B_REVIEWED_SCOPED_PROVISIONAL	NOT_RUN	MISLEADING_ANCHOR_REBASE	cangjie/reading/R007/wanming_receipts.jsonl	后续用人选择不等于道德认可	R063_R064_V1_ONLY_IF_SELECTABLE;R077_R078_FINAL_COVERAGE	R058	NOT_APPLICABLE			NO_ACTIVE_SKILL
STAGE0:R015:wanming-R015-187-narrative-candidate	STAGE0_B_CLAIM	wanming-R015-187-narrative-candidate	cangjie/reading/R007/wanming_receipts.jsonl	wanming	n187/p21	EPUB_BOOK_SHA_VALID_ARCHIVE_RECEIPT_B_UNREVIEWED	B_PROVISIONAL_NOT_REAUDITED	NOT_RUN	NO_SEMANTIC_REAUDIT_NO_PASS	cangjie/reading/R007/wanming_receipts.jsonl	OLD_B_PROVISIONAL_UNTIL_SPECIFIC_SOURCE_CHECK	R077_R078_IF_REFERENCED_MUST_REREAD_OR_STAY_REFERENCE	R058	NOT_APPLICABLE			NO_ACTIVE_SKILL
STAGE0:R015:wanming-R015-189-narrative-candidate	STAGE0_B_CLAIM	wanming-R015-189-narrative-candidate	cangjie/reading/R007/wanming_receipts.jsonl	wanming	n189/p41	EPUB_BOOK_SHA_VALID_ARCHIVE_RECEIPT_B_UNREVIEWED	B_PROVISIONAL_NOT_REAUDITED	NOT_RUN	NO_SEMANTIC_REAUDIT_NO_PASS	cangjie/reading/R007/wanming_receipts.jsonl	OLD_B_PROVISIONAL_UNTIL_SPECIFIC_SOURCE_CHECK	R077_R078_IF_REFERENCED_MUST_REREAD_OR_STAY_REFERENCE	R058	NOT_APPLICABLE			NO_ACTIVE_SKILL
STAGE0:R015:wanming-R015-190-narrative-candidate	STAGE0_B_CLAIM	wanming-R015-190-narrative-candidate	cangjie/reading/R007/wanming_receipts.jsonl	wanming	n190/p28	EPUB_BOOK_SHA_VALID_ARCHIVE_RECEIPT_B_UNREVIEWED	B_PROVISIONAL_NOT_REAUDITED	NOT_RUN	NO_SEMANTIC_REAUDIT_NO_PASS	cangjie/reading/R007/wanming_receipts.jsonl	OLD_B_PROVISIONAL_UNTIL_SPECIFIC_SOURCE_CHECK	R077_R078_IF_REFERENCED_MUST_REREAD_OR_STAY_REFERENCE	R058	NOT_APPLICABLE			NO_ACTIVE_SKILL
STAGE0:R015:wanming-R015-191-narrative-candidate	STAGE0_B_CLAIM	wanming-R015-191-narrative-candidate	cangjie/reading/R007/wanming_receipts.jsonl	wanming	n191/p29	PRIVATE_EPUB_CONTEXT_REAUDITED_R058_OR_R059	B_REVIEWED_SCOPED_PROVISIONAL	NOT_RUN	EXTRA_SYSTEMIC_NARROW	cangjie/reading/R007/wanming_receipts.jsonl	改善生活不等于没有赋税与商路变动	R063_R064_V1_ONLY_IF_SELECTABLE;R077_R078_FINAL_COVERAGE	R058	NOT_APPLICABLE			NO_ACTIVE_SKILL
STAGE0:R015:wanming-R015-194-narrative-candidate	STAGE0_B_CLAIM	wanming-R015-194-narrative-candidate	cangjie/reading/R007/wanming_receipts.jsonl	wanming	n194/p26	EPUB_BOOK_SHA_VALID_ARCHIVE_RECEIPT_B_UNREVIEWED	B_PROVISIONAL_NOT_REAUDITED	NOT_RUN	NO_SEMANTIC_REAUDIT_NO_PASS	cangjie/reading/R007/wanming_receipts.jsonl	OLD_B_PROVISIONAL_UNTIL_SPECIFIC_SOURCE_CHECK	R077_R078_IF_REFERENCED_MUST_REREAD_OR_STAY_REFERENCE	R058	NOT_APPLICABLE			NO_ACTIVE_SKILL
STAGE0:R015:wanming-R015-196-narrative-candidate	STAGE0_B_CLAIM	wanming-R015-196-narrative-candidate	cangjie/reading/R007/wanming_receipts.jsonl	wanming	n196/p27	EPUB_BOOK_SHA_VALID_ARCHIVE_RECEIPT_B_UNREVIEWED	B_PROVISIONAL_NOT_REAUDITED	NOT_RUN	NO_SEMANTIC_REAUDIT_NO_PASS	cangjie/reading/R007/wanming_receipts.jsonl	OLD_B_PROVISIONAL_UNTIL_SPECIFIC_SOURCE_CHECK	R077_R078_IF_REFERENCED_MUST_REREAD_OR_STAY_REFERENCE	R058	NOT_APPLICABLE			NO_ACTIVE_SKILL
STAGE0:R015:wanming-R015-197-narrative-candidate	STAGE0_B_CLAIM	wanming-R015-197-narrative-candidate	cangjie/reading/R007/wanming_receipts.jsonl	wanming	n197/p24	EPUB_BOOK_SHA_VALID_ARCHIVE_RECEIPT_B_UNREVIEWED	B_PROVISIONAL_NOT_REAUDITED	NOT_RUN	NO_SEMANTIC_REAUDIT_NO_PASS	cangjie/reading/R007/wanming_receipts.jsonl	OLD_B_PROVISIONAL_UNTIL_SPECIFIC_SOURCE_CHECK	R077_R078_IF_REFERENCED_MUST_REREAD_OR_STAY_REFERENCE	R058	NOT_APPLICABLE			NO_ACTIVE_SKILL
STAGE0:R015:wanming-R015-199-narrative-candidate	STAGE0_B_CLAIM	wanming-R015-199-narrative-candidate	cangjie/reading/R007/wanming_receipts.jsonl	wanming	n199/p20	EPUB_BOOK_SHA_VALID_ARCHIVE_RECEIPT_B_UNREVIEWED	B_PROVISIONAL_NOT_REAUDITED	NOT_RUN	NO_SEMANTIC_REAUDIT_NO_PASS	cangjie/reading/R007/wanming_receipts.jsonl	OLD_B_PROVISIONAL_UNTIL_SPECIFIC_SOURCE_CHECK	R077_R078_IF_REFERENCED_MUST_REREAD_OR_STAY_REFERENCE	R058	NOT_APPLICABLE			NO_ACTIVE_SKILL
STAGE0:R015:wanming-R015-200-narrative-candidate	STAGE0_B_CLAIM	wanming-R015-200-narrative-candidate	cangjie/reading/R007/wanming_receipts.jsonl	wanming	n200/p19	PRIVATE_EPUB_CONTEXT_REAUDITED_R058_OR_R059	B_REVIEWED_SCOPED_PROVISIONAL	NOT_RUN	NARROW_SUPPORTED	cangjie/reading/R007/wanming_receipts.jsonl	接触成功不等于各方长期归顺	R063_R064_V1_ONLY_IF_SELECTABLE;R077_R078_FINAL_COVERAGE	R058	NOT_APPLICABLE			NO_ACTIVE_SKILL
STAGE0:R017:wanming-R017-201-candidate	STAGE0_B_CLAIM	wanming-R017-201-candidate	cangjie/reading/R007/wanming_receipts.jsonl	wanming	n201/p26	PRIVATE_EPUB_CONTEXT_REAUDITED_R058_OR_R059	B_REVIEWED_SCOPED_PROVISIONAL	NOT_RUN	NARROW_SUPPORTED	cangjie/reading/R007/wanming_receipts.jsonl	商社代表的损失预期与情报人员目标不相同	R063_R064_V1_ONLY_IF_SELECTABLE;R077_R078_FINAL_COVERAGE	R058	NOT_APPLICABLE			NO_ACTIVE_SKILL
STAGE0:R017:wanming-R017-202-candidate	STAGE0_B_CLAIM	wanming-R017-202-candidate	cangjie/reading/R007/wanming_receipts.jsonl	wanming	n202/p31	EPUB_BOOK_SHA_VALID_ARCHIVE_RECEIPT_B_UNREVIEWED	B_PROVISIONAL_NOT_REAUDITED	NOT_RUN	NO_SEMANTIC_REAUDIT_NO_PASS	cangjie/reading/R007/wanming_receipts.jsonl	OLD_B_PROVISIONAL_UNTIL_SPECIFIC_SOURCE_CHECK	R077_R078_IF_REFERENCED_MUST_REREAD_OR_STAY_REFERENCE	R058	NOT_APPLICABLE			NO_ACTIVE_SKILL
STAGE0:R017:wanming-R017-203-candidate	STAGE0_B_CLAIM	wanming-R017-203-candidate	cangjie/reading/R007/wanming_receipts.jsonl	wanming	n203/p19	EPUB_BOOK_SHA_VALID_ARCHIVE_RECEIPT_B_UNREVIEWED	B_PROVISIONAL_NOT_REAUDITED	NOT_RUN	NO_SEMANTIC_REAUDIT_NO_PASS	cangjie/reading/R007/wanming_receipts.jsonl	OLD_B_PROVISIONAL_UNTIL_SPECIFIC_SOURCE_CHECK	R077_R078_IF_REFERENCED_MUST_REREAD_OR_STAY_REFERENCE	R058	NOT_APPLICABLE			NO_ACTIVE_SKILL
STAGE0:R017:wanming-R017-207-candidate	STAGE0_B_CLAIM	wanming-R017-207-candidate	cangjie/reading/R007/wanming_receipts.jsonl	wanming	n207/p25	EPUB_BOOK_SHA_VALID_ARCHIVE_RECEIPT_B_UNREVIEWED	B_PROVISIONAL_NOT_REAUDITED	NOT_RUN	NO_SEMANTIC_REAUDIT_NO_PASS	cangjie/reading/R007/wanming_receipts.jsonl	OLD_B_PROVISIONAL_UNTIL_SPECIFIC_SOURCE_CHECK	R077_R078_IF_REFERENCED_MUST_REREAD_OR_STAY_REFERENCE	R058	NOT_APPLICABLE			NO_ACTIVE_SKILL
STAGE0:R017:wanming-R017-212-candidate	STAGE0_B_CLAIM	wanming-R017-212-candidate	cangjie/reading/R007/wanming_receipts.jsonl	wanming	n212/p21	EPUB_BOOK_SHA_VALID_ARCHIVE_RECEIPT_B_UNREVIEWED	B_PROVISIONAL_NOT_REAUDITED	NOT_RUN	NO_SEMANTIC_REAUDIT_NO_PASS	cangjie/reading/R007/wanming_receipts.jsonl	OLD_B_PROVISIONAL_UNTIL_SPECIFIC_SOURCE_CHECK	R077_R078_IF_REFERENCED_MUST_REREAD_OR_STAY_REFERENCE	R058	NOT_APPLICABLE			NO_ACTIVE_SKILL
STAGE0:R017:wanming-R017-213-candidate	STAGE0_B_CLAIM	wanming-R017-213-candidate	cangjie/reading/R007/wanming_receipts.jsonl	wanming	n213/p24	EPUB_BOOK_SHA_VALID_ARCHIVE_RECEIPT_B_UNREVIEWED	B_PROVISIONAL_NOT_REAUDITED	NOT_RUN	NO_SEMANTIC_REAUDIT_NO_PASS	cangjie/reading/R007/wanming_receipts.jsonl	OLD_B_PROVISIONAL_UNTIL_SPECIFIC_SOURCE_CHECK	R077_R078_IF_REFERENCED_MUST_REREAD_OR_STAY_REFERENCE	R058	NOT_APPLICABLE			NO_ACTIVE_SKILL
STAGE0:R017:wanming-R017-214-candidate	STAGE0_B_CLAIM	wanming-R017-214-candidate	cangjie/reading/R007/wanming_receipts.jsonl	wanming	n214/p26	EPUB_BOOK_SHA_VALID_ARCHIVE_RECEIPT_B_UNREVIEWED	B_PROVISIONAL_NOT_REAUDITED	NOT_RUN	NO_SEMANTIC_REAUDIT_NO_PASS	cangjie/reading/R007/wanming_receipts.jsonl	OLD_B_PROVISIONAL_UNTIL_SPECIFIC_SOURCE_CHECK	R077_R078_IF_REFERENCED_MUST_REREAD_OR_STAY_REFERENCE	R058	NOT_APPLICABLE			NO_ACTIVE_SKILL
STAGE0:R017:wanming-R017-216-candidate	STAGE0_B_CLAIM	wanming-R017-216-candidate	cangjie/reading/R007/wanming_receipts.jsonl	wanming	n216/p29	EPUB_BOOK_SHA_VALID_ARCHIVE_RECEIPT_B_UNREVIEWED	B_PROVISIONAL_NOT_REAUDITED	NOT_RUN	NO_SEMANTIC_REAUDIT_NO_PASS	cangjie/reading/R007/wanming_receipts.jsonl	OLD_B_PROVISIONAL_UNTIL_SPECIFIC_SOURCE_CHECK	R077_R078_IF_REFERENCED_MUST_REREAD_OR_STAY_REFERENCE	R058	NOT_APPLICABLE			NO_ACTIVE_SKILL
STAGE0:R017:wanming-R017-217-candidate	STAGE0_B_CLAIM	wanming-R017-217-candidate	cangjie/reading/R007/wanming_receipts.jsonl	wanming	n217/p19	EPUB_BOOK_SHA_VALID_ARCHIVE_RECEIPT_B_UNREVIEWED	B_PROVISIONAL_NOT_REAUDITED	NOT_RUN	NO_SEMANTIC_REAUDIT_NO_PASS	cangjie/reading/R007/wanming_receipts.jsonl	OLD_B_PROVISIONAL_UNTIL_SPECIFIC_SOURCE_CHECK	R077_R078_IF_REFERENCED_MUST_REREAD_OR_STAY_REFERENCE	R058	NOT_APPLICABLE			NO_ACTIVE_SKILL
STAGE0:R017:wanming-R017-219-candidate	STAGE0_B_CLAIM	wanming-R017-219-candidate	cangjie/reading/R007/wanming_receipts.jsonl	wanming	n219/p20	PRIVATE_EPUB_CONTEXT_REAUDITED_R058_OR_R059	B_REVIEWED_SCOPED_PROVISIONAL	NOT_RUN	REBASE_WITH_HOLE	cangjie/reading/R007/wanming_receipts.jsonl	旧称的个人情感损失必须另取本人行为证据	R063_R064_V1_ONLY_IF_SELECTABLE;R077_R078_FINAL_COVERAGE	R058	NOT_APPLICABLE			NO_ACTIVE_SKILL
STAGE0:R017:wanming-R017-220-candidate	STAGE0_B_CLAIM	wanming-R017-220-candidate	cangjie/reading/R007/wanming_receipts.jsonl	wanming	n220/p24	PRIVATE_EPUB_CONTEXT_REAUDITED_R058_OR_R059	OLD_R042_CLAIM_OPEN_QUARANTINED	NOT_RUN	OLD_OVERCLAIM_NOT_REUSABLE	cangjie/reading/R007/wanming_receipts.jsonl;v2/legacy/WANMING_7_DECISIONS.tsv	p24外在谦逊不能独立证明忠心或密谋；转述和费用不等于政策已实施	R063_R064_V1_ONLY_IF_SELECTABLE;R077_R078_FINAL_COVERAGE	R058	NO_DIRECT_PROMOTION_RECONSTRUCT_FROM_SOURCE	R060-WM-220-INFORMATION-RELAY		NO_ACTIVE_SKILL
STAGE0:R017:wanming-R017-222-candidate	STAGE0_B_CLAIM	wanming-R017-222-candidate	cangjie/reading/R007/wanming_receipts.jsonl	wanming	n222/p21	EPUB_BOOK_SHA_VALID_ARCHIVE_RECEIPT_B_UNREVIEWED	B_PROVISIONAL_NOT_REAUDITED	NOT_RUN	NO_SEMANTIC_REAUDIT_NO_PASS	cangjie/reading/R007/wanming_receipts.jsonl	OLD_B_PROVISIONAL_UNTIL_SPECIFIC_SOURCE_CHECK	R077_R078_IF_REFERENCED_MUST_REREAD_OR_STAY_REFERENCE	R058	NOT_APPLICABLE			NO_ACTIVE_SKILL
STAGE0:R017:wanming-R017-223-candidate	STAGE0_B_CLAIM	wanming-R017-223-candidate	cangjie/reading/R007/wanming_receipts.jsonl	wanming	n223/p25	EPUB_BOOK_SHA_VALID_ARCHIVE_RECEIPT_B_UNREVIEWED	B_PROVISIONAL_NOT_REAUDITED	NOT_RUN	NO_SEMANTIC_REAUDIT_NO_PASS	cangjie/reading/R007/wanming_receipts.jsonl	OLD_B_PROVISIONAL_UNTIL_SPECIFIC_SOURCE_CHECK	R077_R078_IF_REFERENCED_MUST_REREAD_OR_STAY_REFERENCE	R058	NOT_APPLICABLE			NO_ACTIVE_SKILL
STAGE0:R017:wanming-R017-225-candidate	STAGE0_B_CLAIM	wanming-R017-225-candidate	cangjie/reading/R007/wanming_receipts.jsonl	wanming	n225/p19	PRIVATE_EPUB_CONTEXT_REAUDITED_R058_OR_R059	B_REVIEWED_SCOPED_PROVISIONAL	NOT_RUN	EXTRA_SYSTEMIC_NARROW	cangjie/reading/R007/wanming_receipts.jsonl	具体政治因果为小说内设定，不能当真实史实	R063_R064_V1_ONLY_IF_SELECTABLE;R077_R078_FINAL_COVERAGE	R058	NOT_APPLICABLE			NO_ACTIVE_SKILL
STAGE0:R017:wanming-R017-229-candidate	STAGE0_B_CLAIM	wanming-R017-229-candidate	cangjie/reading/R007/wanming_receipts.jsonl	wanming	n229/p20	EPUB_BOOK_SHA_VALID_ARCHIVE_RECEIPT_B_UNREVIEWED	B_PROVISIONAL_NOT_REAUDITED	NOT_RUN	NO_SEMANTIC_REAUDIT_NO_PASS	cangjie/reading/R007/wanming_receipts.jsonl	OLD_B_PROVISIONAL_UNTIL_SPECIFIC_SOURCE_CHECK	R077_R078_IF_REFERENCED_MUST_REREAD_OR_STAY_REFERENCE	R058	NOT_APPLICABLE			NO_ACTIVE_SKILL
STAGE0:R017:wanming-R017-231-candidate	STAGE0_B_CLAIM	wanming-R017-231-candidate	cangjie/reading/R007/wanming_receipts.jsonl	wanming	n231/p27	EPUB_BOOK_SHA_VALID_ARCHIVE_RECEIPT_B_UNREVIEWED	B_PROVISIONAL_NOT_REAUDITED	NOT_RUN	NO_SEMANTIC_REAUDIT_NO_PASS	cangjie/reading/R007/wanming_receipts.jsonl	OLD_B_PROVISIONAL_UNTIL_SPECIFIC_SOURCE_CHECK	R077_R078_IF_REFERENCED_MUST_REREAD_OR_STAY_REFERENCE	R058	NOT_APPLICABLE			NO_ACTIVE_SKILL
STAGE0:R017:wanming-R017-233-candidate	STAGE0_B_CLAIM	wanming-R017-233-candidate	cangjie/reading/R007/wanming_receipts.jsonl	wanming	n233/p29	EPUB_BOOK_SHA_VALID_ARCHIVE_RECEIPT_B_UNREVIEWED	B_PROVISIONAL_NOT_REAUDITED	NOT_RUN	NO_SEMANTIC_REAUDIT_NO_PASS	cangjie/reading/R007/wanming_receipts.jsonl	OLD_B_PROVISIONAL_UNTIL_SPECIFIC_SOURCE_CHECK	R077_R078_IF_REFERENCED_MUST_REREAD_OR_STAY_REFERENCE	R058	NOT_APPLICABLE			NO_ACTIVE_SKILL
STAGE0:R017:wanming-R017-237-candidate	STAGE0_B_CLAIM	wanming-R017-237-candidate	cangjie/reading/R007/wanming_receipts.jsonl	wanming	n237/p29	EPUB_BOOK_SHA_VALID_ARCHIVE_RECEIPT_B_UNREVIEWED	B_PROVISIONAL_NOT_REAUDITED	NOT_RUN	NO_SEMANTIC_REAUDIT_NO_PASS	cangjie/reading/R007/wanming_receipts.jsonl	OLD_B_PROVISIONAL_UNTIL_SPECIFIC_SOURCE_CHECK	R077_R078_IF_REFERENCED_MUST_REREAD_OR_STAY_REFERENCE	R058	NOT_APPLICABLE			NO_ACTIVE_SKILL
STAGE0:R017:wanming-R017-239-candidate	STAGE0_B_CLAIM	wanming-R017-239-candidate	cangjie/reading/R007/wanming_receipts.jsonl	wanming	n239/p24	EPUB_BOOK_SHA_VALID_ARCHIVE_RECEIPT_B_UNREVIEWED	B_PROVISIONAL_NOT_REAUDITED	NOT_RUN	NO_SEMANTIC_REAUDIT_NO_PASS	cangjie/reading/R007/wanming_receipts.jsonl	OLD_B_PROVISIONAL_UNTIL_SPECIFIC_SOURCE_CHECK	R077_R078_IF_REFERENCED_MUST_REREAD_OR_STAY_REFERENCE	R058	NOT_APPLICABLE			NO_ACTIVE_SKILL
STAGE0:R017:wanming-R017-240-candidate	STAGE0_B_CLAIM	wanming-R017-240-candidate	cangjie/reading/R007/wanming_receipts.jsonl	wanming	n240/p20	PRIVATE_EPUB_CONTEXT_REAUDITED_R058_OR_R059	B_REVIEWED_SCOPED_PROVISIONAL	NOT_RUN	REBASE_NARROW	cangjie/reading/R007/wanming_receipts.jsonl	不能推定每个消息节点都得到同一准确情报	R063_R064_V1_ONLY_IF_SELECTABLE;R077_R078_FINAL_COVERAGE	R058	NOT_APPLICABLE			NO_ACTIVE_SKILL
STAGE0:R019:v13-r019-wanming-241-candidate	STAGE0_B_CLAIM	v13-r019-wanming-241-candidate	cangjie/reading/R007/wanming_receipts.jsonl	wanming	n241/p23	PRIVATE_EPUB_CONTEXT_REAUDITED_R058_OR_R059	B_REVIEWED_SCOPED_PROVISIONAL	NOT_RUN	NARROW_REANCHOR	cangjie/reading/R007/wanming_receipts.jsonl	表态是否真实以及款项是否履行仍是悬而未决	R063_R064_V1_ONLY_IF_SELECTABLE;R077_R078_FINAL_COVERAGE	R059	NOT_APPLICABLE			NO_ACTIVE_SKILL
STAGE0:R019:v13-r019-wanming-242-candidate	STAGE0_B_CLAIM	v13-r019-wanming-242-candidate	cangjie/reading/R007/wanming_receipts.jsonl	wanming	n242/p37	EPUB_BOOK_SHA_VALID_ARCHIVE_RECEIPT_B_UNREVIEWED	B_PROVISIONAL_NOT_REAUDITED	NOT_RUN	NO_SEMANTIC_REAUDIT_NO_PASS	cangjie/reading/R007/wanming_receipts.jsonl	OLD_B_PROVISIONAL_UNTIL_SPECIFIC_SOURCE_CHECK	R077_R078_IF_REFERENCED_MUST_REREAD_OR_STAY_REFERENCE	R059	NOT_APPLICABLE			NO_ACTIVE_SKILL
STAGE0:R019:v13-r019-wanming-243-candidate	STAGE0_B_CLAIM	v13-r019-wanming-243-candidate	cangjie/reading/R007/wanming_receipts.jsonl	wanming	n243/p34	EPUB_BOOK_SHA_VALID_ARCHIVE_RECEIPT_B_UNREVIEWED	B_PROVISIONAL_NOT_REAUDITED	NOT_RUN	NO_SEMANTIC_REAUDIT_NO_PASS	cangjie/reading/R007/wanming_receipts.jsonl	OLD_B_PROVISIONAL_UNTIL_SPECIFIC_SOURCE_CHECK	R077_R078_IF_REFERENCED_MUST_REREAD_OR_STAY_REFERENCE	R059	NOT_APPLICABLE			NO_ACTIVE_SKILL
STAGE0:R019:v13-r019-wanming-246-candidate	STAGE0_B_CLAIM	v13-r019-wanming-246-candidate	cangjie/reading/R007/wanming_receipts.jsonl	wanming	n246/p23	EPUB_BOOK_SHA_VALID_ARCHIVE_RECEIPT_B_UNREVIEWED	B_PROVISIONAL_NOT_REAUDITED	NOT_RUN	NO_SEMANTIC_REAUDIT_NO_PASS	cangjie/reading/R007/wanming_receipts.jsonl	OLD_B_PROVISIONAL_UNTIL_SPECIFIC_SOURCE_CHECK	R077_R078_IF_REFERENCED_MUST_REREAD_OR_STAY_REFERENCE	R059	NOT_APPLICABLE			NO_ACTIVE_SKILL
STAGE0:R019:v13-r019-wanming-248-candidate	STAGE0_B_CLAIM	v13-r019-wanming-248-candidate	cangjie/reading/R007/wanming_receipts.jsonl	wanming	n248/p26	EPUB_BOOK_SHA_VALID_ARCHIVE_RECEIPT_B_UNREVIEWED	B_PROVISIONAL_NOT_REAUDITED	NOT_RUN	NO_SEMANTIC_REAUDIT_NO_PASS	cangjie/reading/R007/wanming_receipts.jsonl	OLD_B_PROVISIONAL_UNTIL_SPECIFIC_SOURCE_CHECK	R077_R078_IF_REFERENCED_MUST_REREAD_OR_STAY_REFERENCE	R059	NOT_APPLICABLE			NO_ACTIVE_SKILL
STAGE0:R019:v13-r019-wanming-250-candidate	STAGE0_B_CLAIM	v13-r019-wanming-250-candidate	cangjie/reading/R007/wanming_receipts.jsonl	wanming	n250/p30	EPUB_BOOK_SHA_VALID_ARCHIVE_RECEIPT_B_UNREVIEWED	B_PROVISIONAL_NOT_REAUDITED	NOT_RUN	NO_SEMANTIC_REAUDIT_NO_PASS	cangjie/reading/R007/wanming_receipts.jsonl	OLD_B_PROVISIONAL_UNTIL_SPECIFIC_SOURCE_CHECK	R077_R078_IF_REFERENCED_MUST_REREAD_OR_STAY_REFERENCE	R059	NOT_APPLICABLE			NO_ACTIVE_SKILL
STAGE0:R019:v13-r019-wanming-252-candidate	STAGE0_B_CLAIM	v13-r019-wanming-252-candidate	cangjie/reading/R007/wanming_receipts.jsonl	wanming	n252/p27	EPUB_BOOK_SHA_VALID_ARCHIVE_RECEIPT_B_UNREVIEWED	B_PROVISIONAL_NOT_REAUDITED	NOT_RUN	NO_SEMANTIC_REAUDIT_NO_PASS	cangjie/reading/R007/wanming_receipts.jsonl	OLD_B_PROVISIONAL_UNTIL_SPECIFIC_SOURCE_CHECK	R077_R078_IF_REFERENCED_MUST_REREAD_OR_STAY_REFERENCE	R059	NOT_APPLICABLE			NO_ACTIVE_SKILL
STAGE0:R019:v13-r019-wanming-255-candidate	STAGE0_B_CLAIM	v13-r019-wanming-255-candidate	cangjie/reading/R007/wanming_receipts.jsonl	wanming	n255/p29	EPUB_BOOK_SHA_VALID_ARCHIVE_RECEIPT_B_UNREVIEWED	B_PROVISIONAL_NOT_REAUDITED	NOT_RUN	NO_SEMANTIC_REAUDIT_NO_PASS	cangjie/reading/R007/wanming_receipts.jsonl	OLD_B_PROVISIONAL_UNTIL_SPECIFIC_SOURCE_CHECK	R077_R078_IF_REFERENCED_MUST_REREAD_OR_STAY_REFERENCE	R059	NOT_APPLICABLE			NO_ACTIVE_SKILL
STAGE0:R019:v13-r019-wanming-256-candidate	STAGE0_B_CLAIM	v13-r019-wanming-256-candidate	cangjie/reading/R007/wanming_receipts.jsonl	wanming	n256/p26	EPUB_BOOK_SHA_VALID_ARCHIVE_RECEIPT_B_UNREVIEWED	B_PROVISIONAL_NOT_REAUDITED	NOT_RUN	NO_SEMANTIC_REAUDIT_NO_PASS	cangjie/reading/R007/wanming_receipts.jsonl	OLD_B_PROVISIONAL_UNTIL_SPECIFIC_SOURCE_CHECK	R077_R078_IF_REFERENCED_MUST_REREAD_OR_STAY_REFERENCE	R059	NOT_APPLICABLE			NO_ACTIVE_SKILL
STAGE0:R019:v13-r019-wanming-259-candidate	STAGE0_B_CLAIM	v13-r019-wanming-259-candidate	cangjie/reading/R007/wanming_receipts.jsonl	wanming	n259/p36	PRIVATE_EPUB_CONTEXT_REAUDITED_R058_OR_R059	B_REVIEWED_SCOPED_PROVISIONAL	NOT_RUN	MISALIGNED_RECONSTRUCT	cangjie/reading/R007/wanming_receipts.jsonl	当事人接受命令不等于正式文件各版本都真实一致	R063_R064_V1_ONLY_IF_SELECTABLE;R077_R078_FINAL_COVERAGE	R059	NOT_APPLICABLE			NO_ACTIVE_SKILL
STAGE0:R019:v13-r019-wanming-262-candidate	STAGE0_B_CLAIM	v13-r019-wanming-262-candidate	cangjie/reading/R007/wanming_receipts.jsonl	wanming	n262/p26	EPUB_BOOK_SHA_VALID_ARCHIVE_RECEIPT_B_UNREVIEWED	B_PROVISIONAL_NOT_REAUDITED	NOT_RUN	NO_SEMANTIC_REAUDIT_NO_PASS	cangjie/reading/R007/wanming_receipts.jsonl	OLD_B_PROVISIONAL_UNTIL_SPECIFIC_SOURCE_CHECK	R077_R078_IF_REFERENCED_MUST_REREAD_OR_STAY_REFERENCE	R059	NOT_APPLICABLE			NO_ACTIVE_SKILL
STAGE0:R019:v13-r019-wanming-263-candidate	STAGE0_B_CLAIM	v13-r019-wanming-263-candidate	cangjie/reading/R007/wanming_receipts.jsonl	wanming	n263/p32	EPUB_BOOK_SHA_VALID_ARCHIVE_RECEIPT_B_UNREVIEWED	B_PROVISIONAL_NOT_REAUDITED	NOT_RUN	NO_SEMANTIC_REAUDIT_NO_PASS	cangjie/reading/R007/wanming_receipts.jsonl	OLD_B_PROVISIONAL_UNTIL_SPECIFIC_SOURCE_CHECK	R077_R078_IF_REFERENCED_MUST_REREAD_OR_STAY_REFERENCE	R059	NOT_APPLICABLE			NO_ACTIVE_SKILL
STAGE0:R019:v13-r019-wanming-265-candidate	STAGE0_B_CLAIM	v13-r019-wanming-265-candidate	cangjie/reading/R007/wanming_receipts.jsonl	wanming	n265/p28	PRIVATE_EPUB_CONTEXT_REAUDITED_R058_OR_R059	OLD_R042_CLAIM_OPEN_QUARANTINED	NOT_RUN	OLD_OVERCLAIM_NOT_REUSABLE	cangjie/reading/R007/wanming_receipts.jsonl;v2/legacy/WANMING_7_DECISIONS.tsv	县官服从不代表失语权利人的自由同意；一方受益不等于权属已查或程序合法	R063_R064_V1_ONLY_IF_SELECTABLE;R077_R078_FINAL_COVERAGE	R059	NO_DIRECT_PROMOTION_RECONSTRUCT_FROM_SOURCE	R060-WM-265-INSTITUTIONAL-SPEECH		NO_ACTIVE_SKILL
STAGE0:R019:v13-r019-wanming-268-candidate	STAGE0_B_CLAIM	v13-r019-wanming-268-candidate	cangjie/reading/R007/wanming_receipts.jsonl	wanming	n268/p28	PRIVATE_EPUB_CONTEXT_REAUDITED_R058_OR_R059	B_REVIEWED_SCOPED_PROVISIONAL	NOT_RUN	EXPANDED_SUPPORT_SCOPE_LIMIT	cangjie/reading/R007/wanming_receipts.jsonl	尚未完整验证跨章兑现，保持B暂定	R063_R064_V1_ONLY_IF_SELECTABLE;R077_R078_FINAL_COVERAGE	R059	NOT_APPLICABLE			NO_ACTIVE_SKILL
STAGE0:R019:v13-r019-wanming-270-candidate	STAGE0_B_CLAIM	v13-r019-wanming-270-candidate	cangjie/reading/R007/wanming_receipts.jsonl	wanming	n270/p28	EPUB_BOOK_SHA_VALID_ARCHIVE_RECEIPT_B_UNREVIEWED	B_PROVISIONAL_NOT_REAUDITED	NOT_RUN	NO_SEMANTIC_REAUDIT_NO_PASS	cangjie/reading/R007/wanming_receipts.jsonl	OLD_B_PROVISIONAL_UNTIL_SPECIFIC_SOURCE_CHECK	R077_R078_IF_REFERENCED_MUST_REREAD_OR_STAY_REFERENCE	R059	NOT_APPLICABLE			NO_ACTIVE_SKILL
STAGE0:R019:v13-r019-wanming-272-candidate	STAGE0_B_CLAIM	v13-r019-wanming-272-candidate	cangjie/reading/R007/wanming_receipts.jsonl	wanming	n272/p35	EPUB_BOOK_SHA_VALID_ARCHIVE_RECEIPT_B_UNREVIEWED	B_PROVISIONAL_NOT_REAUDITED	NOT_RUN	NO_SEMANTIC_REAUDIT_NO_PASS	cangjie/reading/R007/wanming_receipts.jsonl	OLD_B_PROVISIONAL_UNTIL_SPECIFIC_SOURCE_CHECK	R077_R078_IF_REFERENCED_MUST_REREAD_OR_STAY_REFERENCE	R059	NOT_APPLICABLE			NO_ACTIVE_SKILL
STAGE0:R019:v13-r019-wanming-273-candidate	STAGE0_B_CLAIM	v13-r019-wanming-273-candidate	cangjie/reading/R007/wanming_receipts.jsonl	wanming	n273/p33	EPUB_BOOK_SHA_VALID_ARCHIVE_RECEIPT_B_UNREVIEWED	B_PROVISIONAL_NOT_REAUDITED	NOT_RUN	NO_SEMANTIC_REAUDIT_NO_PASS	cangjie/reading/R007/wanming_receipts.jsonl	OLD_B_PROVISIONAL_UNTIL_SPECIFIC_SOURCE_CHECK	R077_R078_IF_REFERENCED_MUST_REREAD_OR_STAY_REFERENCE	R059	NOT_APPLICABLE			NO_ACTIVE_SKILL
STAGE0:R019:v13-r019-wanming-274-candidate	STAGE0_B_CLAIM	v13-r019-wanming-274-candidate	cangjie/reading/R007/wanming_receipts.jsonl	wanming	n274/p26	EPUB_BOOK_SHA_VALID_ARCHIVE_RECEIPT_B_UNREVIEWED	B_PROVISIONAL_NOT_REAUDITED	NOT_RUN	NO_SEMANTIC_REAUDIT_NO_PASS	cangjie/reading/R007/wanming_receipts.jsonl	OLD_B_PROVISIONAL_UNTIL_SPECIFIC_SOURCE_CHECK	R077_R078_IF_REFERENCED_MUST_REREAD_OR_STAY_REFERENCE	R059	NOT_APPLICABLE			NO_ACTIVE_SKILL
STAGE0:R019:v13-r019-wanming-277-candidate	STAGE0_B_CLAIM	v13-r019-wanming-277-candidate	cangjie/reading/R007/wanming_receipts.jsonl	wanming	n277/p29	EPUB_BOOK_SHA_VALID_ARCHIVE_RECEIPT_B_UNREVIEWED	B_PROVISIONAL_NOT_REAUDITED	NOT_RUN	NO_SEMANTIC_REAUDIT_NO_PASS	cangjie/reading/R007/wanming_receipts.jsonl	OLD_B_PROVISIONAL_UNTIL_SPECIFIC_SOURCE_CHECK	R077_R078_IF_REFERENCED_MUST_REREAD_OR_STAY_REFERENCE	R059	NOT_APPLICABLE			NO_ACTIVE_SKILL
STAGE0:R019:v13-r019-wanming-280-candidate	STAGE0_B_CLAIM	v13-r019-wanming-280-candidate	cangjie/reading/R007/wanming_receipts.jsonl	wanming	n280/p27	PRIVATE_EPUB_CONTEXT_REAUDITED_R058_OR_R059	B_REVIEWED_SCOPED_PROVISIONAL	NOT_RUN	NARROW_NO_PAYOFF	cangjie/reading/R007/wanming_receipts.jsonl	临场选择和以后兑现的代价要分开	R063_R064_V1_ONLY_IF_SELECTABLE;R077_R078_FINAL_COVERAGE	R059	NOT_APPLICABLE			NO_ACTIVE_SKILL
STAGE0:R021:V13-R021-wanming-281-candidate	STAGE0_B_CLAIM	V13-R021-wanming-281-candidate	cangjie/reading/R007/wanming_receipts.jsonl	wanming	n281/p35	PRIVATE_EPUB_CONTEXT_REAUDITED_R058_OR_R059	B_REVIEWED_SCOPED_PROVISIONAL	NOT_RUN	REANCHOR_RESOURCE_BOUNDARY	cangjie/reading/R007/wanming_receipts.jsonl	战后将来的供应/补充需要独立事件兑现	R063_R064_V1_ONLY_IF_SELECTABLE;R077_R078_FINAL_COVERAGE	R059	NOT_APPLICABLE			NO_ACTIVE_SKILL
STAGE0:R021:V13-R021-wanming-282-candidate	STAGE0_B_CLAIM	V13-R021-wanming-282-candidate	cangjie/reading/R007/wanming_receipts.jsonl	wanming	n282/p31	EPUB_BOOK_SHA_VALID_ARCHIVE_RECEIPT_B_UNREVIEWED	B_PROVISIONAL_NOT_REAUDITED	NOT_RUN	NO_SEMANTIC_REAUDIT_NO_PASS	cangjie/reading/R007/wanming_receipts.jsonl	OLD_B_PROVISIONAL_UNTIL_SPECIFIC_SOURCE_CHECK	R077_R078_IF_REFERENCED_MUST_REREAD_OR_STAY_REFERENCE	R059	NOT_APPLICABLE			NO_ACTIVE_SKILL
STAGE0:R021:V13-R021-wanming-283-candidate	STAGE0_B_CLAIM	V13-R021-wanming-283-candidate	cangjie/reading/R007/wanming_receipts.jsonl	wanming	n283/p22	EPUB_BOOK_SHA_VALID_ARCHIVE_RECEIPT_B_UNREVIEWED	B_PROVISIONAL_NOT_REAUDITED	NOT_RUN	NO_SEMANTIC_REAUDIT_NO_PASS	cangjie/reading/R007/wanming_receipts.jsonl	OLD_B_PROVISIONAL_UNTIL_SPECIFIC_SOURCE_CHECK	R077_R078_IF_REFERENCED_MUST_REREAD_OR_STAY_REFERENCE	R059	NOT_APPLICABLE			NO_ACTIVE_SKILL
STAGE0:R021:V13-R021-wanming-285-candidate	STAGE0_B_CLAIM	V13-R021-wanming-285-candidate	cangjie/reading/R007/wanming_receipts.jsonl	wanming	n285/p24	EPUB_BOOK_SHA_VALID_ARCHIVE_RECEIPT_B_UNREVIEWED	B_PROVISIONAL_NOT_REAUDITED	NOT_RUN	NO_SEMANTIC_REAUDIT_NO_PASS	cangjie/reading/R007/wanming_receipts.jsonl	OLD_B_PROVISIONAL_UNTIL_SPECIFIC_SOURCE_CHECK	R077_R078_IF_REFERENCED_MUST_REREAD_OR_STAY_REFERENCE	R059	NOT_APPLICABLE			NO_ACTIVE_SKILL
STAGE0:R021:V13-R021-wanming-288-candidate	STAGE0_B_CLAIM	V13-R021-wanming-288-candidate	cangjie/reading/R007/wanming_receipts.jsonl	wanming	n288/p32	EPUB_BOOK_SHA_VALID_ARCHIVE_RECEIPT_B_UNREVIEWED	B_PROVISIONAL_NOT_REAUDITED	NOT_RUN	NO_SEMANTIC_REAUDIT_NO_PASS	cangjie/reading/R007/wanming_receipts.jsonl	OLD_B_PROVISIONAL_UNTIL_SPECIFIC_SOURCE_CHECK	R077_R078_IF_REFERENCED_MUST_REREAD_OR_STAY_REFERENCE	R059	NOT_APPLICABLE			NO_ACTIVE_SKILL
STAGE0:R021:V13-R021-wanming-291-candidate	STAGE0_B_CLAIM	V13-R021-wanming-291-candidate	cangjie/reading/R007/wanming_receipts.jsonl	wanming	n291/p25	EPUB_BOOK_SHA_VALID_ARCHIVE_RECEIPT_B_UNREVIEWED	B_PROVISIONAL_NOT_REAUDITED	NOT_RUN	NO_SEMANTIC_REAUDIT_NO_PASS	cangjie/reading/R007/wanming_receipts.jsonl	OLD_B_PROVISIONAL_UNTIL_SPECIFIC_SOURCE_CHECK	R077_R078_IF_REFERENCED_MUST_REREAD_OR_STAY_REFERENCE	R059	NOT_APPLICABLE			NO_ACTIVE_SKILL
STAGE0:R021:V13-R021-wanming-293-candidate	STAGE0_B_CLAIM	V13-R021-wanming-293-candidate	cangjie/reading/R007/wanming_receipts.jsonl	wanming	n293/p32	EPUB_BOOK_SHA_VALID_ARCHIVE_RECEIPT_B_UNREVIEWED	B_PROVISIONAL_NOT_REAUDITED	NOT_RUN	NO_SEMANTIC_REAUDIT_NO_PASS	cangjie/reading/R007/wanming_receipts.jsonl	OLD_B_PROVISIONAL_UNTIL_SPECIFIC_SOURCE_CHECK	R077_R078_IF_REFERENCED_MUST_REREAD_OR_STAY_REFERENCE	R059	NOT_APPLICABLE			NO_ACTIVE_SKILL
STAGE0:R021:V13-R021-wanming-295-candidate	STAGE0_B_CLAIM	V13-R021-wanming-295-candidate	cangjie/reading/R007/wanming_receipts.jsonl	wanming	n295/p27	EPUB_BOOK_SHA_VALID_ARCHIVE_RECEIPT_B_UNREVIEWED	B_PROVISIONAL_NOT_REAUDITED	NOT_RUN	NO_SEMANTIC_REAUDIT_NO_PASS	cangjie/reading/R007/wanming_receipts.jsonl	OLD_B_PROVISIONAL_UNTIL_SPECIFIC_SOURCE_CHECK	R077_R078_IF_REFERENCED_MUST_REREAD_OR_STAY_REFERENCE	R059	NOT_APPLICABLE			NO_ACTIVE_SKILL
STAGE0:R021:V13-R021-wanming-297-candidate	STAGE0_B_CLAIM	V13-R021-wanming-297-candidate	cangjie/reading/R007/wanming_receipts.jsonl	wanming	n297/p25	EPUB_BOOK_SHA_VALID_ARCHIVE_RECEIPT_B_UNREVIEWED	B_PROVISIONAL_NOT_REAUDITED	NOT_RUN	NO_SEMANTIC_REAUDIT_NO_PASS	cangjie/reading/R007/wanming_receipts.jsonl	OLD_B_PROVISIONAL_UNTIL_SPECIFIC_SOURCE_CHECK	R077_R078_IF_REFERENCED_MUST_REREAD_OR_STAY_REFERENCE	R059	NOT_APPLICABLE			NO_ACTIVE_SKILL
STAGE0:R021:V13-R021-wanming-299-candidate	STAGE0_B_CLAIM	V13-R021-wanming-299-candidate	cangjie/reading/R007/wanming_receipts.jsonl	wanming	n299/p25	PRIVATE_EPUB_CONTEXT_REAUDITED_R058_OR_R059	B_REVIEWED_SCOPED_PROVISIONAL	NOT_RUN	MISALIGNED_OVERVIEW	cangjie/reading/R007/wanming_receipts.jsonl	街坊尊敬不意味着所有旧友已经献出个人职业自主	R063_R064_V1_ONLY_IF_SELECTABLE;R077_R078_FINAL_COVERAGE	R059	NOT_APPLICABLE			NO_ACTIVE_SKILL
STAGE0:R021:V13-R021-wanming-301-candidate	STAGE0_B_CLAIM	V13-R021-wanming-301-candidate	cangjie/reading/R007/wanming_receipts.jsonl	wanming	n301/p31	EPUB_BOOK_SHA_VALID_ARCHIVE_RECEIPT_B_UNREVIEWED	B_PROVISIONAL_NOT_REAUDITED	NOT_RUN	NO_SEMANTIC_REAUDIT_NO_PASS	cangjie/reading/R007/wanming_receipts.jsonl	OLD_B_PROVISIONAL_UNTIL_SPECIFIC_SOURCE_CHECK	R077_R078_IF_REFERENCED_MUST_REREAD_OR_STAY_REFERENCE	R059	NOT_APPLICABLE			NO_ACTIVE_SKILL
STAGE0:R021:V13-R021-wanming-303-candidate	STAGE0_B_CLAIM	V13-R021-wanming-303-candidate	cangjie/reading/R007/wanming_receipts.jsonl	wanming	n303/p33	EPUB_BOOK_SHA_VALID_ARCHIVE_RECEIPT_B_UNREVIEWED	B_PROVISIONAL_NOT_REAUDITED	NOT_RUN	NO_SEMANTIC_REAUDIT_NO_PASS	cangjie/reading/R007/wanming_receipts.jsonl	OLD_B_PROVISIONAL_UNTIL_SPECIFIC_SOURCE_CHECK	R077_R078_IF_REFERENCED_MUST_REREAD_OR_STAY_REFERENCE	R059	NOT_APPLICABLE			NO_ACTIVE_SKILL
STAGE0:R021:V13-R021-wanming-305-candidate	STAGE0_B_CLAIM	V13-R021-wanming-305-candidate	cangjie/reading/R007/wanming_receipts.jsonl	wanming	n305/p32	PRIVATE_EPUB_CONTEXT_REAUDITED_R058_OR_R059	OLD_R042_CLAIM_OPEN_QUARANTINED	NOT_RUN	OLD_OVERCLAIM_NOT_REUSABLE	cangjie/reading/R007/wanming_receipts.jsonl;v2/legacy/WANMING_7_DECISIONS.tsv	p4只是预计军饷；预算和协议不是钱已到账或部队实际整编；主角保留将来扩编意图	R063_R064_V1_ONLY_IF_SELECTABLE;R077_R078_FINAL_COVERAGE	R059	NO_DIRECT_PROMOTION_RECONSTRUCT_FROM_SOURCE	R060-WM-305-PAPER-BUDGET		NO_ACTIVE_SKILL
STAGE0:R021:V13-R021-wanming-307-candidate	STAGE0_B_CLAIM	V13-R021-wanming-307-candidate	cangjie/reading/R007/wanming_receipts.jsonl	wanming	n307/p26	PRIVATE_EPUB_CONTEXT_REAUDITED_R058_OR_R059	B_REVIEWED_SCOPED_PROVISIONAL	NOT_RUN	EXPANDED_NEEDS_SCOPE	cangjie/reading/R007/wanming_receipts.jsonl	角色提出计划不代表资源执行完成	R063_R064_V1_ONLY_IF_SELECTABLE;R077_R078_FINAL_COVERAGE	R059	NOT_APPLICABLE			NO_ACTIVE_SKILL
STAGE0:R021:V13-R021-wanming-309-candidate	STAGE0_B_CLAIM	V13-R021-wanming-309-candidate	cangjie/reading/R007/wanming_receipts.jsonl	wanming	n309/p19	EPUB_BOOK_SHA_VALID_ARCHIVE_RECEIPT_B_UNREVIEWED	B_PROVISIONAL_NOT_REAUDITED	NOT_RUN	NO_SEMANTIC_REAUDIT_NO_PASS	cangjie/reading/R007/wanming_receipts.jsonl	OLD_B_PROVISIONAL_UNTIL_SPECIFIC_SOURCE_CHECK	R077_R078_IF_REFERENCED_MUST_REREAD_OR_STAY_REFERENCE	R059	NOT_APPLICABLE			NO_ACTIVE_SKILL
STAGE0:R021:V13-R021-wanming-311-candidate	STAGE0_B_CLAIM	V13-R021-wanming-311-candidate	cangjie/reading/R007/wanming_receipts.jsonl	wanming	n311/p41	EPUB_BOOK_SHA_VALID_ARCHIVE_RECEIPT_B_UNREVIEWED	B_PROVISIONAL_NOT_REAUDITED	NOT_RUN	NO_SEMANTIC_REAUDIT_NO_PASS	cangjie/reading/R007/wanming_receipts.jsonl	OLD_B_PROVISIONAL_UNTIL_SPECIFIC_SOURCE_CHECK	R077_R078_IF_REFERENCED_MUST_REREAD_OR_STAY_REFERENCE	R059	NOT_APPLICABLE			NO_ACTIVE_SKILL
STAGE0:R021:V13-R021-wanming-313-candidate	STAGE0_B_CLAIM	V13-R021-wanming-313-candidate	cangjie/reading/R007/wanming_receipts.jsonl	wanming	n313/p22	EPUB_BOOK_SHA_VALID_ARCHIVE_RECEIPT_B_UNREVIEWED	B_PROVISIONAL_NOT_REAUDITED	NOT_RUN	NO_SEMANTIC_REAUDIT_NO_PASS	cangjie/reading/R007/wanming_receipts.jsonl	OLD_B_PROVISIONAL_UNTIL_SPECIFIC_SOURCE_CHECK	R077_R078_IF_REFERENCED_MUST_REREAD_OR_STAY_REFERENCE	R059	NOT_APPLICABLE			NO_ACTIVE_SKILL
STAGE0:R021:V13-R021-wanming-316-candidate	STAGE0_B_CLAIM	V13-R021-wanming-316-candidate	cangjie/reading/R007/wanming_receipts.jsonl	wanming	n316/p16	EPUB_BOOK_SHA_VALID_ARCHIVE_RECEIPT_B_UNREVIEWED	B_PROVISIONAL_NOT_REAUDITED	NOT_RUN	NO_SEMANTIC_REAUDIT_NO_PASS	cangjie/reading/R007/wanming_receipts.jsonl	OLD_B_PROVISIONAL_UNTIL_SPECIFIC_SOURCE_CHECK	R077_R078_IF_REFERENCED_MUST_REREAD_OR_STAY_REFERENCE	R059	NOT_APPLICABLE			NO_ACTIVE_SKILL
STAGE0:R021:V13-R021-wanming-318-candidate	STAGE0_B_CLAIM	V13-R021-wanming-318-candidate	cangjie/reading/R007/wanming_receipts.jsonl	wanming	n318/p29	EPUB_BOOK_SHA_VALID_ARCHIVE_RECEIPT_B_UNREVIEWED	B_PROVISIONAL_NOT_REAUDITED	NOT_RUN	NO_SEMANTIC_REAUDIT_NO_PASS	cangjie/reading/R007/wanming_receipts.jsonl	OLD_B_PROVISIONAL_UNTIL_SPECIFIC_SOURCE_CHECK	R077_R078_IF_REFERENCED_MUST_REREAD_OR_STAY_REFERENCE	R059	NOT_APPLICABLE			NO_ACTIVE_SKILL
STAGE0:R021:V13-R021-wanming-320-candidate	STAGE0_B_CLAIM	V13-R021-wanming-320-candidate	cangjie/reading/R007/wanming_receipts.jsonl	wanming	n320/p40	PRIVATE_EPUB_CONTEXT_REAUDITED_R058_OR_R059	B_REVIEWED_SCOPED_PROVISIONAL	NOT_RUN	NARROW_POV_SUPPORTED	cangjie/reading/R007/wanming_receipts.jsonl	对方决策正确性与作者是否全知两者不可混同	R063_R064_V1_ONLY_IF_SELECTABLE;R077_R078_FINAL_COVERAGE	R059	NOT_APPLICABLE			NO_ACTIVE_SKILL
STAGE0:R023:v13-r023-wanming-321-candidate	STAGE0_B_CLAIM	v13-r023-wanming-321-candidate	cangjie/reading/R007/wanming_receipts.jsonl	wanming	n321/p32	PRIVATE_EPUB_CONTEXT_REAUDITED_R058_OR_R059	B_REVIEWED_SCOPED_PROVISIONAL	NOT_RUN	MISALIGNED_REANCHOR	cangjie/reading/R007/wanming_receipts.jsonl	同一现场两类职务立场不必然意味着两人获得不同真实消息	R063_R064_V1_ONLY_IF_SELECTABLE;R077_R078_FINAL_COVERAGE	R059	NOT_APPLICABLE			NO_ACTIVE_SKILL
STAGE0:R023:v13-r023-wanming-322-candidate	STAGE0_B_CLAIM	v13-r023-wanming-322-candidate	cangjie/reading/R007/wanming_receipts.jsonl	wanming	n322/p26	EPUB_BOOK_SHA_VALID_ARCHIVE_RECEIPT_B_UNREVIEWED	B_PROVISIONAL_NOT_REAUDITED	NOT_RUN	NO_SEMANTIC_REAUDIT_NO_PASS	cangjie/reading/R007/wanming_receipts.jsonl	OLD_B_PROVISIONAL_UNTIL_SPECIFIC_SOURCE_CHECK	R077_R078_IF_REFERENCED_MUST_REREAD_OR_STAY_REFERENCE	R059	NOT_APPLICABLE			NO_ACTIVE_SKILL
STAGE0:R023:v13-r023-wanming-323-candidate	STAGE0_B_CLAIM	v13-r023-wanming-323-candidate	cangjie/reading/R007/wanming_receipts.jsonl	wanming	n323/p22	EPUB_BOOK_SHA_VALID_ARCHIVE_RECEIPT_B_UNREVIEWED	B_PROVISIONAL_NOT_REAUDITED	NOT_RUN	NO_SEMANTIC_REAUDIT_NO_PASS	cangjie/reading/R007/wanming_receipts.jsonl	OLD_B_PROVISIONAL_UNTIL_SPECIFIC_SOURCE_CHECK	R077_R078_IF_REFERENCED_MUST_REREAD_OR_STAY_REFERENCE	R059	NOT_APPLICABLE			NO_ACTIVE_SKILL
STAGE0:R023:v13-r023-wanming-325-candidate	STAGE0_B_CLAIM	v13-r023-wanming-325-candidate	cangjie/reading/R007/wanming_receipts.jsonl	wanming	n325/p27	EPUB_BOOK_SHA_VALID_ARCHIVE_RECEIPT_B_UNREVIEWED	B_PROVISIONAL_NOT_REAUDITED	NOT_RUN	NO_SEMANTIC_REAUDIT_NO_PASS	cangjie/reading/R007/wanming_receipts.jsonl	OLD_B_PROVISIONAL_UNTIL_SPECIFIC_SOURCE_CHECK	R077_R078_IF_REFERENCED_MUST_REREAD_OR_STAY_REFERENCE	R059	NOT_APPLICABLE			NO_ACTIVE_SKILL
STAGE0:R023:v13-r023-wanming-329-candidate	STAGE0_B_CLAIM	v13-r023-wanming-329-candidate	cangjie/reading/R007/wanming_receipts.jsonl	wanming	n329/p30	EPUB_BOOK_SHA_VALID_ARCHIVE_RECEIPT_B_UNREVIEWED	B_PROVISIONAL_NOT_REAUDITED	NOT_RUN	NO_SEMANTIC_REAUDIT_NO_PASS	cangjie/reading/R007/wanming_receipts.jsonl	OLD_B_PROVISIONAL_UNTIL_SPECIFIC_SOURCE_CHECK	R077_R078_IF_REFERENCED_MUST_REREAD_OR_STAY_REFERENCE	R059	NOT_APPLICABLE			NO_ACTIVE_SKILL
STAGE0:R023:v13-r023-wanming-331-candidate	STAGE0_B_CLAIM	v13-r023-wanming-331-candidate	cangjie/reading/R007/wanming_receipts.jsonl	wanming	n331/p26	EPUB_BOOK_SHA_VALID_ARCHIVE_RECEIPT_B_UNREVIEWED	B_PROVISIONAL_NOT_REAUDITED	NOT_RUN	NO_SEMANTIC_REAUDIT_NO_PASS	cangjie/reading/R007/wanming_receipts.jsonl	OLD_B_PROVISIONAL_UNTIL_SPECIFIC_SOURCE_CHECK	R077_R078_IF_REFERENCED_MUST_REREAD_OR_STAY_REFERENCE	R059	NOT_APPLICABLE			NO_ACTIVE_SKILL
STAGE0:R023:v13-r023-wanming-333-candidate	STAGE0_B_CLAIM	v13-r023-wanming-333-candidate	cangjie/reading/R007/wanming_receipts.jsonl	wanming	n333/p28	EPUB_BOOK_SHA_VALID_ARCHIVE_RECEIPT_B_UNREVIEWED	B_PROVISIONAL_NOT_REAUDITED	NOT_RUN	NO_SEMANTIC_REAUDIT_NO_PASS	cangjie/reading/R007/wanming_receipts.jsonl	OLD_B_PROVISIONAL_UNTIL_SPECIFIC_SOURCE_CHECK	R077_R078_IF_REFERENCED_MUST_REREAD_OR_STAY_REFERENCE	R059	NOT_APPLICABLE			NO_ACTIVE_SKILL
STAGE0:R023:v13-r023-wanming-334-candidate	STAGE0_B_CLAIM	v13-r023-wanming-334-candidate	cangjie/reading/R007/wanming_receipts.jsonl	wanming	n334/p27	EPUB_BOOK_SHA_VALID_ARCHIVE_RECEIPT_B_UNREVIEWED	B_PROVISIONAL_NOT_REAUDITED	NOT_RUN	NO_SEMANTIC_REAUDIT_NO_PASS	cangjie/reading/R007/wanming_receipts.jsonl	OLD_B_PROVISIONAL_UNTIL_SPECIFIC_SOURCE_CHECK	R077_R078_IF_REFERENCED_MUST_REREAD_OR_STAY_REFERENCE	R059	NOT_APPLICABLE			NO_ACTIVE_SKILL
STAGE0:R023:v13-r023-wanming-337-candidate	STAGE0_B_CLAIM	v13-r023-wanming-337-candidate	cangjie/reading/R007/wanming_receipts.jsonl	wanming	n337/p25	EPUB_BOOK_SHA_VALID_ARCHIVE_RECEIPT_B_UNREVIEWED	B_PROVISIONAL_NOT_REAUDITED	NOT_RUN	NO_SEMANTIC_REAUDIT_NO_PASS	cangjie/reading/R007/wanming_receipts.jsonl	OLD_B_PROVISIONAL_UNTIL_SPECIFIC_SOURCE_CHECK	R077_R078_IF_REFERENCED_MUST_REREAD_OR_STAY_REFERENCE	R059	NOT_APPLICABLE			NO_ACTIVE_SKILL
STAGE0:R023:v13-r023-wanming-338-candidate	STAGE0_B_CLAIM	v13-r023-wanming-338-candidate	cangjie/reading/R007/wanming_receipts.jsonl	wanming	n338/p21	PRIVATE_EPUB_CONTEXT_REAUDITED_R058_OR_R059	B_REVIEWED_SCOPED_PROVISIONAL	NOT_RUN	SUPPORTED_NARROW	cangjie/reading/R007/wanming_receipts.jsonl	单次失败不代表制度永远无法供给	R063_R064_V1_ONLY_IF_SELECTABLE;R077_R078_FINAL_COVERAGE	R059	NOT_APPLICABLE			NO_ACTIVE_SKILL
STAGE0:R023:v13-r023-wanming-339-candidate	STAGE0_B_CLAIM	v13-r023-wanming-339-candidate	cangjie/reading/R007/wanming_receipts.jsonl	wanming	n339/p28	PRIVATE_EPUB_CONTEXT_REAUDITED_R058_OR_R059	OLD_R042_CLAIM_OPEN_QUARANTINED	NOT_RUN	OLD_OVERCLAIM_NOT_REUSABLE	cangjie/reading/R007/wanming_receipts.jsonl;v2/legacy/WANMING_7_DECISIONS.tsv	妹妹本人意愿尚无直接确认；个人帮扶不等于普遍恢复；p36显示支持者自身现金受限	R063_R064_V1_ONLY_IF_SELECTABLE;R077_R078_FINAL_COVERAGE	R059	NO_DIRECT_PROMOTION_RECONSTRUCT_FROM_SOURCE	R060-WM-339-RETURN-INEQUALITY		NO_ACTIVE_SKILL
STAGE0:R023:v13-r023-wanming-340-candidate	STAGE0_B_CLAIM	v13-r023-wanming-340-candidate	cangjie/reading/R007/wanming_receipts.jsonl	wanming	n340/p25	EPUB_BOOK_SHA_VALID_ARCHIVE_RECEIPT_B_UNREVIEWED	B_PROVISIONAL_NOT_REAUDITED	NOT_RUN	NO_SEMANTIC_REAUDIT_NO_PASS	cangjie/reading/R007/wanming_receipts.jsonl	OLD_B_PROVISIONAL_UNTIL_SPECIFIC_SOURCE_CHECK	R077_R078_IF_REFERENCED_MUST_REREAD_OR_STAY_REFERENCE	R059	NOT_APPLICABLE			NO_ACTIVE_SKILL
STAGE0:R023:v13-r023-wanming-341-candidate	STAGE0_B_CLAIM	v13-r023-wanming-341-candidate	cangjie/reading/R007/wanming_receipts.jsonl	wanming	n341/p26	EPUB_BOOK_SHA_VALID_ARCHIVE_RECEIPT_B_UNREVIEWED	B_PROVISIONAL_NOT_REAUDITED	NOT_RUN	NO_SEMANTIC_REAUDIT_NO_PASS	cangjie/reading/R007/wanming_receipts.jsonl	OLD_B_PROVISIONAL_UNTIL_SPECIFIC_SOURCE_CHECK	R077_R078_IF_REFERENCED_MUST_REREAD_OR_STAY_REFERENCE	R059	NOT_APPLICABLE			NO_ACTIVE_SKILL
STAGE0:R023:v13-r023-wanming-343-candidate	STAGE0_B_CLAIM	v13-r023-wanming-343-candidate	cangjie/reading/R007/wanming_receipts.jsonl	wanming	n343/p35	PRIVATE_EPUB_CONTEXT_REAUDITED_R058_OR_R059	B_REVIEWED_SCOPED_PROVISIONAL	NOT_RUN	EXPANDED_KEEP_PROVISIONAL	cangjie/reading/R007/wanming_receipts.jsonl	后续事实是否推翻当下猜测仍未作全书反证	R063_R064_V1_ONLY_IF_SELECTABLE;R077_R078_FINAL_COVERAGE	R059	NOT_APPLICABLE			NO_ACTIVE_SKILL
STAGE0:R023:v13-r023-wanming-344-candidate	STAGE0_B_CLAIM	v13-r023-wanming-344-candidate	cangjie/reading/R007/wanming_receipts.jsonl	wanming	n344/p24	EPUB_BOOK_SHA_VALID_ARCHIVE_RECEIPT_B_UNREVIEWED	B_PROVISIONAL_NOT_REAUDITED	NOT_RUN	NO_SEMANTIC_REAUDIT_NO_PASS	cangjie/reading/R007/wanming_receipts.jsonl	OLD_B_PROVISIONAL_UNTIL_SPECIFIC_SOURCE_CHECK	R077_R078_IF_REFERENCED_MUST_REREAD_OR_STAY_REFERENCE	R059	NOT_APPLICABLE			NO_ACTIVE_SKILL
STAGE0:R023:v13-r023-wanming-346-candidate	STAGE0_B_CLAIM	v13-r023-wanming-346-candidate	cangjie/reading/R007/wanming_receipts.jsonl	wanming	n346/p24	EPUB_BOOK_SHA_VALID_ARCHIVE_RECEIPT_B_UNREVIEWED	B_PROVISIONAL_NOT_REAUDITED	NOT_RUN	NO_SEMANTIC_REAUDIT_NO_PASS	cangjie/reading/R007/wanming_receipts.jsonl	OLD_B_PROVISIONAL_UNTIL_SPECIFIC_SOURCE_CHECK	R077_R078_IF_REFERENCED_MUST_REREAD_OR_STAY_REFERENCE	R059	NOT_APPLICABLE			NO_ACTIVE_SKILL
STAGE0:R023:v13-r023-wanming-349-candidate	STAGE0_B_CLAIM	v13-r023-wanming-349-candidate	cangjie/reading/R007/wanming_receipts.jsonl	wanming	n349/p30	EPUB_BOOK_SHA_VALID_ARCHIVE_RECEIPT_B_UNREVIEWED	B_PROVISIONAL_NOT_REAUDITED	NOT_RUN	NO_SEMANTIC_REAUDIT_NO_PASS	cangjie/reading/R007/wanming_receipts.jsonl	OLD_B_PROVISIONAL_UNTIL_SPECIFIC_SOURCE_CHECK	R077_R078_IF_REFERENCED_MUST_REREAD_OR_STAY_REFERENCE	R059	NOT_APPLICABLE			NO_ACTIVE_SKILL
STAGE0:R023:v13-r023-wanming-351-candidate	STAGE0_B_CLAIM	v13-r023-wanming-351-candidate	cangjie/reading/R007/wanming_receipts.jsonl	wanming	n351/p28	EPUB_BOOK_SHA_VALID_ARCHIVE_RECEIPT_B_UNREVIEWED	B_PROVISIONAL_NOT_REAUDITED	NOT_RUN	NO_SEMANTIC_REAUDIT_NO_PASS	cangjie/reading/R007/wanming_receipts.jsonl	OLD_B_PROVISIONAL_UNTIL_SPECIFIC_SOURCE_CHECK	R077_R078_IF_REFERENCED_MUST_REREAD_OR_STAY_REFERENCE	R059	NOT_APPLICABLE			NO_ACTIVE_SKILL
STAGE0:R023:v13-r023-wanming-356-candidate	STAGE0_B_CLAIM	v13-r023-wanming-356-candidate	cangjie/reading/R007/wanming_receipts.jsonl	wanming	n356/p30	EPUB_BOOK_SHA_VALID_ARCHIVE_RECEIPT_B_UNREVIEWED	B_PROVISIONAL_NOT_REAUDITED	NOT_RUN	NO_SEMANTIC_REAUDIT_NO_PASS	cangjie/reading/R007/wanming_receipts.jsonl	OLD_B_PROVISIONAL_UNTIL_SPECIFIC_SOURCE_CHECK	R077_R078_IF_REFERENCED_MUST_REREAD_OR_STAY_REFERENCE	R059	NOT_APPLICABLE			NO_ACTIVE_SKILL
STAGE0:R023:v13-r023-wanming-360-candidate	STAGE0_B_CLAIM	v13-r023-wanming-360-candidate	cangjie/reading/R007/wanming_receipts.jsonl	wanming	n360/p30	PRIVATE_EPUB_CONTEXT_REAUDITED_R058_OR_R059	B_REVIEWED_SCOPED_PROVISIONAL	NOT_RUN	NARROW_REANCHOR	cangjie/reading/R007/wanming_receipts.jsonl	不得只用末句悬念推断宏观历史结果	R063_R064_V1_ONLY_IF_SELECTABLE;R077_R078_FINAL_COVERAGE	R059	NOT_APPLICABLE			NO_ACTIVE_SKILL
STAGE0:R008:tx-r008-001	STAGE0_B_CLAIM	tx-r008-001	cangjie/reading/R007/wanming_receipts.jsonl	tiexuecanming	n1/p1	PRIVATE_EPUB_CONTEXT_REAUDITED_R058_OR_R059	B_REVIEWED_SCOPED_PROVISIONAL	NOT_RUN	REBASE_NARROW	cangjie/reading/R007/wanming_receipts.jsonl	围观者不是一致道德声音，身份可见也不等于人心认可	R063_R064_V1_ONLY_IF_SELECTABLE;R077_R078_FINAL_COVERAGE	R058	NOT_APPLICABLE			NO_ACTIVE_SKILL
STAGE0:R008:tx-r008-020	STAGE0_B_CLAIM	tx-r008-020	cangjie/reading/R007/wanming_receipts.jsonl	wanming	n20/p1	EPUB_BOOK_SHA_VALID_ARCHIVE_RECEIPT_B_UNREVIEWED	B_PROVISIONAL_NOT_REAUDITED	NOT_RUN	NO_SEMANTIC_REAUDIT_NO_PASS	cangjie/reading/R007/wanming_receipts.jsonl	OLD_B_PROVISIONAL_UNTIL_SPECIFIC_SOURCE_CHECK	R077_R078_IF_REFERENCED_MUST_REREAD_OR_STAY_REFERENCE	R058	NOT_APPLICABLE			NO_ACTIVE_SKILL
STAGE0:R008:tx-r008-029	STAGE0_B_CLAIM	tx-r008-029	cangjie/reading/R007/wanming_receipts.jsonl	wanming	n29/p1	EPUB_BOOK_SHA_VALID_ARCHIVE_RECEIPT_B_UNREVIEWED	B_PROVISIONAL_NOT_REAUDITED	NOT_RUN	NO_SEMANTIC_REAUDIT_NO_PASS	cangjie/reading/R007/wanming_receipts.jsonl	OLD_B_PROVISIONAL_UNTIL_SPECIFIC_SOURCE_CHECK	R077_R078_IF_REFERENCED_MUST_REREAD_OR_STAY_REFERENCE	R058	NOT_APPLICABLE			NO_ACTIVE_SKILL
STAGE0:R008:tx-r008-031	STAGE0_B_CLAIM	tx-r008-031	cangjie/reading/R007/wanming_receipts.jsonl	wanming	n31/p1	EPUB_BOOK_SHA_VALID_ARCHIVE_RECEIPT_B_UNREVIEWED	B_PROVISIONAL_NOT_REAUDITED	NOT_RUN	NO_SEMANTIC_REAUDIT_NO_PASS	cangjie/reading/R007/wanming_receipts.jsonl	OLD_B_PROVISIONAL_UNTIL_SPECIFIC_SOURCE_CHECK	R077_R078_IF_REFERENCED_MUST_REREAD_OR_STAY_REFERENCE	R058	NOT_APPLICABLE			NO_ACTIVE_SKILL
STAGE0:R008:tx-r008-032	STAGE0_B_CLAIM	tx-r008-032	cangjie/reading/R007/wanming_receipts.jsonl	tiexuecanming	n32/p1	PRIVATE_EPUB_CONTEXT_REAUDITED_R058_OR_R059	B_REVIEWED_SCOPED_PROVISIONAL	NOT_RUN	REBASE_LIMITED	cangjie/reading/R007/wanming_receipts.jsonl	账簿、管理者与产权判定均有未解决的程序条件	R063_R064_V1_ONLY_IF_SELECTABLE;R077_R078_FINAL_COVERAGE	R058	NOT_APPLICABLE			NO_ACTIVE_SKILL
STAGE0:R008:tx-r008-033	STAGE0_B_CLAIM	tx-r008-033	cangjie/reading/R007/wanming_receipts.jsonl	tiexuecanming	n33/p1	PRIVATE_EPUB_CONTEXT_REAUDITED_R058_OR_R059	OLD_R042_CLAIM_OPEN_QUARANTINED	NOT_RUN	OLD_OVERCLAIM_NOT_REUSABLE	cangjie/reading/R007/wanming_receipts.jsonl;v2/legacy/TIEXUE_7_DECISIONS.tsv	庞雨p20自认为已猜中对方问题，仍属其估算；p42列出多种不相容的幕后可能；p60对方离场后依旧无法确定由谁授意。取得契据也不能证明幕后官署派遣已发生	R063_R064_V1_ONLY_IF_SELECTABLE;R077_R078_FINAL_COVERAGE	R058	NO_DIRECT_PROMOTION_RECONSTRUCT_FROM_SOURCE	R061-TX-033-CLAIM-VS-ASSUMPTION		NO_ACTIVE_SKILL
STAGE0:R008:tx-r008-035	STAGE0_B_CLAIM	tx-r008-035	cangjie/reading/R007/wanming_receipts.jsonl	tiexuecanming	n35/p1	PRIVATE_EPUB_CONTEXT_REAUDITED_R058_OR_R059	B_REVIEWED_SCOPED_PROVISIONAL	NOT_RUN	EXTRA_SYSTEMIC_REBASE	cangjie/reading/R007/wanming_receipts.jsonl	人物对局势的担忧与真正发生的危险分开	R063_R064_V1_ONLY_IF_SELECTABLE;R077_R078_FINAL_COVERAGE	R058	NOT_APPLICABLE			NO_ACTIVE_SKILL
STAGE0:R008:tx-r008-037	STAGE0_B_CLAIM	tx-r008-037	cangjie/reading/R007/wanming_receipts.jsonl	wanming	n37/p1	EPUB_BOOK_SHA_VALID_ARCHIVE_RECEIPT_B_UNREVIEWED	B_PROVISIONAL_NOT_REAUDITED	NOT_RUN	NO_SEMANTIC_REAUDIT_NO_PASS	cangjie/reading/R007/wanming_receipts.jsonl	OLD_B_PROVISIONAL_UNTIL_SPECIFIC_SOURCE_CHECK	R077_R078_IF_REFERENCED_MUST_REREAD_OR_STAY_REFERENCE	R058	NOT_APPLICABLE			NO_ACTIVE_SKILL
STAGE0:R008:tx-r008-039	STAGE0_B_CLAIM	tx-r008-039	cangjie/reading/R007/wanming_receipts.jsonl	wanming	n39/p1	EPUB_BOOK_SHA_VALID_ARCHIVE_RECEIPT_B_UNREVIEWED	B_PROVISIONAL_NOT_REAUDITED	NOT_RUN	NO_SEMANTIC_REAUDIT_NO_PASS	cangjie/reading/R007/wanming_receipts.jsonl	OLD_B_PROVISIONAL_UNTIL_SPECIFIC_SOURCE_CHECK	R077_R078_IF_REFERENCED_MUST_REREAD_OR_STAY_REFERENCE	R058	NOT_APPLICABLE			NO_ACTIVE_SKILL
STAGE0:R008:tx-r008-040	STAGE0_B_CLAIM	tx-r008-040	cangjie/reading/R007/wanming_receipts.jsonl	tiexuecanming	n40/p1	PRIVATE_EPUB_CONTEXT_REAUDITED_R058_OR_R059	B_REVIEWED_SCOPED_PROVISIONAL	NOT_RUN	REBASE_NARROW	cangjie/reading/R007/wanming_receipts.jsonl	小说官职背景不是可靠外部制度史实	R063_R064_V1_ONLY_IF_SELECTABLE;R077_R078_FINAL_COVERAGE	R058	NOT_APPLICABLE			NO_ACTIVE_SKILL
STAGE0:R010:R010-41-narrative-claim	STAGE0_B_CLAIM	R010-41-narrative-claim	cangjie/reading/R007/wanming_receipts.jsonl	tiexuecanming	n41/p34	PRIVATE_EPUB_CONTEXT_REAUDITED_R058_OR_R059	B_REVIEWED_SCOPED_PROVISIONAL	NOT_RUN	NARROW_SUPPORTED	cangjie/reading/R007/wanming_receipts.jsonl	庶民与地方豪户不因同处一个场景而有共同意愿	R063_R064_V1_ONLY_IF_SELECTABLE;R077_R078_FINAL_COVERAGE	R058	NOT_APPLICABLE			NO_ACTIVE_SKILL
STAGE0:R010:R010-55-narrative-claim	STAGE0_B_CLAIM	R010-55-narrative-claim	cangjie/reading/R007/wanming_receipts.jsonl	wanming	n55/p32	EPUB_BOOK_SHA_VALID_ARCHIVE_RECEIPT_B_UNREVIEWED	B_PROVISIONAL_NOT_REAUDITED	NOT_RUN	NO_SEMANTIC_REAUDIT_NO_PASS	cangjie/reading/R007/wanming_receipts.jsonl	OLD_B_PROVISIONAL_UNTIL_SPECIFIC_SOURCE_CHECK	R077_R078_IF_REFERENCED_MUST_REREAD_OR_STAY_REFERENCE	R058	NOT_APPLICABLE			NO_ACTIVE_SKILL
STAGE0:R010:R010-57-narrative-claim	STAGE0_B_CLAIM	R010-57-narrative-claim	cangjie/reading/R007/wanming_receipts.jsonl	wanming	n57/p31	EPUB_BOOK_SHA_VALID_ARCHIVE_RECEIPT_B_UNREVIEWED	B_PROVISIONAL_NOT_REAUDITED	NOT_RUN	NO_SEMANTIC_REAUDIT_NO_PASS	cangjie/reading/R007/wanming_receipts.jsonl	OLD_B_PROVISIONAL_UNTIL_SPECIFIC_SOURCE_CHECK	R077_R078_IF_REFERENCED_MUST_REREAD_OR_STAY_REFERENCE	R058	NOT_APPLICABLE			NO_ACTIVE_SKILL
STAGE0:R010:R010-60-narrative-claim	STAGE0_B_CLAIM	R010-60-narrative-claim	cangjie/reading/R007/wanming_receipts.jsonl	wanming	n60/p38	EPUB_BOOK_SHA_VALID_ARCHIVE_RECEIPT_B_UNREVIEWED	B_PROVISIONAL_NOT_REAUDITED	NOT_RUN	NO_SEMANTIC_REAUDIT_NO_PASS	cangjie/reading/R007/wanming_receipts.jsonl	OLD_B_PROVISIONAL_UNTIL_SPECIFIC_SOURCE_CHECK	R077_R078_IF_REFERENCED_MUST_REREAD_OR_STAY_REFERENCE	R058	NOT_APPLICABLE			NO_ACTIVE_SKILL
STAGE0:R010:R010-62-narrative-claim	STAGE0_B_CLAIM	R010-62-narrative-claim	cangjie/reading/R007/wanming_receipts.jsonl	tiexuecanming	n62/p33	PRIVATE_EPUB_CONTEXT_REAUDITED_R058_OR_R059	B_REVIEWED_SCOPED_PROVISIONAL	NOT_RUN	NARROW_SUPPORTED	cangjie/reading/R007/wanming_receipts.jsonl	双方互相不能预先知道全部事实，问题未由表态自动解开	R063_R064_V1_ONLY_IF_SELECTABLE;R077_R078_FINAL_COVERAGE	R058	NOT_APPLICABLE			NO_ACTIVE_SKILL
STAGE0:R010:R010-65-narrative-claim	STAGE0_B_CLAIM	R010-65-narrative-claim	cangjie/reading/R007/wanming_receipts.jsonl	wanming	n65/p37	EPUB_BOOK_SHA_VALID_ARCHIVE_RECEIPT_B_UNREVIEWED	B_PROVISIONAL_NOT_REAUDITED	NOT_RUN	NO_SEMANTIC_REAUDIT_NO_PASS	cangjie/reading/R007/wanming_receipts.jsonl	OLD_B_PROVISIONAL_UNTIL_SPECIFIC_SOURCE_CHECK	R077_R078_IF_REFERENCED_MUST_REREAD_OR_STAY_REFERENCE	R058	NOT_APPLICABLE			NO_ACTIVE_SKILL
STAGE0:R010:R010-67-narrative-claim	STAGE0_B_CLAIM	R010-67-narrative-claim	cangjie/reading/R007/wanming_receipts.jsonl	tiexuecanming	n67/p37	PRIVATE_EPUB_CONTEXT_REAUDITED_R058_OR_R059	B_REVIEWED_SCOPED_PROVISIONAL	NOT_RUN	EXTRA_SYSTEMIC_NARROW	cangjie/reading/R007/wanming_receipts.jsonl	作为读者的道德解释可以保留但必须承认局部性	R063_R064_V1_ONLY_IF_SELECTABLE;R077_R078_FINAL_COVERAGE	R058	NOT_APPLICABLE			NO_ACTIVE_SKILL
STAGE0:R010:R010-73-narrative-claim	STAGE0_B_CLAIM	R010-73-narrative-claim	cangjie/reading/R007/wanming_receipts.jsonl	wanming	n73/p27	EPUB_BOOK_SHA_VALID_ARCHIVE_RECEIPT_B_UNREVIEWED	B_PROVISIONAL_NOT_REAUDITED	NOT_RUN	NO_SEMANTIC_REAUDIT_NO_PASS	cangjie/reading/R007/wanming_receipts.jsonl	OLD_B_PROVISIONAL_UNTIL_SPECIFIC_SOURCE_CHECK	R077_R078_IF_REFERENCED_MUST_REREAD_OR_STAY_REFERENCE	R058	NOT_APPLICABLE			NO_ACTIVE_SKILL
STAGE0:R010:R010-79-narrative-claim	STAGE0_B_CLAIM	R010-79-narrative-claim	cangjie/reading/R007/wanming_receipts.jsonl	wanming	n79/p33	EPUB_BOOK_SHA_VALID_ARCHIVE_RECEIPT_B_UNREVIEWED	B_PROVISIONAL_NOT_REAUDITED	NOT_RUN	NO_SEMANTIC_REAUDIT_NO_PASS	cangjie/reading/R007/wanming_receipts.jsonl	OLD_B_PROVISIONAL_UNTIL_SPECIFIC_SOURCE_CHECK	R077_R078_IF_REFERENCED_MUST_REREAD_OR_STAY_REFERENCE	R058	NOT_APPLICABLE			NO_ACTIVE_SKILL
STAGE0:R010:R010-80-narrative-claim	STAGE0_B_CLAIM	R010-80-narrative-claim	cangjie/reading/R007/wanming_receipts.jsonl	tiexuecanming	n80/p49	PRIVATE_EPUB_CONTEXT_REAUDITED_R058_OR_R059	B_REVIEWED_SCOPED_PROVISIONAL	NOT_RUN	REBASE_NARROW	cangjie/reading/R007/wanming_receipts.jsonl	有纪律与有认同仍需独立证据	R063_R064_V1_ONLY_IF_SELECTABLE;R077_R078_FINAL_COVERAGE	R058	NOT_APPLICABLE			NO_ACTIVE_SKILL
STAGE0:R012:tx-r012-81	STAGE0_B_CLAIM	tx-r012-81	cangjie/reading/R007/wanming_receipts.jsonl	tiexuecanming	n81/p30	PRIVATE_EPUB_CONTEXT_REAUDITED_R058_OR_R059	B_REVIEWED_SCOPED_PROVISIONAL	NOT_RUN	NARROW_WITH_HOLE	cangjie/reading/R007/wanming_receipts.jsonl	现场沉默不等于自愿认同	R063_R064_V1_ONLY_IF_SELECTABLE;R077_R078_FINAL_COVERAGE	R058	NOT_APPLICABLE			NO_ACTIVE_SKILL
STAGE0:R012:tx-r012-83	STAGE0_B_CLAIM	tx-r012-83	cangjie/reading/R007/wanming_receipts.jsonl	wanming	n83/p35	EPUB_BOOK_SHA_VALID_ARCHIVE_RECEIPT_B_UNREVIEWED	B_PROVISIONAL_NOT_REAUDITED	NOT_RUN	NO_SEMANTIC_REAUDIT_NO_PASS	cangjie/reading/R007/wanming_receipts.jsonl	OLD_B_PROVISIONAL_UNTIL_SPECIFIC_SOURCE_CHECK	R077_R078_IF_REFERENCED_MUST_REREAD_OR_STAY_REFERENCE	R058	NOT_APPLICABLE			NO_ACTIVE_SKILL
STAGE0:R012:tx-r012-88	STAGE0_B_CLAIM	tx-r012-88	cangjie/reading/R007/wanming_receipts.jsonl	wanming	n88/p27	EPUB_BOOK_SHA_VALID_ARCHIVE_RECEIPT_B_UNREVIEWED	B_PROVISIONAL_NOT_REAUDITED	NOT_RUN	NO_SEMANTIC_REAUDIT_NO_PASS	cangjie/reading/R007/wanming_receipts.jsonl	OLD_B_PROVISIONAL_UNTIL_SPECIFIC_SOURCE_CHECK	R077_R078_IF_REFERENCED_MUST_REREAD_OR_STAY_REFERENCE	R058	NOT_APPLICABLE			NO_ACTIVE_SKILL
STAGE0:R012:tx-r012-91	STAGE0_B_CLAIM	tx-r012-91	cangjie/reading/R007/wanming_receipts.jsonl	wanming	n91/p36	EPUB_BOOK_SHA_VALID_ARCHIVE_RECEIPT_B_UNREVIEWED	B_PROVISIONAL_NOT_REAUDITED	NOT_RUN	NO_SEMANTIC_REAUDIT_NO_PASS	cangjie/reading/R007/wanming_receipts.jsonl	OLD_B_PROVISIONAL_UNTIL_SPECIFIC_SOURCE_CHECK	R077_R078_IF_REFERENCED_MUST_REREAD_OR_STAY_REFERENCE	R058	NOT_APPLICABLE			NO_ACTIVE_SKILL
STAGE0:R012:tx-r012-94	STAGE0_B_CLAIM	tx-r012-94	cangjie/reading/R007/wanming_receipts.jsonl	wanming	n94/p28	EPUB_BOOK_SHA_VALID_ARCHIVE_RECEIPT_B_UNREVIEWED	B_PROVISIONAL_NOT_REAUDITED	NOT_RUN	NO_SEMANTIC_REAUDIT_NO_PASS	cangjie/reading/R007/wanming_receipts.jsonl	OLD_B_PROVISIONAL_UNTIL_SPECIFIC_SOURCE_CHECK	R077_R078_IF_REFERENCED_MUST_REREAD_OR_STAY_REFERENCE	R058	NOT_APPLICABLE			NO_ACTIVE_SKILL
STAGE0:R012:tx-r012-100	STAGE0_B_CLAIM	tx-r012-100	cangjie/reading/R007/wanming_receipts.jsonl	tiexuecanming	n100/p33	PRIVATE_EPUB_CONTEXT_REAUDITED_R058_OR_R059	B_REVIEWED_SCOPED_PROVISIONAL	NOT_RUN	NARROW_SUPPORTED	cangjie/reading/R007/wanming_receipts.jsonl	紧急判断应区分线索假设与依法授权	R063_R064_V1_ONLY_IF_SELECTABLE;R077_R078_FINAL_COVERAGE	R058	NOT_APPLICABLE			NO_ACTIVE_SKILL
STAGE0:R012:tx-r012-103	STAGE0_B_CLAIM	tx-r012-103	cangjie/reading/R007/wanming_receipts.jsonl	wanming	n103/p33	EPUB_BOOK_SHA_VALID_ARCHIVE_RECEIPT_B_UNREVIEWED	B_PROVISIONAL_NOT_REAUDITED	NOT_RUN	NO_SEMANTIC_REAUDIT_NO_PASS	cangjie/reading/R007/wanming_receipts.jsonl	OLD_B_PROVISIONAL_UNTIL_SPECIFIC_SOURCE_CHECK	R077_R078_IF_REFERENCED_MUST_REREAD_OR_STAY_REFERENCE	R058	NOT_APPLICABLE			NO_ACTIVE_SKILL
STAGE0:R012:tx-r012-105	STAGE0_B_CLAIM	tx-r012-105	cangjie/reading/R007/wanming_receipts.jsonl	wanming	n105/p34	EPUB_BOOK_SHA_VALID_ARCHIVE_RECEIPT_B_UNREVIEWED	B_PROVISIONAL_NOT_REAUDITED	NOT_RUN	NO_SEMANTIC_REAUDIT_NO_PASS	cangjie/reading/R007/wanming_receipts.jsonl	OLD_B_PROVISIONAL_UNTIL_SPECIFIC_SOURCE_CHECK	R077_R078_IF_REFERENCED_MUST_REREAD_OR_STAY_REFERENCE	R058	NOT_APPLICABLE			NO_ACTIVE_SKILL
STAGE0:R012:tx-r012-109	STAGE0_B_CLAIM	tx-r012-109	cangjie/reading/R007/wanming_receipts.jsonl	tiexuecanming	n109/p40	PRIVATE_EPUB_CONTEXT_REAUDITED_R058_OR_R059	OLD_R042_CLAIM_OPEN_QUARANTINED	NOT_RUN	OLD_OVERCLAIM_NOT_REUSABLE	cangjie/reading/R007/wanming_receipts.jsonl;v2/legacy/TIEXUE_7_DECISIONS.tsv	何仙崖确实参与了实际防守和带动；p65是带选择性的汇报而非全然无行动；p66不满也非独立可证蒋应得全部功劳；p74带有叙述者的历史比较不可冒充何仙崖当场已知	R063_R064_V1_ONLY_IF_SELECTABLE;R077_R078_FINAL_COVERAGE	R058	NO_DIRECT_PROMOTION_RECONSTRUCT_FROM_SOURCE	R061-TX-109-ACTION-CLAIM-GAP		NO_ACTIVE_SKILL
STAGE0:R012:tx-r012-110	STAGE0_B_CLAIM	tx-r012-110	cangjie/reading/R007/wanming_receipts.jsonl	tiexuecanming	n110/p39	PRIVATE_EPUB_CONTEXT_REAUDITED_R058_OR_R059	B_REVIEWED_SCOPED_PROVISIONAL	NOT_RUN	EXTRA_SYSTEMIC_NARROW	cangjie/reading/R007/wanming_receipts.jsonl	个体处境与官面判断有信息不对称，尚无全知解答	R063_R064_V1_ONLY_IF_SELECTABLE;R077_R078_FINAL_COVERAGE	R058	NOT_APPLICABLE			NO_ACTIVE_SKILL
STAGE0:R012:tx-r012-116	STAGE0_B_CLAIM	tx-r012-116	cangjie/reading/R007/wanming_receipts.jsonl	wanming	n116/p55	EPUB_BOOK_SHA_VALID_ARCHIVE_RECEIPT_B_UNREVIEWED	B_PROVISIONAL_NOT_REAUDITED	NOT_RUN	NO_SEMANTIC_REAUDIT_NO_PASS	cangjie/reading/R007/wanming_receipts.jsonl	OLD_B_PROVISIONAL_UNTIL_SPECIFIC_SOURCE_CHECK	R077_R078_IF_REFERENCED_MUST_REREAD_OR_STAY_REFERENCE	R058	NOT_APPLICABLE			NO_ACTIVE_SKILL
STAGE0:R012:tx-r012-120	STAGE0_B_CLAIM	tx-r012-120	cangjie/reading/R007/wanming_receipts.jsonl	tiexuecanming	n120/p35	PRIVATE_EPUB_CONTEXT_REAUDITED_R058_OR_R059	B_REVIEWED_SCOPED_PROVISIONAL	NOT_RUN	INVALID_ANCHOR_REBASE	cangjie/reading/R007/wanming_receipts.jsonl	章末疑问是未决线索，不是已有资源安排	R063_R064_V1_ONLY_IF_SELECTABLE;R077_R078_FINAL_COVERAGE	R058	NOT_APPLICABLE			NO_ACTIVE_SKILL
STAGE0:R014:tx-r014-121-candidate	STAGE0_B_CLAIM	tx-r014-121-candidate	cangjie/reading/R007/wanming_receipts.jsonl	tiexuecanming	n121/p27	PRIVATE_EPUB_CONTEXT_REAUDITED_R058_OR_R059	B_REVIEWED_SCOPED_PROVISIONAL	NOT_RUN	REBASE_ETHICAL_BOUNDARY	cangjie/reading/R007/wanming_receipts.jsonl	任何人的长远安全/自主权没有因该场表态即获保证	R063_R064_V1_ONLY_IF_SELECTABLE;R077_R078_FINAL_COVERAGE	R058	NOT_APPLICABLE			NO_ACTIVE_SKILL
STAGE0:R014:tx-r014-122-candidate	STAGE0_B_CLAIM	tx-r014-122-candidate	cangjie/reading/R007/wanming_receipts.jsonl	wanming	n122/p44	EPUB_BOOK_SHA_VALID_ARCHIVE_RECEIPT_B_UNREVIEWED	B_PROVISIONAL_NOT_REAUDITED	NOT_RUN	NO_SEMANTIC_REAUDIT_NO_PASS	cangjie/reading/R007/wanming_receipts.jsonl	OLD_B_PROVISIONAL_UNTIL_SPECIFIC_SOURCE_CHECK	R077_R078_IF_REFERENCED_MUST_REREAD_OR_STAY_REFERENCE	R058	NOT_APPLICABLE			NO_ACTIVE_SKILL
STAGE0:R014:tx-r014-127-candidate	STAGE0_B_CLAIM	tx-r014-127-candidate	cangjie/reading/R007/wanming_receipts.jsonl	wanming	n127/p36	EPUB_BOOK_SHA_VALID_ARCHIVE_RECEIPT_B_UNREVIEWED	B_PROVISIONAL_NOT_REAUDITED	NOT_RUN	NO_SEMANTIC_REAUDIT_NO_PASS	cangjie/reading/R007/wanming_receipts.jsonl	OLD_B_PROVISIONAL_UNTIL_SPECIFIC_SOURCE_CHECK	R077_R078_IF_REFERENCED_MUST_REREAD_OR_STAY_REFERENCE	R058	NOT_APPLICABLE			NO_ACTIVE_SKILL
STAGE0:R014:tx-r014-129-candidate	STAGE0_B_CLAIM	tx-r014-129-candidate	cangjie/reading/R007/wanming_receipts.jsonl	wanming	n129/p52	EPUB_BOOK_SHA_VALID_ARCHIVE_RECEIPT_B_UNREVIEWED	B_PROVISIONAL_NOT_REAUDITED	NOT_RUN	NO_SEMANTIC_REAUDIT_NO_PASS	cangjie/reading/R007/wanming_receipts.jsonl	OLD_B_PROVISIONAL_UNTIL_SPECIFIC_SOURCE_CHECK	R077_R078_IF_REFERENCED_MUST_REREAD_OR_STAY_REFERENCE	R058	NOT_APPLICABLE			NO_ACTIVE_SKILL
STAGE0:R014:tx-r014-130-candidate	STAGE0_B_CLAIM	tx-r014-130-candidate	cangjie/reading/R007/wanming_receipts.jsonl	wanming	n130/p26	EPUB_BOOK_SHA_VALID_ARCHIVE_RECEIPT_B_UNREVIEWED	B_PROVISIONAL_NOT_REAUDITED	NOT_RUN	NO_SEMANTIC_REAUDIT_NO_PASS	cangjie/reading/R007/wanming_receipts.jsonl	OLD_B_PROVISIONAL_UNTIL_SPECIFIC_SOURCE_CHECK	R077_R078_IF_REFERENCED_MUST_REREAD_OR_STAY_REFERENCE	R058	NOT_APPLICABLE			NO_ACTIVE_SKILL
STAGE0:R014:tx-r014-135-candidate	STAGE0_B_CLAIM	tx-r014-135-candidate	cangjie/reading/R007/wanming_receipts.jsonl	wanming	n135/p24	EPUB_BOOK_SHA_VALID_ARCHIVE_RECEIPT_B_UNREVIEWED	B_PROVISIONAL_NOT_REAUDITED	NOT_RUN	NO_SEMANTIC_REAUDIT_NO_PASS	cangjie/reading/R007/wanming_receipts.jsonl	OLD_B_PROVISIONAL_UNTIL_SPECIFIC_SOURCE_CHECK	R077_R078_IF_REFERENCED_MUST_REREAD_OR_STAY_REFERENCE	R058	NOT_APPLICABLE			NO_ACTIVE_SKILL
STAGE0:R014:tx-r014-140-candidate	STAGE0_B_CLAIM	tx-r014-140-candidate	cangjie/reading/R007/wanming_receipts.jsonl	tiexuecanming	n140/p23	PRIVATE_EPUB_CONTEXT_REAUDITED_R058_OR_R059	B_REVIEWED_SCOPED_PROVISIONAL	NOT_RUN	NARROW_WITH_HOLE	cangjie/reading/R007/wanming_receipts.jsonl	官员认可功劳也有自身风险计算，不能当作事实公证	R063_R064_V1_ONLY_IF_SELECTABLE;R077_R078_FINAL_COVERAGE	R058	NOT_APPLICABLE			NO_ACTIVE_SKILL
STAGE0:R014:tx-r014-142-candidate	STAGE0_B_CLAIM	tx-r014-142-candidate	cangjie/reading/R007/wanming_receipts.jsonl	wanming	n142/p32	EPUB_BOOK_SHA_VALID_ARCHIVE_RECEIPT_B_UNREVIEWED	B_PROVISIONAL_NOT_REAUDITED	NOT_RUN	NO_SEMANTIC_REAUDIT_NO_PASS	cangjie/reading/R007/wanming_receipts.jsonl	OLD_B_PROVISIONAL_UNTIL_SPECIFIC_SOURCE_CHECK	R077_R078_IF_REFERENCED_MUST_REREAD_OR_STAY_REFERENCE	R058	NOT_APPLICABLE			NO_ACTIVE_SKILL
STAGE0:R014:tx-r014-148-candidate	STAGE0_B_CLAIM	tx-r014-148-candidate	cangjie/reading/R007/wanming_receipts.jsonl	wanming	n148/p33	EPUB_BOOK_SHA_VALID_ARCHIVE_RECEIPT_B_UNREVIEWED	B_PROVISIONAL_NOT_REAUDITED	NOT_RUN	NO_SEMANTIC_REAUDIT_NO_PASS	cangjie/reading/R007/wanming_receipts.jsonl	OLD_B_PROVISIONAL_UNTIL_SPECIFIC_SOURCE_CHECK	R077_R078_IF_REFERENCED_MUST_REREAD_OR_STAY_REFERENCE	R058	NOT_APPLICABLE			NO_ACTIVE_SKILL
STAGE0:R014:tx-r014-152-candidate	STAGE0_B_CLAIM	tx-r014-152-candidate	cangjie/reading/R007/wanming_receipts.jsonl	tiexuecanming	n152/p25	PRIVATE_EPUB_CONTEXT_REAUDITED_R058_OR_R059	B_REVIEWED_SCOPED_PROVISIONAL	NOT_RUN	EXTRA_SYSTEMIC_NARROW	cangjie/reading/R007/wanming_receipts.jsonl	官员推断求职动机，不等于申请人的全部真实动机	R063_R064_V1_ONLY_IF_SELECTABLE;R077_R078_FINAL_COVERAGE	R058	NOT_APPLICABLE			NO_ACTIVE_SKILL
STAGE0:R014:tx-r014-153-candidate	STAGE0_B_CLAIM	tx-r014-153-candidate	cangjie/reading/R007/wanming_receipts.jsonl	tiexuecanming	n153/p22	PRIVATE_EPUB_CONTEXT_REAUDITED_R058_OR_R059	OLD_R042_CLAIM_OPEN_QUARANTINED	NOT_RUN	OLD_OVERCLAIM_NOT_REUSABLE	cangjie/reading/R007/wanming_receipts.jsonl;v2/legacy/TIEXUE_7_DECISIONS.tsv	紧张并非全靠小虫暗示，原书p4及p23直接交代心理；不能说本章完全拒绝心理旁白；小虫本身不具有可被独证的政治寓言含义	R063_R064_V1_ONLY_IF_SELECTABLE;R077_R078_FINAL_COVERAGE	R058	NO_DIRECT_PROMOTION_RECONSTRUCT_FROM_SOURCE	R061-TX-153-LOW-POV-REPETITION		NO_ACTIVE_SKILL
STAGE0:R014:tx-r014-155-candidate	STAGE0_B_CLAIM	tx-r014-155-candidate	cangjie/reading/R007/wanming_receipts.jsonl	wanming	n155/p40	EPUB_BOOK_SHA_VALID_ARCHIVE_RECEIPT_B_UNREVIEWED	B_PROVISIONAL_NOT_REAUDITED	NOT_RUN	NO_SEMANTIC_REAUDIT_NO_PASS	cangjie/reading/R007/wanming_receipts.jsonl	OLD_B_PROVISIONAL_UNTIL_SPECIFIC_SOURCE_CHECK	R077_R078_IF_REFERENCED_MUST_REREAD_OR_STAY_REFERENCE	R058	NOT_APPLICABLE			NO_ACTIVE_SKILL
STAGE0:R014:tx-r014-157-candidate	STAGE0_B_CLAIM	tx-r014-157-candidate	cangjie/reading/R007/wanming_receipts.jsonl	wanming	n157/p34	EPUB_BOOK_SHA_VALID_ARCHIVE_RECEIPT_B_UNREVIEWED	B_PROVISIONAL_NOT_REAUDITED	NOT_RUN	NO_SEMANTIC_REAUDIT_NO_PASS	cangjie/reading/R007/wanming_receipts.jsonl	OLD_B_PROVISIONAL_UNTIL_SPECIFIC_SOURCE_CHECK	R077_R078_IF_REFERENCED_MUST_REREAD_OR_STAY_REFERENCE	R058	NOT_APPLICABLE			NO_ACTIVE_SKILL
STAGE0:R014:tx-r014-160-candidate	STAGE0_B_CLAIM	tx-r014-160-candidate	cangjie/reading/R007/wanming_receipts.jsonl	tiexuecanming	n160/p26	PRIVATE_EPUB_CONTEXT_REAUDITED_R058_OR_R059	B_REVIEWED_SCOPED_PROVISIONAL	NOT_RUN	REBASE_NARROW	cangjie/reading/R007/wanming_receipts.jsonl	最终光线变化是氛围效果，不等于已揭露真实背叛	R063_R064_V1_ONLY_IF_SELECTABLE;R077_R078_FINAL_COVERAGE	R058	NOT_APPLICABLE			NO_ACTIVE_SKILL
STAGE0:R016:tiexue-R016-161-candidate	STAGE0_B_CLAIM	tiexue-R016-161-candidate	cangjie/reading/R007/wanming_receipts.jsonl	tiexuecanming	n161/p33	PRIVATE_EPUB_CONTEXT_REAUDITED_R058_OR_R059	B_REVIEWED_SCOPED_PROVISIONAL	NOT_RUN	NARROW_PROVISIONAL	cangjie/reading/R007/wanming_receipts.jsonl	个人对家庭安全和就业的判断与军官招募目标不等同	R063_R064_V1_ONLY_IF_SELECTABLE;R077_R078_FINAL_COVERAGE	R059	NOT_APPLICABLE			NO_ACTIVE_SKILL
STAGE0:R016:tiexue-R016-163-candidate	STAGE0_B_CLAIM	tiexue-R016-163-candidate	cangjie/reading/R007/wanming_receipts.jsonl	wanming	n163/p32	EPUB_BOOK_SHA_VALID_ARCHIVE_RECEIPT_B_UNREVIEWED	B_PROVISIONAL_NOT_REAUDITED	NOT_RUN	NO_SEMANTIC_REAUDIT_NO_PASS	cangjie/reading/R007/wanming_receipts.jsonl	OLD_B_PROVISIONAL_UNTIL_SPECIFIC_SOURCE_CHECK	R077_R078_IF_REFERENCED_MUST_REREAD_OR_STAY_REFERENCE	R059	NOT_APPLICABLE			NO_ACTIVE_SKILL
STAGE0:R016:tiexue-R016-165-candidate	STAGE0_B_CLAIM	tiexue-R016-165-candidate	cangjie/reading/R007/wanming_receipts.jsonl	wanming	n165/p41	EPUB_BOOK_SHA_VALID_ARCHIVE_RECEIPT_B_UNREVIEWED	B_PROVISIONAL_NOT_REAUDITED	NOT_RUN	NO_SEMANTIC_REAUDIT_NO_PASS	cangjie/reading/R007/wanming_receipts.jsonl	OLD_B_PROVISIONAL_UNTIL_SPECIFIC_SOURCE_CHECK	R077_R078_IF_REFERENCED_MUST_REREAD_OR_STAY_REFERENCE	R059	NOT_APPLICABLE			NO_ACTIVE_SKILL
STAGE0:R016:tiexue-R016-168-candidate	STAGE0_B_CLAIM	tiexue-R016-168-candidate	cangjie/reading/R007/wanming_receipts.jsonl	wanming	n168/p22	EPUB_BOOK_SHA_VALID_ARCHIVE_RECEIPT_B_UNREVIEWED	B_PROVISIONAL_NOT_REAUDITED	NOT_RUN	NO_SEMANTIC_REAUDIT_NO_PASS	cangjie/reading/R007/wanming_receipts.jsonl	OLD_B_PROVISIONAL_UNTIL_SPECIFIC_SOURCE_CHECK	R077_R078_IF_REFERENCED_MUST_REREAD_OR_STAY_REFERENCE	R059	NOT_APPLICABLE			NO_ACTIVE_SKILL
STAGE0:R016:tiexue-R016-170-candidate	STAGE0_B_CLAIM	tiexue-R016-170-candidate	cangjie/reading/R007/wanming_receipts.jsonl	wanming	n170/p32	EPUB_BOOK_SHA_VALID_ARCHIVE_RECEIPT_B_UNREVIEWED	B_PROVISIONAL_NOT_REAUDITED	NOT_RUN	NO_SEMANTIC_REAUDIT_NO_PASS	cangjie/reading/R007/wanming_receipts.jsonl	OLD_B_PROVISIONAL_UNTIL_SPECIFIC_SOURCE_CHECK	R077_R078_IF_REFERENCED_MUST_REREAD_OR_STAY_REFERENCE	R059	NOT_APPLICABLE			NO_ACTIVE_SKILL
STAGE0:R016:tiexue-R016-173-candidate	STAGE0_B_CLAIM	tiexue-R016-173-candidate	cangjie/reading/R007/wanming_receipts.jsonl	wanming	n173/p29	EPUB_BOOK_SHA_VALID_ARCHIVE_RECEIPT_B_UNREVIEWED	B_PROVISIONAL_NOT_REAUDITED	NOT_RUN	NO_SEMANTIC_REAUDIT_NO_PASS	cangjie/reading/R007/wanming_receipts.jsonl	OLD_B_PROVISIONAL_UNTIL_SPECIFIC_SOURCE_CHECK	R077_R078_IF_REFERENCED_MUST_REREAD_OR_STAY_REFERENCE	R059	NOT_APPLICABLE			NO_ACTIVE_SKILL
STAGE0:R016:tiexue-R016-176-candidate	STAGE0_B_CLAIM	tiexue-R016-176-candidate	cangjie/reading/R007/wanming_receipts.jsonl	wanming	n176/p26	EPUB_BOOK_SHA_VALID_ARCHIVE_RECEIPT_B_UNREVIEWED	B_PROVISIONAL_NOT_REAUDITED	NOT_RUN	NO_SEMANTIC_REAUDIT_NO_PASS	cangjie/reading/R007/wanming_receipts.jsonl	OLD_B_PROVISIONAL_UNTIL_SPECIFIC_SOURCE_CHECK	R077_R078_IF_REFERENCED_MUST_REREAD_OR_STAY_REFERENCE	R059	NOT_APPLICABLE			NO_ACTIVE_SKILL
STAGE0:R016:tiexue-R016-178-candidate	STAGE0_B_CLAIM	tiexue-R016-178-candidate	cangjie/reading/R007/wanming_receipts.jsonl	wanming	n178/p32	EPUB_BOOK_SHA_VALID_ARCHIVE_RECEIPT_B_UNREVIEWED	B_PROVISIONAL_NOT_REAUDITED	NOT_RUN	NO_SEMANTIC_REAUDIT_NO_PASS	cangjie/reading/R007/wanming_receipts.jsonl	OLD_B_PROVISIONAL_UNTIL_SPECIFIC_SOURCE_CHECK	R077_R078_IF_REFERENCED_MUST_REREAD_OR_STAY_REFERENCE	R059	NOT_APPLICABLE			NO_ACTIVE_SKILL
STAGE0:R016:tiexue-R016-180-candidate	STAGE0_B_CLAIM	tiexue-R016-180-candidate	cangjie/reading/R007/wanming_receipts.jsonl	tiexuecanming	n180/p38	PRIVATE_EPUB_CONTEXT_REAUDITED_R058_OR_R059	OLD_R042_CLAIM_OPEN_QUARANTINED	NOT_RUN	OLD_OVERCLAIM_NOT_REUSABLE	cangjie/reading/R007/wanming_receipts.jsonl;v2/legacy/TIEXUE_7_DECISIONS.tsv	p30直接出现对未来不能兑付的担忧；p34只是未来行动意向，未见开户入账或收益领取；p38官员报告不能逆推个人已实际存银；个人服从官职逻辑不等于自由自愿无压力	R063_R064_V1_ONLY_IF_SELECTABLE;R077_R078_FINAL_COVERAGE	R059	NO_DIRECT_PROMOTION_RECONSTRUCT_FROM_SOURCE	R061-TX-180-SAVER-VS-BANK-INCENTIVES		NO_ACTIVE_SKILL
STAGE0:R016:tiexue-R016-182-candidate	STAGE0_B_CLAIM	tiexue-R016-182-candidate	cangjie/reading/R007/wanming_receipts.jsonl	tiexuecanming	n182/p30	PRIVATE_EPUB_CONTEXT_REAUDITED_R058_OR_R059	B_REVIEWED_SCOPED_PROVISIONAL	NOT_RUN	REANCHOR_FOR_MONTAGE	cangjie/reading/R007/wanming_receipts.jsonl	下属的控诉不等于官署最后采信的证据	R063_R064_V1_ONLY_IF_SELECTABLE;R077_R078_FINAL_COVERAGE	R059	NOT_APPLICABLE			NO_ACTIVE_SKILL
STAGE0:R016:tiexue-R016-184-candidate	STAGE0_B_CLAIM	tiexue-R016-184-candidate	cangjie/reading/R007/wanming_receipts.jsonl	wanming	n184/p32	EPUB_BOOK_SHA_VALID_ARCHIVE_RECEIPT_B_UNREVIEWED	B_PROVISIONAL_NOT_REAUDITED	NOT_RUN	NO_SEMANTIC_REAUDIT_NO_PASS	cangjie/reading/R007/wanming_receipts.jsonl	OLD_B_PROVISIONAL_UNTIL_SPECIFIC_SOURCE_CHECK	R077_R078_IF_REFERENCED_MUST_REREAD_OR_STAY_REFERENCE	R059	NOT_APPLICABLE			NO_ACTIVE_SKILL
STAGE0:R016:tiexue-R016-186-candidate	STAGE0_B_CLAIM	tiexue-R016-186-candidate	cangjie/reading/R007/wanming_receipts.jsonl	wanming	n186/p49	EPUB_BOOK_SHA_VALID_ARCHIVE_RECEIPT_B_UNREVIEWED	B_PROVISIONAL_NOT_REAUDITED	NOT_RUN	NO_SEMANTIC_REAUDIT_NO_PASS	cangjie/reading/R007/wanming_receipts.jsonl	OLD_B_PROVISIONAL_UNTIL_SPECIFIC_SOURCE_CHECK	R077_R078_IF_REFERENCED_MUST_REREAD_OR_STAY_REFERENCE	R059	NOT_APPLICABLE			NO_ACTIVE_SKILL
STAGE0:R016:tiexue-R016-188-candidate	STAGE0_B_CLAIM	tiexue-R016-188-candidate	cangjie/reading/R007/wanming_receipts.jsonl	wanming	n188/p24	EPUB_BOOK_SHA_VALID_ARCHIVE_RECEIPT_B_UNREVIEWED	B_PROVISIONAL_NOT_REAUDITED	NOT_RUN	NO_SEMANTIC_REAUDIT_NO_PASS	cangjie/reading/R007/wanming_receipts.jsonl	OLD_B_PROVISIONAL_UNTIL_SPECIFIC_SOURCE_CHECK	R077_R078_IF_REFERENCED_MUST_REREAD_OR_STAY_REFERENCE	R059	NOT_APPLICABLE			NO_ACTIVE_SKILL
STAGE0:R016:tiexue-R016-190-candidate	STAGE0_B_CLAIM	tiexue-R016-190-candidate	cangjie/reading/R007/wanming_receipts.jsonl	tiexuecanming	n190/p37	PRIVATE_EPUB_CONTEXT_REAUDITED_R058_OR_R059	B_REVIEWED_SCOPED_PROVISIONAL	NOT_RUN	SYSTEMIC_EXPANSION_PROVISIONAL	cangjie/reading/R007/wanming_receipts.jsonl	扩样只限定源本章，整书尚有竞争解释	R063_R064_V1_ONLY_IF_SELECTABLE;R077_R078_FINAL_COVERAGE	R059	NOT_APPLICABLE			NO_ACTIVE_SKILL
STAGE0:R016:tiexue-R016-191-candidate	STAGE0_B_CLAIM	tiexue-R016-191-candidate	cangjie/reading/R007/wanming_receipts.jsonl	wanming	n191/p33	EPUB_BOOK_SHA_VALID_ARCHIVE_RECEIPT_B_UNREVIEWED	B_PROVISIONAL_NOT_REAUDITED	NOT_RUN	NO_SEMANTIC_REAUDIT_NO_PASS	cangjie/reading/R007/wanming_receipts.jsonl	OLD_B_PROVISIONAL_UNTIL_SPECIFIC_SOURCE_CHECK	R077_R078_IF_REFERENCED_MUST_REREAD_OR_STAY_REFERENCE	R059	NOT_APPLICABLE			NO_ACTIVE_SKILL
STAGE0:R016:tiexue-R016-193-candidate	STAGE0_B_CLAIM	tiexue-R016-193-candidate	cangjie/reading/R007/wanming_receipts.jsonl	wanming	n193/p20	EPUB_BOOK_SHA_VALID_ARCHIVE_RECEIPT_B_UNREVIEWED	B_PROVISIONAL_NOT_REAUDITED	NOT_RUN	NO_SEMANTIC_REAUDIT_NO_PASS	cangjie/reading/R007/wanming_receipts.jsonl	OLD_B_PROVISIONAL_UNTIL_SPECIFIC_SOURCE_CHECK	R077_R078_IF_REFERENCED_MUST_REREAD_OR_STAY_REFERENCE	R059	NOT_APPLICABLE			NO_ACTIVE_SKILL
STAGE0:R016:tiexue-R016-195-candidate	STAGE0_B_CLAIM	tiexue-R016-195-candidate	cangjie/reading/R007/wanming_receipts.jsonl	wanming	n195/p36	EPUB_BOOK_SHA_VALID_ARCHIVE_RECEIPT_B_UNREVIEWED	B_PROVISIONAL_NOT_REAUDITED	NOT_RUN	NO_SEMANTIC_REAUDIT_NO_PASS	cangjie/reading/R007/wanming_receipts.jsonl	OLD_B_PROVISIONAL_UNTIL_SPECIFIC_SOURCE_CHECK	R077_R078_IF_REFERENCED_MUST_REREAD_OR_STAY_REFERENCE	R059	NOT_APPLICABLE			NO_ACTIVE_SKILL
STAGE0:R016:tiexue-R016-197-candidate	STAGE0_B_CLAIM	tiexue-R016-197-candidate	cangjie/reading/R007/wanming_receipts.jsonl	wanming	n197/p32	EPUB_BOOK_SHA_VALID_ARCHIVE_RECEIPT_B_UNREVIEWED	B_PROVISIONAL_NOT_REAUDITED	NOT_RUN	NO_SEMANTIC_REAUDIT_NO_PASS	cangjie/reading/R007/wanming_receipts.jsonl	OLD_B_PROVISIONAL_UNTIL_SPECIFIC_SOURCE_CHECK	R077_R078_IF_REFERENCED_MUST_REREAD_OR_STAY_REFERENCE	R059	NOT_APPLICABLE			NO_ACTIVE_SKILL
STAGE0:R016:tiexue-R016-199-candidate	STAGE0_B_CLAIM	tiexue-R016-199-candidate	cangjie/reading/R007/wanming_receipts.jsonl	wanming	n199/p31	EPUB_BOOK_SHA_VALID_ARCHIVE_RECEIPT_B_UNREVIEWED	B_PROVISIONAL_NOT_REAUDITED	NOT_RUN	NO_SEMANTIC_REAUDIT_NO_PASS	cangjie/reading/R007/wanming_receipts.jsonl	OLD_B_PROVISIONAL_UNTIL_SPECIFIC_SOURCE_CHECK	R077_R078_IF_REFERENCED_MUST_REREAD_OR_STAY_REFERENCE	R059	NOT_APPLICABLE			NO_ACTIVE_SKILL
STAGE0:R016:tiexue-R016-200-candidate	STAGE0_B_CLAIM	tiexue-R016-200-candidate	cangjie/reading/R007/wanming_receipts.jsonl	tiexuecanming	n200/p31	PRIVATE_EPUB_CONTEXT_REAUDITED_R058_OR_R059	B_REVIEWED_SCOPED_PROVISIONAL	NOT_RUN	NARROW_SUPPORTED	cangjie/reading/R007/wanming_receipts.jsonl	其他角色的私人关系存在并不代表其军事选择合理或可被模仿	R063_R064_V1_ONLY_IF_SELECTABLE;R077_R078_FINAL_COVERAGE	R059	NOT_APPLICABLE			NO_ACTIVE_SKILL
STAGE0:R018:v13-R018-tiexue-201-candidate	STAGE0_B_CLAIM	v13-R018-tiexue-201-candidate	cangjie/reading/R007/wanming_receipts.jsonl	tiexuecanming	n201/p28	PRIVATE_EPUB_CONTEXT_REAUDITED_R058_OR_R059	B_REVIEWED_SCOPED_PROVISIONAL	NOT_RUN	REANCHOR_CONTRAST	cangjie/reading/R007/wanming_receipts.jsonl	个人申诉并非军功或公开制度评价的直接判决	R063_R064_V1_ONLY_IF_SELECTABLE;R077_R078_FINAL_COVERAGE	R059	NOT_APPLICABLE			NO_ACTIVE_SKILL
STAGE0:R018:v13-R018-tiexue-202-candidate	STAGE0_B_CLAIM	v13-R018-tiexue-202-candidate	cangjie/reading/R007/wanming_receipts.jsonl	wanming	n202/p27	EPUB_BOOK_SHA_VALID_ARCHIVE_RECEIPT_B_UNREVIEWED	B_PROVISIONAL_NOT_REAUDITED	NOT_RUN	NO_SEMANTIC_REAUDIT_NO_PASS	cangjie/reading/R007/wanming_receipts.jsonl	OLD_B_PROVISIONAL_UNTIL_SPECIFIC_SOURCE_CHECK	R077_R078_IF_REFERENCED_MUST_REREAD_OR_STAY_REFERENCE	R059	NOT_APPLICABLE			NO_ACTIVE_SKILL
STAGE0:R018:v13-R018-tiexue-205-candidate	STAGE0_B_CLAIM	v13-R018-tiexue-205-candidate	cangjie/reading/R007/wanming_receipts.jsonl	wanming	n205/p29	EPUB_BOOK_SHA_VALID_ARCHIVE_RECEIPT_B_UNREVIEWED	B_PROVISIONAL_NOT_REAUDITED	NOT_RUN	NO_SEMANTIC_REAUDIT_NO_PASS	cangjie/reading/R007/wanming_receipts.jsonl	OLD_B_PROVISIONAL_UNTIL_SPECIFIC_SOURCE_CHECK	R077_R078_IF_REFERENCED_MUST_REREAD_OR_STAY_REFERENCE	R059	NOT_APPLICABLE			NO_ACTIVE_SKILL
STAGE0:R018:v13-R018-tiexue-206-candidate	STAGE0_B_CLAIM	v13-R018-tiexue-206-candidate	cangjie/reading/R007/wanming_receipts.jsonl	wanming	n206/p24	EPUB_BOOK_SHA_VALID_ARCHIVE_RECEIPT_B_UNREVIEWED	B_PROVISIONAL_NOT_REAUDITED	NOT_RUN	NO_SEMANTIC_REAUDIT_NO_PASS	cangjie/reading/R007/wanming_receipts.jsonl	OLD_B_PROVISIONAL_UNTIL_SPECIFIC_SOURCE_CHECK	R077_R078_IF_REFERENCED_MUST_REREAD_OR_STAY_REFERENCE	R059	NOT_APPLICABLE			NO_ACTIVE_SKILL
STAGE0:R018:v13-R018-tiexue-207-candidate	STAGE0_B_CLAIM	v13-R018-tiexue-207-candidate	cangjie/reading/R007/wanming_receipts.jsonl	wanming	n207/p40	EPUB_BOOK_SHA_VALID_ARCHIVE_RECEIPT_B_UNREVIEWED	B_PROVISIONAL_NOT_REAUDITED	NOT_RUN	NO_SEMANTIC_REAUDIT_NO_PASS	cangjie/reading/R007/wanming_receipts.jsonl	OLD_B_PROVISIONAL_UNTIL_SPECIFIC_SOURCE_CHECK	R077_R078_IF_REFERENCED_MUST_REREAD_OR_STAY_REFERENCE	R059	NOT_APPLICABLE			NO_ACTIVE_SKILL
STAGE0:R018:v13-R018-tiexue-210-candidate	STAGE0_B_CLAIM	v13-R018-tiexue-210-candidate	cangjie/reading/R007/wanming_receipts.jsonl	wanming	n210/p47	EPUB_BOOK_SHA_VALID_ARCHIVE_RECEIPT_B_UNREVIEWED	B_PROVISIONAL_NOT_REAUDITED	NOT_RUN	NO_SEMANTIC_REAUDIT_NO_PASS	cangjie/reading/R007/wanming_receipts.jsonl	OLD_B_PROVISIONAL_UNTIL_SPECIFIC_SOURCE_CHECK	R077_R078_IF_REFERENCED_MUST_REREAD_OR_STAY_REFERENCE	R059	NOT_APPLICABLE			NO_ACTIVE_SKILL
STAGE0:R018:v13-R018-tiexue-214-candidate	STAGE0_B_CLAIM	v13-R018-tiexue-214-candidate	cangjie/reading/R007/wanming_receipts.jsonl	wanming	n214/p32	EPUB_BOOK_SHA_VALID_ARCHIVE_RECEIPT_B_UNREVIEWED	B_PROVISIONAL_NOT_REAUDITED	NOT_RUN	NO_SEMANTIC_REAUDIT_NO_PASS	cangjie/reading/R007/wanming_receipts.jsonl	OLD_B_PROVISIONAL_UNTIL_SPECIFIC_SOURCE_CHECK	R077_R078_IF_REFERENCED_MUST_REREAD_OR_STAY_REFERENCE	R059	NOT_APPLICABLE			NO_ACTIVE_SKILL
STAGE0:R018:v13-R018-tiexue-218-candidate	STAGE0_B_CLAIM	v13-R018-tiexue-218-candidate	cangjie/reading/R007/wanming_receipts.jsonl	wanming	n218/p23	EPUB_BOOK_SHA_VALID_ARCHIVE_RECEIPT_B_UNREVIEWED	B_PROVISIONAL_NOT_REAUDITED	NOT_RUN	NO_SEMANTIC_REAUDIT_NO_PASS	cangjie/reading/R007/wanming_receipts.jsonl	OLD_B_PROVISIONAL_UNTIL_SPECIFIC_SOURCE_CHECK	R077_R078_IF_REFERENCED_MUST_REREAD_OR_STAY_REFERENCE	R059	NOT_APPLICABLE			NO_ACTIVE_SKILL
STAGE0:R018:v13-R018-tiexue-220-candidate	STAGE0_B_CLAIM	v13-R018-tiexue-220-candidate	cangjie/reading/R007/wanming_receipts.jsonl	wanming	n220/p44	EPUB_BOOK_SHA_VALID_ARCHIVE_RECEIPT_B_UNREVIEWED	B_PROVISIONAL_NOT_REAUDITED	NOT_RUN	NO_SEMANTIC_REAUDIT_NO_PASS	cangjie/reading/R007/wanming_receipts.jsonl	OLD_B_PROVISIONAL_UNTIL_SPECIFIC_SOURCE_CHECK	R077_R078_IF_REFERENCED_MUST_REREAD_OR_STAY_REFERENCE	R059	NOT_APPLICABLE			NO_ACTIVE_SKILL
STAGE0:R018:v13-R018-tiexue-223-candidate	STAGE0_B_CLAIM	v13-R018-tiexue-223-candidate	cangjie/reading/R007/wanming_receipts.jsonl	tiexuecanming	n223/p41	PRIVATE_EPUB_CONTEXT_REAUDITED_R058_OR_R059	B_REVIEWED_SCOPED_PROVISIONAL	NOT_RUN	NARROW_SUPPORTED	cangjie/reading/R007/wanming_receipts.jsonl	名声感受不自动等于拥有安全退出途径	R063_R064_V1_ONLY_IF_SELECTABLE;R077_R078_FINAL_COVERAGE	R059	NOT_APPLICABLE			NO_ACTIVE_SKILL
STAGE0:R018:v13-R018-tiexue-226-candidate	STAGE0_B_CLAIM	v13-R018-tiexue-226-candidate	cangjie/reading/R007/wanming_receipts.jsonl	tiexuecanming	n226/p36	PRIVATE_EPUB_CONTEXT_REAUDITED_R058_OR_R059	OLD_R042_CLAIM_OPEN_QUARANTINED	NOT_RUN	OLD_OVERCLAIM_NOT_REUSABLE	cangjie/reading/R007/wanming_receipts.jsonl;v2/legacy/TIEXUE_7_DECISIONS.tsv	p35前段行动以求生为主而非救人；p69无人应答不能认定救助成功，亦不代表死亡结局已充分证明；救人动机从行动可以推测但不能替受助者补写结果及自由意志	R063_R064_V1_ONLY_IF_SELECTABLE;R077_R078_FINAL_COVERAGE	R059	NO_DIRECT_PROMOTION_RECONSTRUCT_FROM_SOURCE	R061-TX-226-PARTIAL-MORAL-ACTION		NO_ACTIVE_SKILL
STAGE0:R018:v13-R018-tiexue-227-candidate	STAGE0_B_CLAIM	v13-R018-tiexue-227-candidate	cangjie/reading/R007/wanming_receipts.jsonl	wanming	n227/p50	EPUB_BOOK_SHA_VALID_ARCHIVE_RECEIPT_B_UNREVIEWED	B_PROVISIONAL_NOT_REAUDITED	NOT_RUN	NO_SEMANTIC_REAUDIT_NO_PASS	cangjie/reading/R007/wanming_receipts.jsonl	OLD_B_PROVISIONAL_UNTIL_SPECIFIC_SOURCE_CHECK	R077_R078_IF_REFERENCED_MUST_REREAD_OR_STAY_REFERENCE	R059	NOT_APPLICABLE			NO_ACTIVE_SKILL
STAGE0:R018:v13-R018-tiexue-228-candidate	STAGE0_B_CLAIM	v13-R018-tiexue-228-candidate	cangjie/reading/R007/wanming_receipts.jsonl	wanming	n228/p39	EPUB_BOOK_SHA_VALID_ARCHIVE_RECEIPT_B_UNREVIEWED	B_PROVISIONAL_NOT_REAUDITED	NOT_RUN	NO_SEMANTIC_REAUDIT_NO_PASS	cangjie/reading/R007/wanming_receipts.jsonl	OLD_B_PROVISIONAL_UNTIL_SPECIFIC_SOURCE_CHECK	R077_R078_IF_REFERENCED_MUST_REREAD_OR_STAY_REFERENCE	R059	NOT_APPLICABLE			NO_ACTIVE_SKILL
STAGE0:R018:v13-R018-tiexue-230-candidate	STAGE0_B_CLAIM	v13-R018-tiexue-230-candidate	cangjie/reading/R007/wanming_receipts.jsonl	tiexuecanming	n230/p55	PRIVATE_EPUB_CONTEXT_REAUDITED_R058_OR_R059	B_REVIEWED_SCOPED_PROVISIONAL	NOT_RUN	SYSTEMIC_EXPANSION_UNRESOLVED	cangjie/reading/R007/wanming_receipts.jsonl	未进行跨章完整反向枚举，不能作为已通过V1	R063_R064_V1_ONLY_IF_SELECTABLE;R077_R078_FINAL_COVERAGE	R059	NOT_APPLICABLE			NO_ACTIVE_SKILL
STAGE0:R018:v13-R018-tiexue-231-candidate	STAGE0_B_CLAIM	v13-R018-tiexue-231-candidate	cangjie/reading/R007/wanming_receipts.jsonl	wanming	n231/p41	EPUB_BOOK_SHA_VALID_ARCHIVE_RECEIPT_B_UNREVIEWED	B_PROVISIONAL_NOT_REAUDITED	NOT_RUN	NO_SEMANTIC_REAUDIT_NO_PASS	cangjie/reading/R007/wanming_receipts.jsonl	OLD_B_PROVISIONAL_UNTIL_SPECIFIC_SOURCE_CHECK	R077_R078_IF_REFERENCED_MUST_REREAD_OR_STAY_REFERENCE	R059	NOT_APPLICABLE			NO_ACTIVE_SKILL
STAGE0:R018:v13-R018-tiexue-232-candidate	STAGE0_B_CLAIM	v13-R018-tiexue-232-candidate	cangjie/reading/R007/wanming_receipts.jsonl	wanming	n232/p28	EPUB_BOOK_SHA_VALID_ARCHIVE_RECEIPT_B_UNREVIEWED	B_PROVISIONAL_NOT_REAUDITED	NOT_RUN	NO_SEMANTIC_REAUDIT_NO_PASS	cangjie/reading/R007/wanming_receipts.jsonl	OLD_B_PROVISIONAL_UNTIL_SPECIFIC_SOURCE_CHECK	R077_R078_IF_REFERENCED_MUST_REREAD_OR_STAY_REFERENCE	R059	NOT_APPLICABLE			NO_ACTIVE_SKILL
STAGE0:R018:v13-R018-tiexue-234-candidate	STAGE0_B_CLAIM	v13-R018-tiexue-234-candidate	cangjie/reading/R007/wanming_receipts.jsonl	wanming	n234/p40	EPUB_BOOK_SHA_VALID_ARCHIVE_RECEIPT_B_UNREVIEWED	B_PROVISIONAL_NOT_REAUDITED	NOT_RUN	NO_SEMANTIC_REAUDIT_NO_PASS	cangjie/reading/R007/wanming_receipts.jsonl	OLD_B_PROVISIONAL_UNTIL_SPECIFIC_SOURCE_CHECK	R077_R078_IF_REFERENCED_MUST_REREAD_OR_STAY_REFERENCE	R059	NOT_APPLICABLE			NO_ACTIVE_SKILL
STAGE0:R018:v13-R018-tiexue-237-candidate	STAGE0_B_CLAIM	v13-R018-tiexue-237-candidate	cangjie/reading/R007/wanming_receipts.jsonl	wanming	n237/p32	EPUB_BOOK_SHA_VALID_ARCHIVE_RECEIPT_B_UNREVIEWED	B_PROVISIONAL_NOT_REAUDITED	NOT_RUN	NO_SEMANTIC_REAUDIT_NO_PASS	cangjie/reading/R007/wanming_receipts.jsonl	OLD_B_PROVISIONAL_UNTIL_SPECIFIC_SOURCE_CHECK	R077_R078_IF_REFERENCED_MUST_REREAD_OR_STAY_REFERENCE	R059	NOT_APPLICABLE			NO_ACTIVE_SKILL
STAGE0:R018:v13-R018-tiexue-239-candidate	STAGE0_B_CLAIM	v13-R018-tiexue-239-candidate	cangjie/reading/R007/wanming_receipts.jsonl	wanming	n239/p38	EPUB_BOOK_SHA_VALID_ARCHIVE_RECEIPT_B_UNREVIEWED	B_PROVISIONAL_NOT_REAUDITED	NOT_RUN	NO_SEMANTIC_REAUDIT_NO_PASS	cangjie/reading/R007/wanming_receipts.jsonl	OLD_B_PROVISIONAL_UNTIL_SPECIFIC_SOURCE_CHECK	R077_R078_IF_REFERENCED_MUST_REREAD_OR_STAY_REFERENCE	R059	NOT_APPLICABLE			NO_ACTIVE_SKILL
STAGE0:R018:v13-R018-tiexue-240-candidate	STAGE0_B_CLAIM	v13-R018-tiexue-240-candidate	cangjie/reading/R007/wanming_receipts.jsonl	tiexuecanming	n240/p25	PRIVATE_EPUB_CONTEXT_REAUDITED_R058_OR_R059	B_REVIEWED_SCOPED_PROVISIONAL	NOT_RUN	NARROW_SUPPORTED	cangjie/reading/R007/wanming_receipts.jsonl	敌对方短期退让不意味着长期认同对方胜利解释	R063_R064_V1_ONLY_IF_SELECTABLE;R077_R078_FINAL_COVERAGE	R059	NOT_APPLICABLE			NO_ACTIVE_SKILL
STAGE0:R020:tiexue-R020-241-provisional	STAGE0_B_CLAIM	tiexue-R020-241-provisional	cangjie/reading/R007/wanming_receipts.jsonl	tiexuecanming	n241/p36	PRIVATE_EPUB_CONTEXT_REAUDITED_R058_OR_R059	B_REVIEWED_SCOPED_PROVISIONAL	NOT_RUN	NARROW_REANCHOR	cangjie/reading/R007/wanming_receipts.jsonl	公开公平口号、私下许可和实际分配不能合并	R063_R064_V1_ONLY_IF_SELECTABLE;R077_R078_FINAL_COVERAGE	R059	NOT_APPLICABLE			NO_ACTIVE_SKILL
STAGE0:R020:tiexue-R020-242-provisional	STAGE0_B_CLAIM	tiexue-R020-242-provisional	cangjie/reading/R007/wanming_receipts.jsonl	wanming	n242/p34	EPUB_BOOK_SHA_VALID_ARCHIVE_RECEIPT_B_UNREVIEWED	B_PROVISIONAL_NOT_REAUDITED	NOT_RUN	NO_SEMANTIC_REAUDIT_NO_PASS	cangjie/reading/R007/wanming_receipts.jsonl	OLD_B_PROVISIONAL_UNTIL_SPECIFIC_SOURCE_CHECK	R077_R078_IF_REFERENCED_MUST_REREAD_OR_STAY_REFERENCE	R059	NOT_APPLICABLE			NO_ACTIVE_SKILL
STAGE0:R020:tiexue-R020-243-provisional	STAGE0_B_CLAIM	tiexue-R020-243-provisional	cangjie/reading/R007/wanming_receipts.jsonl	wanming	n243/p36	EPUB_BOOK_SHA_VALID_ARCHIVE_RECEIPT_B_UNREVIEWED	B_PROVISIONAL_NOT_REAUDITED	NOT_RUN	NO_SEMANTIC_REAUDIT_NO_PASS	cangjie/reading/R007/wanming_receipts.jsonl	OLD_B_PROVISIONAL_UNTIL_SPECIFIC_SOURCE_CHECK	R077_R078_IF_REFERENCED_MUST_REREAD_OR_STAY_REFERENCE	R059	NOT_APPLICABLE			NO_ACTIVE_SKILL
STAGE0:R020:tiexue-R020-246-provisional	STAGE0_B_CLAIM	tiexue-R020-246-provisional	cangjie/reading/R007/wanming_receipts.jsonl	wanming	n246/p27	EPUB_BOOK_SHA_VALID_ARCHIVE_RECEIPT_B_UNREVIEWED	B_PROVISIONAL_NOT_REAUDITED	NOT_RUN	NO_SEMANTIC_REAUDIT_NO_PASS	cangjie/reading/R007/wanming_receipts.jsonl	OLD_B_PROVISIONAL_UNTIL_SPECIFIC_SOURCE_CHECK	R077_R078_IF_REFERENCED_MUST_REREAD_OR_STAY_REFERENCE	R059	NOT_APPLICABLE			NO_ACTIVE_SKILL
STAGE0:R020:tiexue-R020-248-provisional	STAGE0_B_CLAIM	tiexue-R020-248-provisional	cangjie/reading/R007/wanming_receipts.jsonl	wanming	n248/p29	EPUB_BOOK_SHA_VALID_ARCHIVE_RECEIPT_B_UNREVIEWED	B_PROVISIONAL_NOT_REAUDITED	NOT_RUN	NO_SEMANTIC_REAUDIT_NO_PASS	cangjie/reading/R007/wanming_receipts.jsonl	OLD_B_PROVISIONAL_UNTIL_SPECIFIC_SOURCE_CHECK	R077_R078_IF_REFERENCED_MUST_REREAD_OR_STAY_REFERENCE	R059	NOT_APPLICABLE			NO_ACTIVE_SKILL
STAGE0:R020:tiexue-R020-250-provisional	STAGE0_B_CLAIM	tiexue-R020-250-provisional	cangjie/reading/R007/wanming_receipts.jsonl	wanming	n250/p30	EPUB_BOOK_SHA_VALID_ARCHIVE_RECEIPT_B_UNREVIEWED	B_PROVISIONAL_NOT_REAUDITED	NOT_RUN	NO_SEMANTIC_REAUDIT_NO_PASS	cangjie/reading/R007/wanming_receipts.jsonl	OLD_B_PROVISIONAL_UNTIL_SPECIFIC_SOURCE_CHECK	R077_R078_IF_REFERENCED_MUST_REREAD_OR_STAY_REFERENCE	R059	NOT_APPLICABLE			NO_ACTIVE_SKILL
STAGE0:R020:tiexue-R020-251-provisional	STAGE0_B_CLAIM	tiexue-R020-251-provisional	cangjie/reading/R007/wanming_receipts.jsonl	wanming	n251/p25	EPUB_BOOK_SHA_VALID_ARCHIVE_RECEIPT_B_UNREVIEWED	B_PROVISIONAL_NOT_REAUDITED	NOT_RUN	NO_SEMANTIC_REAUDIT_NO_PASS	cangjie/reading/R007/wanming_receipts.jsonl	OLD_B_PROVISIONAL_UNTIL_SPECIFIC_SOURCE_CHECK	R077_R078_IF_REFERENCED_MUST_REREAD_OR_STAY_REFERENCE	R059	NOT_APPLICABLE			NO_ACTIVE_SKILL
STAGE0:R020:tiexue-R020-253-provisional	STAGE0_B_CLAIM	tiexue-R020-253-provisional	cangjie/reading/R007/wanming_receipts.jsonl	wanming	n253/p35	EPUB_BOOK_SHA_VALID_ARCHIVE_RECEIPT_B_UNREVIEWED	B_PROVISIONAL_NOT_REAUDITED	NOT_RUN	NO_SEMANTIC_REAUDIT_NO_PASS	cangjie/reading/R007/wanming_receipts.jsonl	OLD_B_PROVISIONAL_UNTIL_SPECIFIC_SOURCE_CHECK	R077_R078_IF_REFERENCED_MUST_REREAD_OR_STAY_REFERENCE	R059	NOT_APPLICABLE			NO_ACTIVE_SKILL
STAGE0:R020:tiexue-R020-254-provisional	STAGE0_B_CLAIM	tiexue-R020-254-provisional	cangjie/reading/R007/wanming_receipts.jsonl	tiexuecanming	n254/p37	PRIVATE_EPUB_CONTEXT_REAUDITED_R058_OR_R059	OLD_R042_CLAIM_OPEN_QUARANTINED	NOT_RUN	OLD_OVERCLAIM_NOT_REUSABLE	cangjie/reading/R007/wanming_receipts.jsonl;v2/legacy/TIEXUE_7_DECISIONS.tsv	漏算燃料不等于整个军队一定无法脱离；p13及p29提出的不同路径仍有未知风险；p36自愿承担任务不证明其成功或完全脱离上下级压力；p65只能证明一部分准备，不可充作最终战果	R063_R064_V1_ONLY_IF_SELECTABLE;R077_R078_FINAL_COVERAGE	R059	NO_DIRECT_PROMOTION_RECONSTRUCT_FROM_SOURCE	R061-TX-254-MATERIAL-SURPRISE		NO_ACTIVE_SKILL
STAGE0:R020:tiexue-R020-255-provisional	STAGE0_B_CLAIM	tiexue-R020-255-provisional	cangjie/reading/R007/wanming_receipts.jsonl	tiexuecanming	n255/p35	PRIVATE_EPUB_CONTEXT_REAUDITED_R058_OR_R059	B_REVIEWED_SCOPED_PROVISIONAL	NOT_RUN	NARROW_SUPPORTED	cangjie/reading/R007/wanming_receipts.jsonl	一次计划行动并未证明后续补给运输全部可行	R063_R064_V1_ONLY_IF_SELECTABLE;R077_R078_FINAL_COVERAGE	R059	NOT_APPLICABLE			NO_ACTIVE_SKILL
STAGE0:R020:tiexue-R020-256-provisional	STAGE0_B_CLAIM	tiexue-R020-256-provisional	cangjie/reading/R007/wanming_receipts.jsonl	wanming	n256/p26	EPUB_BOOK_SHA_VALID_ARCHIVE_RECEIPT_B_UNREVIEWED	B_PROVISIONAL_NOT_REAUDITED	NOT_RUN	NO_SEMANTIC_REAUDIT_NO_PASS	cangjie/reading/R007/wanming_receipts.jsonl	OLD_B_PROVISIONAL_UNTIL_SPECIFIC_SOURCE_CHECK	R077_R078_IF_REFERENCED_MUST_REREAD_OR_STAY_REFERENCE	R059	NOT_APPLICABLE			NO_ACTIVE_SKILL
STAGE0:R020:tiexue-R020-258-provisional	STAGE0_B_CLAIM	tiexue-R020-258-provisional	cangjie/reading/R007/wanming_receipts.jsonl	wanming	n258/p30	EPUB_BOOK_SHA_VALID_ARCHIVE_RECEIPT_B_UNREVIEWED	B_PROVISIONAL_NOT_REAUDITED	NOT_RUN	NO_SEMANTIC_REAUDIT_NO_PASS	cangjie/reading/R007/wanming_receipts.jsonl	OLD_B_PROVISIONAL_UNTIL_SPECIFIC_SOURCE_CHECK	R077_R078_IF_REFERENCED_MUST_REREAD_OR_STAY_REFERENCE	R059	NOT_APPLICABLE			NO_ACTIVE_SKILL
STAGE0:R020:tiexue-R020-261-provisional	STAGE0_B_CLAIM	tiexue-R020-261-provisional	cangjie/reading/R007/wanming_receipts.jsonl	wanming	n261/p28	EPUB_BOOK_SHA_VALID_ARCHIVE_RECEIPT_B_UNREVIEWED	B_PROVISIONAL_NOT_REAUDITED	NOT_RUN	NO_SEMANTIC_REAUDIT_NO_PASS	cangjie/reading/R007/wanming_receipts.jsonl	OLD_B_PROVISIONAL_UNTIL_SPECIFIC_SOURCE_CHECK	R077_R078_IF_REFERENCED_MUST_REREAD_OR_STAY_REFERENCE	R059	NOT_APPLICABLE			NO_ACTIVE_SKILL
STAGE0:R020:tiexue-R020-262-provisional	STAGE0_B_CLAIM	tiexue-R020-262-provisional	cangjie/reading/R007/wanming_receipts.jsonl	tiexuecanming	n262/p33	PRIVATE_EPUB_CONTEXT_REAUDITED_R058_OR_R059	B_REVIEWED_SCOPED_PROVISIONAL	NOT_RUN	SYSTEMIC_EXPANSION_PROVISIONAL	cangjie/reading/R007/wanming_receipts.jsonl	真实应变效果和角色事后自我解释应分别记账	R063_R064_V1_ONLY_IF_SELECTABLE;R077_R078_FINAL_COVERAGE	R059	NOT_APPLICABLE			NO_ACTIVE_SKILL
STAGE0:R020:tiexue-R020-263-provisional	STAGE0_B_CLAIM	tiexue-R020-263-provisional	cangjie/reading/R007/wanming_receipts.jsonl	wanming	n263/p30	EPUB_BOOK_SHA_VALID_ARCHIVE_RECEIPT_B_UNREVIEWED	B_PROVISIONAL_NOT_REAUDITED	NOT_RUN	NO_SEMANTIC_REAUDIT_NO_PASS	cangjie/reading/R007/wanming_receipts.jsonl	OLD_B_PROVISIONAL_UNTIL_SPECIFIC_SOURCE_CHECK	R077_R078_IF_REFERENCED_MUST_REREAD_OR_STAY_REFERENCE	R059	NOT_APPLICABLE			NO_ACTIVE_SKILL
STAGE0:R020:tiexue-R020-266-provisional	STAGE0_B_CLAIM	tiexue-R020-266-provisional	cangjie/reading/R007/wanming_receipts.jsonl	wanming	n266/p32	EPUB_BOOK_SHA_VALID_ARCHIVE_RECEIPT_B_UNREVIEWED	B_PROVISIONAL_NOT_REAUDITED	NOT_RUN	NO_SEMANTIC_REAUDIT_NO_PASS	cangjie/reading/R007/wanming_receipts.jsonl	OLD_B_PROVISIONAL_UNTIL_SPECIFIC_SOURCE_CHECK	R077_R078_IF_REFERENCED_MUST_REREAD_OR_STAY_REFERENCE	R059	NOT_APPLICABLE			NO_ACTIVE_SKILL
STAGE0:R020:tiexue-R020-267-provisional	STAGE0_B_CLAIM	tiexue-R020-267-provisional	cangjie/reading/R007/wanming_receipts.jsonl	wanming	n267/p32	EPUB_BOOK_SHA_VALID_ARCHIVE_RECEIPT_B_UNREVIEWED	B_PROVISIONAL_NOT_REAUDITED	NOT_RUN	NO_SEMANTIC_REAUDIT_NO_PASS	cangjie/reading/R007/wanming_receipts.jsonl	OLD_B_PROVISIONAL_UNTIL_SPECIFIC_SOURCE_CHECK	R077_R078_IF_REFERENCED_MUST_REREAD_OR_STAY_REFERENCE	R059	NOT_APPLICABLE			NO_ACTIVE_SKILL
STAGE0:R020:tiexue-R020-268-provisional	STAGE0_B_CLAIM	tiexue-R020-268-provisional	cangjie/reading/R007/wanming_receipts.jsonl	wanming	n268/p38	EPUB_BOOK_SHA_VALID_ARCHIVE_RECEIPT_B_UNREVIEWED	B_PROVISIONAL_NOT_REAUDITED	NOT_RUN	NO_SEMANTIC_REAUDIT_NO_PASS	cangjie/reading/R007/wanming_receipts.jsonl	OLD_B_PROVISIONAL_UNTIL_SPECIFIC_SOURCE_CHECK	R077_R078_IF_REFERENCED_MUST_REREAD_OR_STAY_REFERENCE	R059	NOT_APPLICABLE			NO_ACTIVE_SKILL
STAGE0:R020:tiexue-R020-272-provisional	STAGE0_B_CLAIM	tiexue-R020-272-provisional	cangjie/reading/R007/wanming_receipts.jsonl	wanming	n272/p37	EPUB_BOOK_SHA_VALID_ARCHIVE_RECEIPT_B_UNREVIEWED	B_PROVISIONAL_NOT_REAUDITED	NOT_RUN	NO_SEMANTIC_REAUDIT_NO_PASS	cangjie/reading/R007/wanming_receipts.jsonl	OLD_B_PROVISIONAL_UNTIL_SPECIFIC_SOURCE_CHECK	R077_R078_IF_REFERENCED_MUST_REREAD_OR_STAY_REFERENCE	R059	NOT_APPLICABLE			NO_ACTIVE_SKILL
STAGE0:R020:tiexue-R020-280-provisional	STAGE0_B_CLAIM	tiexue-R020-280-provisional	cangjie/reading/R007/wanming_receipts.jsonl	tiexuecanming	n280/p29	PRIVATE_EPUB_CONTEXT_REAUDITED_R058_OR_R059	B_REVIEWED_SCOPED_PROVISIONAL	NOT_RUN	NARROW_REANCHOR	cangjie/reading/R007/wanming_receipts.jsonl	密室评论不是党争历史事实的独立证据	R063_R064_V1_ONLY_IF_SELECTABLE;R077_R078_FINAL_COVERAGE	R059	NOT_APPLICABLE			NO_ACTIVE_SKILL
STAGE0:R022:v13-r022-tiexue-281-candidate	STAGE0_B_CLAIM	v13-r022-tiexue-281-candidate	cangjie/reading/R007/wanming_receipts.jsonl	tiexuecanming	n281/p33	PRIVATE_EPUB_CONTEXT_REAUDITED_R058_OR_R059	B_REVIEWED_SCOPED_PROVISIONAL	NOT_RUN	NARROW_SUPPORTED	cangjie/reading/R007/wanming_receipts.jsonl	不能把诙谐人物的损失直接概括为长期性格固定	R063_R064_V1_ONLY_IF_SELECTABLE;R077_R078_FINAL_COVERAGE	R059	NOT_APPLICABLE			NO_ACTIVE_SKILL
STAGE0:R022:v13-r022-tiexue-282-candidate	STAGE0_B_CLAIM	v13-r022-tiexue-282-candidate	cangjie/reading/R007/wanming_receipts.jsonl	wanming	n282/p30	EPUB_BOOK_SHA_VALID_ARCHIVE_RECEIPT_B_UNREVIEWED	B_PROVISIONAL_NOT_REAUDITED	NOT_RUN	NO_SEMANTIC_REAUDIT_NO_PASS	cangjie/reading/R007/wanming_receipts.jsonl	OLD_B_PROVISIONAL_UNTIL_SPECIFIC_SOURCE_CHECK	R077_R078_IF_REFERENCED_MUST_REREAD_OR_STAY_REFERENCE	R059	NOT_APPLICABLE			NO_ACTIVE_SKILL
STAGE0:R022:v13-r022-tiexue-283-candidate	STAGE0_B_CLAIM	v13-r022-tiexue-283-candidate	cangjie/reading/R007/wanming_receipts.jsonl	wanming	n283/p24	EPUB_BOOK_SHA_VALID_ARCHIVE_RECEIPT_B_UNREVIEWED	B_PROVISIONAL_NOT_REAUDITED	NOT_RUN	NO_SEMANTIC_REAUDIT_NO_PASS	cangjie/reading/R007/wanming_receipts.jsonl	OLD_B_PROVISIONAL_UNTIL_SPECIFIC_SOURCE_CHECK	R077_R078_IF_REFERENCED_MUST_REREAD_OR_STAY_REFERENCE	R059	NOT_APPLICABLE			NO_ACTIVE_SKILL
STAGE0:R022:v13-r022-tiexue-285-candidate	STAGE0_B_CLAIM	v13-r022-tiexue-285-candidate	cangjie/reading/R007/wanming_receipts.jsonl	wanming	n285/p27	EPUB_BOOK_SHA_VALID_ARCHIVE_RECEIPT_B_UNREVIEWED	B_PROVISIONAL_NOT_REAUDITED	NOT_RUN	NO_SEMANTIC_REAUDIT_NO_PASS	cangjie/reading/R007/wanming_receipts.jsonl	OLD_B_PROVISIONAL_UNTIL_SPECIFIC_SOURCE_CHECK	R077_R078_IF_REFERENCED_MUST_REREAD_OR_STAY_REFERENCE	R059	NOT_APPLICABLE			NO_ACTIVE_SKILL
STAGE0:R022:v13-r022-tiexue-286-candidate	STAGE0_B_CLAIM	v13-r022-tiexue-286-candidate	cangjie/reading/R007/wanming_receipts.jsonl	tiexuecanming	n286/p27	PRIVATE_EPUB_CONTEXT_REAUDITED_R058_OR_R059	OLD_R042_CLAIM_OPEN_QUARANTINED	NOT_RUN	OLD_OVERCLAIM_NOT_REUSABLE	cangjie/reading/R007/wanming_receipts.jsonl;v2/legacy/TIEXUE_7_DECISIONS.tsv	p27涉及推测与可能性不是确证指使；存款账面余额不能证明全部现金可兑；p35明说挤兑风险；p52带有明显身份差和夸张服从话语不能代表无压力的家庭自主同意	R063_R064_V1_ONLY_IF_SELECTABLE;R077_R078_FINAL_COVERAGE	R059	NO_DIRECT_PROMOTION_RECONSTRUCT_FROM_SOURCE	R061-TX-286-FINANCE-AGENCY-SPLIT		NO_ACTIVE_SKILL
STAGE0:R022:v13-r022-tiexue-289-candidate	STAGE0_B_CLAIM	v13-r022-tiexue-289-candidate	cangjie/reading/R007/wanming_receipts.jsonl	wanming	n289/p23	EPUB_BOOK_SHA_VALID_ARCHIVE_RECEIPT_B_UNREVIEWED	B_PROVISIONAL_NOT_REAUDITED	NOT_RUN	NO_SEMANTIC_REAUDIT_NO_PASS	cangjie/reading/R007/wanming_receipts.jsonl	OLD_B_PROVISIONAL_UNTIL_SPECIFIC_SOURCE_CHECK	R077_R078_IF_REFERENCED_MUST_REREAD_OR_STAY_REFERENCE	R059	NOT_APPLICABLE			NO_ACTIVE_SKILL
STAGE0:R022:v13-r022-tiexue-290-candidate	STAGE0_B_CLAIM	v13-r022-tiexue-290-candidate	cangjie/reading/R007/wanming_receipts.jsonl	wanming	n290/p33	EPUB_BOOK_SHA_VALID_ARCHIVE_RECEIPT_B_UNREVIEWED	B_PROVISIONAL_NOT_REAUDITED	NOT_RUN	NO_SEMANTIC_REAUDIT_NO_PASS	cangjie/reading/R007/wanming_receipts.jsonl	OLD_B_PROVISIONAL_UNTIL_SPECIFIC_SOURCE_CHECK	R077_R078_IF_REFERENCED_MUST_REREAD_OR_STAY_REFERENCE	R059	NOT_APPLICABLE			NO_ACTIVE_SKILL
STAGE0:R022:v13-r022-tiexue-291-candidate	STAGE0_B_CLAIM	v13-r022-tiexue-291-candidate	cangjie/reading/R007/wanming_receipts.jsonl	wanming	n291/p29	EPUB_BOOK_SHA_VALID_ARCHIVE_RECEIPT_B_UNREVIEWED	B_PROVISIONAL_NOT_REAUDITED	NOT_RUN	NO_SEMANTIC_REAUDIT_NO_PASS	cangjie/reading/R007/wanming_receipts.jsonl	OLD_B_PROVISIONAL_UNTIL_SPECIFIC_SOURCE_CHECK	R077_R078_IF_REFERENCED_MUST_REREAD_OR_STAY_REFERENCE	R059	NOT_APPLICABLE			NO_ACTIVE_SKILL
STAGE0:R022:v13-r022-tiexue-293-candidate	STAGE0_B_CLAIM	v13-r022-tiexue-293-candidate	cangjie/reading/R007/wanming_receipts.jsonl	wanming	n293/p30	EPUB_BOOK_SHA_VALID_ARCHIVE_RECEIPT_B_UNREVIEWED	B_PROVISIONAL_NOT_REAUDITED	NOT_RUN	NO_SEMANTIC_REAUDIT_NO_PASS	cangjie/reading/R007/wanming_receipts.jsonl	OLD_B_PROVISIONAL_UNTIL_SPECIFIC_SOURCE_CHECK	R077_R078_IF_REFERENCED_MUST_REREAD_OR_STAY_REFERENCE	R059	NOT_APPLICABLE			NO_ACTIVE_SKILL
STAGE0:R022:v13-r022-tiexue-295-candidate	STAGE0_B_CLAIM	v13-r022-tiexue-295-candidate	cangjie/reading/R007/wanming_receipts.jsonl	tiexuecanming	n295/p22	PRIVATE_EPUB_CONTEXT_REAUDITED_R058_OR_R059	B_REVIEWED_SCOPED_PROVISIONAL	NOT_RUN	NARROW_SUPPORTED	cangjie/reading/R007/wanming_receipts.jsonl	官面默许与各机构合法授权不是同一件事	R063_R064_V1_ONLY_IF_SELECTABLE;R077_R078_FINAL_COVERAGE	R059	NOT_APPLICABLE			NO_ACTIVE_SKILL
STAGE0:R022:v13-r022-tiexue-298-candidate	STAGE0_B_CLAIM	v13-r022-tiexue-298-candidate	cangjie/reading/R007/wanming_receipts.jsonl	wanming	n298/p23	EPUB_BOOK_SHA_VALID_ARCHIVE_RECEIPT_B_UNREVIEWED	B_PROVISIONAL_NOT_REAUDITED	NOT_RUN	NO_SEMANTIC_REAUDIT_NO_PASS	cangjie/reading/R007/wanming_receipts.jsonl	OLD_B_PROVISIONAL_UNTIL_SPECIFIC_SOURCE_CHECK	R077_R078_IF_REFERENCED_MUST_REREAD_OR_STAY_REFERENCE	R059	NOT_APPLICABLE			NO_ACTIVE_SKILL
STAGE0:R022:v13-r022-tiexue-300-candidate	STAGE0_B_CLAIM	v13-r022-tiexue-300-candidate	cangjie/reading/R007/wanming_receipts.jsonl	wanming	n300/p32	EPUB_BOOK_SHA_VALID_ARCHIVE_RECEIPT_B_UNREVIEWED	B_PROVISIONAL_NOT_REAUDITED	NOT_RUN	NO_SEMANTIC_REAUDIT_NO_PASS	cangjie/reading/R007/wanming_receipts.jsonl	OLD_B_PROVISIONAL_UNTIL_SPECIFIC_SOURCE_CHECK	R077_R078_IF_REFERENCED_MUST_REREAD_OR_STAY_REFERENCE	R059	NOT_APPLICABLE			NO_ACTIVE_SKILL
STAGE0:R022:v13-r022-tiexue-301-candidate	STAGE0_B_CLAIM	v13-r022-tiexue-301-candidate	cangjie/reading/R007/wanming_receipts.jsonl	wanming	n301/p34	EPUB_BOOK_SHA_VALID_ARCHIVE_RECEIPT_B_UNREVIEWED	B_PROVISIONAL_NOT_REAUDITED	NOT_RUN	NO_SEMANTIC_REAUDIT_NO_PASS	cangjie/reading/R007/wanming_receipts.jsonl	OLD_B_PROVISIONAL_UNTIL_SPECIFIC_SOURCE_CHECK	R077_R078_IF_REFERENCED_MUST_REREAD_OR_STAY_REFERENCE	R059	NOT_APPLICABLE			NO_ACTIVE_SKILL
STAGE0:R022:v13-r022-tiexue-302-candidate	STAGE0_B_CLAIM	v13-r022-tiexue-302-candidate	cangjie/reading/R007/wanming_receipts.jsonl	tiexuecanming	n302/p31	PRIVATE_EPUB_CONTEXT_REAUDITED_R058_OR_R059	B_REVIEWED_SCOPED_PROVISIONAL	NOT_RUN	SYSTEMIC_EXPANSION_PROVISIONAL	cangjie/reading/R007/wanming_receipts.jsonl	资金数字与真正到期偿付能力须额外证明	R063_R064_V1_ONLY_IF_SELECTABLE;R077_R078_FINAL_COVERAGE	R059	NOT_APPLICABLE			NO_ACTIVE_SKILL
STAGE0:R022:v13-r022-tiexue-303-candidate	STAGE0_B_CLAIM	v13-r022-tiexue-303-candidate	cangjie/reading/R007/wanming_receipts.jsonl	wanming	n303/p32	EPUB_BOOK_SHA_VALID_ARCHIVE_RECEIPT_B_UNREVIEWED	B_PROVISIONAL_NOT_REAUDITED	NOT_RUN	NO_SEMANTIC_REAUDIT_NO_PASS	cangjie/reading/R007/wanming_receipts.jsonl	OLD_B_PROVISIONAL_UNTIL_SPECIFIC_SOURCE_CHECK	R077_R078_IF_REFERENCED_MUST_REREAD_OR_STAY_REFERENCE	R059	NOT_APPLICABLE			NO_ACTIVE_SKILL
STAGE0:R022:v13-r022-tiexue-306-candidate	STAGE0_B_CLAIM	v13-r022-tiexue-306-candidate	cangjie/reading/R007/wanming_receipts.jsonl	wanming	n306/p26	EPUB_BOOK_SHA_VALID_ARCHIVE_RECEIPT_B_UNREVIEWED	B_PROVISIONAL_NOT_REAUDITED	NOT_RUN	NO_SEMANTIC_REAUDIT_NO_PASS	cangjie/reading/R007/wanming_receipts.jsonl	OLD_B_PROVISIONAL_UNTIL_SPECIFIC_SOURCE_CHECK	R077_R078_IF_REFERENCED_MUST_REREAD_OR_STAY_REFERENCE	R059	NOT_APPLICABLE			NO_ACTIVE_SKILL
STAGE0:R022:v13-r022-tiexue-307-candidate	STAGE0_B_CLAIM	v13-r022-tiexue-307-candidate	cangjie/reading/R007/wanming_receipts.jsonl	wanming	n307/p25	EPUB_BOOK_SHA_VALID_ARCHIVE_RECEIPT_B_UNREVIEWED	B_PROVISIONAL_NOT_REAUDITED	NOT_RUN	NO_SEMANTIC_REAUDIT_NO_PASS	cangjie/reading/R007/wanming_receipts.jsonl	OLD_B_PROVISIONAL_UNTIL_SPECIFIC_SOURCE_CHECK	R077_R078_IF_REFERENCED_MUST_REREAD_OR_STAY_REFERENCE	R059	NOT_APPLICABLE			NO_ACTIVE_SKILL
STAGE0:R022:v13-r022-tiexue-311-candidate	STAGE0_B_CLAIM	v13-r022-tiexue-311-candidate	cangjie/reading/R007/wanming_receipts.jsonl	wanming	n311/p30	EPUB_BOOK_SHA_VALID_ARCHIVE_RECEIPT_B_UNREVIEWED	B_PROVISIONAL_NOT_REAUDITED	NOT_RUN	NO_SEMANTIC_REAUDIT_NO_PASS	cangjie/reading/R007/wanming_receipts.jsonl	OLD_B_PROVISIONAL_UNTIL_SPECIFIC_SOURCE_CHECK	R077_R078_IF_REFERENCED_MUST_REREAD_OR_STAY_REFERENCE	R059	NOT_APPLICABLE			NO_ACTIVE_SKILL
STAGE0:R022:v13-r022-tiexue-315-candidate	STAGE0_B_CLAIM	v13-r022-tiexue-315-candidate	cangjie/reading/R007/wanming_receipts.jsonl	wanming	n315/p20	EPUB_BOOK_SHA_VALID_ARCHIVE_RECEIPT_B_UNREVIEWED	B_PROVISIONAL_NOT_REAUDITED	NOT_RUN	NO_SEMANTIC_REAUDIT_NO_PASS	cangjie/reading/R007/wanming_receipts.jsonl	OLD_B_PROVISIONAL_UNTIL_SPECIFIC_SOURCE_CHECK	R077_R078_IF_REFERENCED_MUST_REREAD_OR_STAY_REFERENCE	R059	NOT_APPLICABLE			NO_ACTIVE_SKILL
STAGE0:R022:v13-r022-tiexue-320-candidate	STAGE0_B_CLAIM	v13-r022-tiexue-320-candidate	cangjie/reading/R007/wanming_receipts.jsonl	tiexuecanming	n320/p37	PRIVATE_EPUB_CONTEXT_REAUDITED_R058_OR_R059	B_REVIEWED_SCOPED_PROVISIONAL	NOT_RUN	REANCHOR_MEETING_BOUNDARY	cangjie/reading/R007/wanming_receipts.jsonl	正在讨论的方案不得写成已执行的军令	R063_R064_V1_ONLY_IF_SELECTABLE;R077_R078_FINAL_COVERAGE	R059	NOT_APPLICABLE			NO_ACTIVE_SKILL
STAGE0:R024:R024-321-C1	STAGE0_B_CLAIM	R024-321-C1	cangjie/reading/R007/wanming_receipts.jsonl	tiexuecanming	n321/p2	PRIVATE_EPUB_CONTEXT_REAUDITED_R058_OR_R059	B_REVIEWED_SCOPED_PROVISIONAL	NOT_RUN	R024_REPAIR_REAL_SCENE_REANCHOR	cangjie/reading/R007/wanming_receipts.jsonl	角色提出的合规解释不等于上级或制度实际确认	R063_R064_V1_ONLY_IF_SELECTABLE;R077_R078_FINAL_COVERAGE	R059	NOT_APPLICABLE			NO_ACTIVE_SKILL
STAGE0:R024:R024-324-C1	STAGE0_B_CLAIM	R024-324-C1	cangjie/reading/R007/wanming_receipts.jsonl	tiexuecanming	n324/p2	PRIVATE_EPUB_CONTEXT_REAUDITED_R058_OR_R059	B_REVIEWED_SCOPED_PROVISIONAL	NOT_RUN	R024_REPAIR_REAL_SCENE_REANCHOR	cangjie/reading/R007/wanming_receipts.jsonl	对下属一时信任不能推定其未来判断始终正确	R063_R064_V1_ONLY_IF_SELECTABLE;R077_R078_FINAL_COVERAGE	R059	NOT_APPLICABLE			NO_ACTIVE_SKILL
STAGE0:R024:R024-328-C1	STAGE0_B_CLAIM	R024-328-C1	cangjie/reading/R007/wanming_receipts.jsonl	tiexuecanming	n328/p2	PRIVATE_EPUB_CONTEXT_REAUDITED_R058_OR_R059	B_REVIEWED_SCOPED_PROVISIONAL	NOT_RUN	R024_REPAIR_REAL_SCENE_REANCHOR	cangjie/reading/R007/wanming_receipts.jsonl	目击者估计不是已确认的敌情	R063_R064_V1_ONLY_IF_SELECTABLE;R077_R078_FINAL_COVERAGE	R059	NOT_APPLICABLE			NO_ACTIVE_SKILL
STAGE0:R024:R024-329-C1	STAGE0_B_CLAIM	R024-329-C1	cangjie/reading/R007/wanming_receipts.jsonl	tiexuecanming	n329/p2	PRIVATE_EPUB_CONTEXT_REAUDITED_R058_OR_R059	B_REVIEWED_SCOPED_PROVISIONAL	NOT_RUN	R024_REPAIR_NARROW_UNPROVEN_SYMBOLISM	cangjie/reading/R007/wanming_receipts.jsonl	观感变化是读者可争论的解释，不可替作品判下全局价值	R063_R064_V1_ONLY_IF_SELECTABLE;R077_R078_FINAL_COVERAGE	R059	NOT_APPLICABLE			NO_ACTIVE_SKILL
STAGE0:R024:R024-331-C1	STAGE0_B_CLAIM	R024-331-C1	cangjie/reading/R007/wanming_receipts.jsonl	tiexuecanming	n331/p2	PRIVATE_EPUB_CONTEXT_REAUDITED_R058_OR_R059	B_REVIEWED_SCOPED_PROVISIONAL	NOT_RUN	R024_REPAIR_REAL_SCENE_REANCHOR	cangjie/reading/R007/wanming_receipts.jsonl	实际撤离是否安全不能由临时防范推算	R063_R064_V1_ONLY_IF_SELECTABLE;R077_R078_FINAL_COVERAGE	R059	NOT_APPLICABLE			NO_ACTIVE_SKILL
STAGE0:R024:R024-333-C1	STAGE0_B_CLAIM	R024-333-C1	cangjie/reading/R007/wanming_receipts.jsonl	tiexuecanming	n333/p2	PRIVATE_EPUB_CONTEXT_REAUDITED_R058_OR_R059	B_REVIEWED_SCOPED_PROVISIONAL	NOT_RUN	R024_REPAIR_REAL_SCENE_REANCHOR	cangjie/reading/R007/wanming_receipts.jsonl	传闻规模与真实来敌规模不能混淆	R063_R064_V1_ONLY_IF_SELECTABLE;R077_R078_FINAL_COVERAGE	R059	NOT_APPLICABLE			NO_ACTIVE_SKILL
STAGE0:R024:R024-336-C1	STAGE0_B_CLAIM	R024-336-C1	cangjie/reading/R007/wanming_receipts.jsonl	tiexuecanming	n336/p2	PRIVATE_EPUB_CONTEXT_REAUDITED_R058_OR_R059	B_REVIEWED_SCOPED_PROVISIONAL	NOT_RUN	R024_REPAIR_REAL_SCENE_REANCHOR	cangjie/reading/R007/wanming_receipts.jsonl	个人对他人是否施助不能由行政后勤差额自动推断	R063_R064_V1_ONLY_IF_SELECTABLE;R077_R078_FINAL_COVERAGE	R059	NOT_APPLICABLE			NO_ACTIVE_SKILL
STAGE0:R024:R024-337-C1	STAGE0_B_CLAIM	R024-337-C1	cangjie/reading/R007/wanming_receipts.jsonl	tiexuecanming	n337/p2	PRIVATE_EPUB_CONTEXT_REAUDITED_R058_OR_R059	B_REVIEWED_SCOPED_PROVISIONAL	NOT_RUN	R024_REPAIR_CONFIRMED_ANCHOR_NEEDS_REBASE	cangjie/reading/R007/wanming_receipts.jsonl	临时军牌并非天然无效，职务承认取决于当前现场权力	R063_R064_V1_ONLY_IF_SELECTABLE;R077_R078_FINAL_COVERAGE	R059	NOT_APPLICABLE			NO_ACTIVE_SKILL
STAGE0:R024:R024-340-C1	STAGE0_B_CLAIM	R024-340-C1	cangjie/reading/R007/wanming_receipts.jsonl	tiexuecanming	n340/p2	PRIVATE_EPUB_CONTEXT_REAUDITED_R058_OR_R059	B_REVIEWED_SCOPED_PROVISIONAL	NOT_RUN	R024_REPAIR_REANCHOR_NOT_YET_CROSS_CHAPTER	cangjie/reading/R007/wanming_receipts.jsonl	私下嘱托不能证明事后双方能安全撤离	R063_R064_V1_ONLY_IF_SELECTABLE;R077_R078_FINAL_COVERAGE	R059	NOT_APPLICABLE			NO_ACTIVE_SKILL
STAGE0:R024:R024-341-C1	STAGE0_B_CLAIM	R024-341-C1	cangjie/reading/R007/wanming_receipts.jsonl	tiexuecanming	n341/p2	PRIVATE_EPUB_CONTEXT_REAUDITED_R058_OR_R059	B_REVIEWED_SCOPED_PROVISIONAL	NOT_RUN	R024_REPAIR_REAL_SCENE_REANCHOR	cangjie/reading/R007/wanming_receipts.jsonl	他人的无权选择是叙事问题而非可复制的现实方法	R063_R064_V1_ONLY_IF_SELECTABLE;R077_R078_FINAL_COVERAGE	R059	NOT_APPLICABLE			NO_ACTIVE_SKILL
STAGE0:R024:R024-343-C1	STAGE0_B_CLAIM	R024-343-C1	cangjie/reading/R007/wanming_receipts.jsonl	tiexuecanming	n343/p2	PRIVATE_EPUB_CONTEXT_REAUDITED_R058_OR_R059	B_REVIEWED_SCOPED_PROVISIONAL	NOT_RUN	R024_REPAIR_REAL_SCENE_REANCHOR	cangjie/reading/R007/wanming_receipts.jsonl	自称遵令与实际获授权必须分开	R063_R064_V1_ONLY_IF_SELECTABLE;R077_R078_FINAL_COVERAGE	R059	NOT_APPLICABLE			NO_ACTIVE_SKILL
STAGE0:R024:R024-344-C1	STAGE0_B_CLAIM	R024-344-C1	cangjie/reading/R007/wanming_receipts.jsonl	tiexuecanming	n344/p2	PRIVATE_EPUB_CONTEXT_REAUDITED_R058_OR_R059	B_REVIEWED_SCOPED_PROVISIONAL	NOT_RUN	R024_REPAIR_SCENE_NEEDS_REFIND	cangjie/reading/R007/wanming_receipts.jsonl	压迫关系不能由一方私人想象或未经核验的心理断言推得	R063_R064_V1_ONLY_IF_SELECTABLE;R077_R078_FINAL_COVERAGE	R059	NOT_APPLICABLE			NO_ACTIVE_SKILL
STAGE0:R024:R024-345-C1	STAGE0_B_CLAIM	R024-345-C1	cangjie/reading/R007/wanming_receipts.jsonl	tiexuecanming	n345/p2	PRIVATE_EPUB_CONTEXT_REAUDITED_R058_OR_R059	B_REVIEWED_SCOPED_PROVISIONAL	NOT_RUN	R024_REPAIR_REAL_SCENE_REANCHOR	cangjie/reading/R007/wanming_receipts.jsonl	供给受阻不等于战役整体崩溃	R063_R064_V1_ONLY_IF_SELECTABLE;R077_R078_FINAL_COVERAGE	R059	NOT_APPLICABLE			NO_ACTIVE_SKILL
STAGE0:R024:R024-346-C1	STAGE0_B_CLAIM	R024-346-C1	cangjie/reading/R007/wanming_receipts.jsonl	tiexuecanming	n346/p2	PRIVATE_EPUB_CONTEXT_REAUDITED_R058_OR_R059	B_REVIEWED_SCOPED_PROVISIONAL	NOT_RUN	R024_REPAIR_NARROW_SUPPORTED	cangjie/reading/R007/wanming_receipts.jsonl	角色现场误认与真实结果必须区分，不延展现实危险细节	R063_R064_V1_ONLY_IF_SELECTABLE;R077_R078_FINAL_COVERAGE	R059	NOT_APPLICABLE			NO_ACTIVE_SKILL
STAGE0:R024:R024-347-C1	STAGE0_B_CLAIM	R024-347-C1	cangjie/reading/R007/wanming_receipts.jsonl	tiexuecanming	n347/p2	PRIVATE_EPUB_CONTEXT_REAUDITED_R058_OR_R059	B_REVIEWED_SCOPED_PROVISIONAL	NOT_RUN	R024_REPAIR_NARROW_SUPPORTED	cangjie/reading/R007/wanming_receipts.jsonl	一个人物无法见全场不等于叙事者客观资料也缺失	R063_R064_V1_ONLY_IF_SELECTABLE;R077_R078_FINAL_COVERAGE	R059	NOT_APPLICABLE			NO_ACTIVE_SKILL
STAGE0:R024:R024-350-C1	STAGE0_B_CLAIM	R024-350-C1	cangjie/reading/R007/wanming_receipts.jsonl	tiexuecanming	n350/p2	PRIVATE_EPUB_CONTEXT_REAUDITED_R058_OR_R059	B_REVIEWED_SCOPED_PROVISIONAL	NOT_RUN	R024_REPAIR_REAL_SCENE_REANCHOR	cangjie/reading/R007/wanming_receipts.jsonl	从个体失序不能倒推所有营队同样溃败	R063_R064_V1_ONLY_IF_SELECTABLE;R077_R078_FINAL_COVERAGE	R059	NOT_APPLICABLE			NO_ACTIVE_SKILL
STAGE0:R024:R024-352-C1	STAGE0_B_CLAIM	R024-352-C1	cangjie/reading/R007/wanming_receipts.jsonl	tiexuecanming	n352/p2	PRIVATE_EPUB_CONTEXT_REAUDITED_R058_OR_R059	B_REVIEWED_SCOPED_PROVISIONAL	NOT_RUN	R024_REPAIR_SCENE_NEEDS_REFIND	cangjie/reading/R007/wanming_receipts.jsonl	暂时无法确认的身份仍不是身份实质被剥夺	R063_R064_V1_ONLY_IF_SELECTABLE;R077_R078_FINAL_COVERAGE	R059	NOT_APPLICABLE			NO_ACTIVE_SKILL
STAGE0:R024:R024-355-C1	STAGE0_B_CLAIM	R024-355-C1	cangjie/reading/R007/wanming_receipts.jsonl	tiexuecanming	n355/p2	PRIVATE_EPUB_CONTEXT_REAUDITED_R058_OR_R059	B_REVIEWED_SCOPED_PROVISIONAL	NOT_RUN	R024_REPAIR_REAL_SCENE_REANCHOR	cangjie/reading/R007/wanming_receipts.jsonl	地方捷报与整个地区军事损失不相等	R063_R064_V1_ONLY_IF_SELECTABLE;R077_R078_FINAL_COVERAGE	R059	NOT_APPLICABLE			NO_ACTIVE_SKILL
STAGE0:R024:R024-357-C1	STAGE0_B_CLAIM	R024-357-C1	cangjie/reading/R007/wanming_receipts.jsonl	tiexuecanming	n357/p2	PRIVATE_EPUB_CONTEXT_REAUDITED_R058_OR_R059	B_REVIEWED_SCOPED_PROVISIONAL	NOT_RUN	R024_REPAIR_REAL_SCENE_REANCHOR	cangjie/reading/R007/wanming_receipts.jsonl	功劳公开表述不等于相关安排都已经兑现	R063_R064_V1_ONLY_IF_SELECTABLE;R077_R078_FINAL_COVERAGE	R059	NOT_APPLICABLE			NO_ACTIVE_SKILL
STAGE0:R024:R024-360-C1	STAGE0_B_CLAIM	R024-360-C1	cangjie/reading/R007/wanming_receipts.jsonl	tiexuecanming	n360/p2	PRIVATE_EPUB_CONTEXT_REAUDITED_R058_OR_R059	B_REVIEWED_SCOPED_PROVISIONAL	NOT_RUN	R024_REPAIR_REAL_SCENE_REANCHOR	cangjie/reading/R007/wanming_receipts.jsonl	户部估算的筹银不等于税款到账，任命与处罚仍独立	R063_R064_V1_ONLY_IF_SELECTABLE;R077_R078_FINAL_COVERAGE	R059	NOT_APPLICABLE			NO_ACTIVE_SKILL
LEGACY:tx-r008-033	LEGACY_R042_QUARANTINE	tx-r008-033	gates/R057_LEGACY_QUARANTINE.tsv	tiexuecanming	n33/p1	PRIVATE_EPUB_OLD_AND_NEW_LOCATOR_REAUDITED_R060_R061	OLD_OPEN_QUARANTINED_NEW_SCOPED_B_PROVISIONAL	NOT_RUN	OLD_NOT_REINSTATED_NEW_CANDIDATE_B_ONLY	gates/R057_LEGACY_QUARANTINE.tsv;v2/legacy/TIEXUE_7_DECISIONS.tsv	庞雨p20自认为已猜中对方问题，仍属其估算；p42列出多种不相容的幕后可能；p60对方离场后依旧无法确定由谁授意。取得契据也不能证明幕后官署派遣已发生	R062_REFERENCE_NOW;R063_R064_V1_ONLY_IF_ADDED_TO_EXPLICIT_METHOD_SCOPE;R078_COVERAGE	R061	NO_DIRECT_PROMOTION	R061-TX-033-CLAIM-VS-ASSUMPTION		NO_ACTIVE_SKILL
LEGACY:wanming-R013-143-narrative-candidate	LEGACY_R042_QUARANTINE	wanming-R013-143-narrative-candidate	gates/R057_LEGACY_QUARANTINE.tsv	wanming	n143/p29	PRIVATE_EPUB_OLD_AND_NEW_LOCATOR_REAUDITED_R060_R061	OLD_OPEN_QUARANTINED_NEW_SCOPED_B_PROVISIONAL	NOT_RUN	OLD_NOT_REINSTATED_NEW_CANDIDATE_B_ONLY	gates/R057_LEGACY_QUARANTINE.tsv;v2/legacy/WANMING_7_DECISIONS.tsv	p29入座不等于授命；本章后续叙述不支持旧命题必然以对应悬念结尾	R062_REFERENCE_NOW;R063_R064_V1_ONLY_IF_ADDED_TO_EXPLICIT_METHOD_SCOPE;R078_COVERAGE	R060	NO_DIRECT_PROMOTION	R060-WM-143-ORDER-AND-PREFERENCE		NO_ACTIVE_SKILL
LEGACY:wanming-R017-220-candidate	LEGACY_R042_QUARANTINE	wanming-R017-220-candidate	gates/R057_LEGACY_QUARANTINE.tsv	wanming	n220/p24	PRIVATE_EPUB_OLD_AND_NEW_LOCATOR_REAUDITED_R060_R061	OLD_OPEN_QUARANTINED_NEW_SCOPED_B_PROVISIONAL	NOT_RUN	OLD_NOT_REINSTATED_NEW_CANDIDATE_B_ONLY	gates/R057_LEGACY_QUARANTINE.tsv;v2/legacy/WANMING_7_DECISIONS.tsv	p24外在谦逊不能独立证明忠心或密谋；转述和费用不等于政策已实施	R062_REFERENCE_NOW;R063_R064_V1_ONLY_IF_ADDED_TO_EXPLICIT_METHOD_SCOPE;R078_COVERAGE	R060	NO_DIRECT_PROMOTION	R060-WM-220-INFORMATION-RELAY		NO_ACTIVE_SKILL
LEGACY:v13-R018-tiexue-226-candidate	LEGACY_R042_QUARANTINE	v13-R018-tiexue-226-candidate	gates/R057_LEGACY_QUARANTINE.tsv	tiexuecanming	n226/p36	PRIVATE_EPUB_OLD_AND_NEW_LOCATOR_REAUDITED_R060_R061	OLD_OPEN_QUARANTINED_NEW_SCOPED_B_PROVISIONAL	NOT_RUN	OLD_NOT_REINSTATED_NEW_CANDIDATE_B_ONLY	gates/R057_LEGACY_QUARANTINE.tsv;v2/legacy/TIEXUE_7_DECISIONS.tsv	p35前段行动以求生为主而非救人；p69无人应答不能认定救助成功，亦不代表死亡结局已充分证明；救人动机从行动可以推测但不能替受助者补写结果及自由意志	R062_REFERENCE_NOW;R063_R064_V1_ONLY_IF_ADDED_TO_EXPLICIT_METHOD_SCOPE;R078_COVERAGE	R061	NO_DIRECT_PROMOTION	R061-TX-226-PARTIAL-MORAL-ACTION		NO_ACTIVE_SKILL
LEGACY:v13-r023-wanming-339-candidate	LEGACY_R042_QUARANTINE	v13-r023-wanming-339-candidate	gates/R057_LEGACY_QUARANTINE.tsv	wanming	n339/p28	PRIVATE_EPUB_OLD_AND_NEW_LOCATOR_REAUDITED_R060_R061	OLD_OPEN_QUARANTINED_NEW_SCOPED_B_PROVISIONAL	NOT_RUN	OLD_NOT_REINSTATED_NEW_CANDIDATE_B_ONLY	gates/R057_LEGACY_QUARANTINE.tsv;v2/legacy/WANMING_7_DECISIONS.tsv	妹妹本人意愿尚无直接确认；个人帮扶不等于普遍恢复；p36显示支持者自身现金受限	R062_REFERENCE_NOW;R063_R064_V1_ONLY_IF_ADDED_TO_EXPLICIT_METHOD_SCOPE;R078_COVERAGE	R060	NO_DIRECT_PROMOTION	R060-WM-339-RETURN-INEQUALITY		NO_ACTIVE_SKILL
LEGACY:wm-r009-65-candidate	LEGACY_R042_QUARANTINE	wm-r009-65-candidate	gates/R057_LEGACY_QUARANTINE.tsv	wanming	n65/p1	PRIVATE_EPUB_OLD_AND_NEW_LOCATOR_REAUDITED_R060_R061	OLD_OPEN_QUARANTINED_NEW_SCOPED_B_PROVISIONAL	NOT_RUN	OLD_NOT_REINSTATED_NEW_CANDIDATE_B_ONLY	gates/R057_LEGACY_QUARANTINE.tsv;v2/legacy/WANMING_7_DECISIONS.tsv	p24当事人积极接受职务反驳将沉默一概视为抵触；提出借款不等于贷款到账	R062_REFERENCE_NOW;R063_R064_V1_ONLY_IF_ADDED_TO_EXPLICIT_METHOD_SCOPE;R078_COVERAGE	R060	NO_DIRECT_PROMOTION	R060-WM-065-SCENE-OBLIGATIONS		NO_ACTIVE_SKILL
LEGACY:wm-r011-99-candidate	LEGACY_R042_QUARANTINE	wm-r011-99-candidate	gates/R057_LEGACY_QUARANTINE.tsv	wanming	n99/p28	PRIVATE_EPUB_OLD_AND_NEW_LOCATOR_REAUDITED_R060_R061	OLD_OPEN_QUARANTINED_NEW_SCOPED_B_PROVISIONAL	NOT_RUN	OLD_NOT_REINSTATED_NEW_CANDIDATE_B_ONLY	gates/R057_LEGACY_QUARANTINE.tsv;v2/legacy/WANMING_7_DECISIONS.tsv	p28是商贸安危而非行政措辞；p39的人物说法不证明身份合法或当事人后果	R062_REFERENCE_NOW;R063_R064_V1_ONLY_IF_ADDED_TO_EXPLICIT_METHOD_SCOPE;R078_COVERAGE	R060	NO_DIRECT_PROMOTION	R060-WM-099-PERSON_LABEL		NO_ACTIVE_SKILL
LEGACY:tx-r012-109	LEGACY_R042_QUARANTINE	tx-r012-109	gates/R057_LEGACY_QUARANTINE.tsv	tiexuecanming	n109/p40	PRIVATE_EPUB_OLD_AND_NEW_LOCATOR_REAUDITED_R060_R061	OLD_OPEN_QUARANTINED_NEW_SCOPED_B_PROVISIONAL	NOT_RUN	OLD_NOT_REINSTATED_NEW_CANDIDATE_B_ONLY	gates/R057_LEGACY_QUARANTINE.tsv;v2/legacy/TIEXUE_7_DECISIONS.tsv	何仙崖确实参与了实际防守和带动；p65是带选择性的汇报而非全然无行动；p66不满也非独立可证蒋应得全部功劳；p74带有叙述者的历史比较不可冒充何仙崖当场已知	R062_REFERENCE_NOW;R063_R064_V1_ONLY_IF_ADDED_TO_EXPLICIT_METHOD_SCOPE;R078_COVERAGE	R061	NO_DIRECT_PROMOTION	R061-TX-109-ACTION-CLAIM-GAP		NO_ACTIVE_SKILL
LEGACY:tx-r014-153-candidate	LEGACY_R042_QUARANTINE	tx-r014-153-candidate	gates/R057_LEGACY_QUARANTINE.tsv	tiexuecanming	n153/p22	PRIVATE_EPUB_OLD_AND_NEW_LOCATOR_REAUDITED_R060_R061	OLD_OPEN_QUARANTINED_NEW_SCOPED_B_PROVISIONAL	NOT_RUN	OLD_NOT_REINSTATED_NEW_CANDIDATE_B_ONLY	gates/R057_LEGACY_QUARANTINE.tsv;v2/legacy/TIEXUE_7_DECISIONS.tsv	紧张并非全靠小虫暗示，原书p4及p23直接交代心理；不能说本章完全拒绝心理旁白；小虫本身不具有可被独证的政治寓言含义	R062_REFERENCE_NOW;R063_R064_V1_ONLY_IF_ADDED_TO_EXPLICIT_METHOD_SCOPE;R078_COVERAGE	R061	NO_DIRECT_PROMOTION	R061-TX-153-LOW-POV-REPETITION		NO_ACTIVE_SKILL
LEGACY:tiexue-R016-180-candidate	LEGACY_R042_QUARANTINE	tiexue-R016-180-candidate	gates/R057_LEGACY_QUARANTINE.tsv	tiexuecanming	n180/p38	PRIVATE_EPUB_OLD_AND_NEW_LOCATOR_REAUDITED_R060_R061	OLD_OPEN_QUARANTINED_NEW_SCOPED_B_PROVISIONAL	NOT_RUN	OLD_NOT_REINSTATED_NEW_CANDIDATE_B_ONLY	gates/R057_LEGACY_QUARANTINE.tsv;v2/legacy/TIEXUE_7_DECISIONS.tsv	p30直接出现对未来不能兑付的担忧；p34只是未来行动意向，未见开户入账或收益领取；p38官员报告不能逆推个人已实际存银；个人服从官职逻辑不等于自由自愿无压力	R062_REFERENCE_NOW;R063_R064_V1_ONLY_IF_ADDED_TO_EXPLICIT_METHOD_SCOPE;R078_COVERAGE	R061	NO_DIRECT_PROMOTION	R061-TX-180-SAVER-VS-BANK-INCENTIVES		NO_ACTIVE_SKILL
LEGACY:v13-r019-wanming-265-candidate	LEGACY_R042_QUARANTINE	v13-r019-wanming-265-candidate	gates/R057_LEGACY_QUARANTINE.tsv	wanming	n265/p28	PRIVATE_EPUB_OLD_AND_NEW_LOCATOR_REAUDITED_R060_R061	OLD_OPEN_QUARANTINED_NEW_SCOPED_B_PROVISIONAL	NOT_RUN	OLD_NOT_REINSTATED_NEW_CANDIDATE_B_ONLY	gates/R057_LEGACY_QUARANTINE.tsv;v2/legacy/WANMING_7_DECISIONS.tsv	县官服从不代表失语权利人的自由同意；一方受益不等于权属已查或程序合法	R062_REFERENCE_NOW;R063_R064_V1_ONLY_IF_ADDED_TO_EXPLICIT_METHOD_SCOPE;R078_COVERAGE	R060	NO_DIRECT_PROMOTION	R060-WM-265-INSTITUTIONAL-SPEECH		NO_ACTIVE_SKILL
LEGACY:tiexue-R020-254-provisional	LEGACY_R042_QUARANTINE	tiexue-R020-254-provisional	gates/R057_LEGACY_QUARANTINE.tsv	tiexuecanming	n254/p37	PRIVATE_EPUB_OLD_AND_NEW_LOCATOR_REAUDITED_R060_R061	OLD_OPEN_QUARANTINED_NEW_SCOPED_B_PROVISIONAL	NOT_RUN	OLD_NOT_REINSTATED_NEW_CANDIDATE_B_ONLY	gates/R057_LEGACY_QUARANTINE.tsv;v2/legacy/TIEXUE_7_DECISIONS.tsv	漏算燃料不等于整个军队一定无法脱离；p13及p29提出的不同路径仍有未知风险；p36自愿承担任务不证明其成功或完全脱离上下级压力；p65只能证明一部分准备，不可充作最终战果	R062_REFERENCE_NOW;R063_R064_V1_ONLY_IF_ADDED_TO_EXPLICIT_METHOD_SCOPE;R078_COVERAGE	R061	NO_DIRECT_PROMOTION	R061-TX-254-MATERIAL-SURPRISE		NO_ACTIVE_SKILL
LEGACY:V13-R021-wanming-305-candidate	LEGACY_R042_QUARANTINE	V13-R021-wanming-305-candidate	gates/R057_LEGACY_QUARANTINE.tsv	wanming	n305/p32	PRIVATE_EPUB_OLD_AND_NEW_LOCATOR_REAUDITED_R060_R061	OLD_OPEN_QUARANTINED_NEW_SCOPED_B_PROVISIONAL	NOT_RUN	OLD_NOT_REINSTATED_NEW_CANDIDATE_B_ONLY	gates/R057_LEGACY_QUARANTINE.tsv;v2/legacy/WANMING_7_DECISIONS.tsv	p4只是预计军饷；预算和协议不是钱已到账或部队实际整编；主角保留将来扩编意图	R062_REFERENCE_NOW;R063_R064_V1_ONLY_IF_ADDED_TO_EXPLICIT_METHOD_SCOPE;R078_COVERAGE	R060	NO_DIRECT_PROMOTION	R060-WM-305-PAPER-BUDGET		NO_ACTIVE_SKILL
LEGACY:v13-r022-tiexue-286-candidate	LEGACY_R042_QUARANTINE	v13-r022-tiexue-286-candidate	gates/R057_LEGACY_QUARANTINE.tsv	tiexuecanming	n286/p27	PRIVATE_EPUB_OLD_AND_NEW_LOCATOR_REAUDITED_R060_R061	OLD_OPEN_QUARANTINED_NEW_SCOPED_B_PROVISIONAL	NOT_RUN	OLD_NOT_REINSTATED_NEW_CANDIDATE_B_ONLY	gates/R057_LEGACY_QUARANTINE.tsv;v2/legacy/TIEXUE_7_DECISIONS.tsv	p27涉及推测与可能性不是确证指使；存款账面余额不能证明全部现金可兑；p35明说挤兑风险；p52带有明显身份差和夸张服从话语不能代表无压力的家庭自主同意	R062_REFERENCE_NOW;R063_R064_V1_ONLY_IF_ADDED_TO_EXPLICIT_METHOD_SCOPE;R078_COVERAGE	R061	NO_DIRECT_PROMOTION	R061-TX-286-FINANCE-AGENCY-SPLIT		NO_ACTIVE_SKILL
V1:WM-f03	V1_SOURCE_REVIEW	WM-f03	gates/R057_REPAIR_V1_39_QUEUE.tsv	wanming	n052/p28;n070/p36;n494/p17;n514/p34	HISTORIC_SOURCE_REFERENCES_NOT_R062_ITEMWISE_REVERIFIED	V1_REVIEW_PENDING	NOT_RUN	DEFER_FROZEN_V1_QUEUE	gates/R057_REPAIR_V1_39_QUEUE.tsv	原文上下文及反例，狭义V1 PASS/继续REVIEW/有据REJECTED	R063	R063	NOT_APPLICABLE			NO_ACTIVE_SKILL
V1:WM-f05	V1_SOURCE_REVIEW	WM-f05	gates/R057_REPAIR_V1_39_QUEUE.tsv	wanming	n089/p1;n089/p18;n089/p26;n111/p1;n488/p2	HISTORIC_SOURCE_REFERENCES_NOT_R062_ITEMWISE_REVERIFIED	V1_REVIEW_PENDING	NOT_RUN	DEFER_FROZEN_V1_QUEUE	gates/R057_REPAIR_V1_39_QUEUE.tsv	原文上下文及反例，狭义V1 PASS/继续REVIEW/有据REJECTED	R063	R063	NOT_APPLICABLE			NO_ACTIVE_SKILL
V1:WM-f07	V1_SOURCE_REVIEW	WM-f07	gates/R057_REPAIR_V1_39_QUEUE.tsv	wanming	n140/p36;n220/p35;n220/p42;n248/p35	HISTORIC_SOURCE_REFERENCES_NOT_R062_ITEMWISE_REVERIFIED	V1_REVIEW_PENDING	NOT_RUN	DEFER_FROZEN_V1_QUEUE	gates/R057_REPAIR_V1_39_QUEUE.tsv	原文上下文及反例，狭义V1 PASS/继续REVIEW/有据REJECTED	R063	R063	NOT_APPLICABLE			NO_ACTIVE_SKILL
V1:WM-f09	V1_SOURCE_REVIEW	WM-f09	gates/R057_REPAIR_V1_39_QUEUE.tsv	wanming	n099/p18;n297/p1;n345/p29;n437/p6	HISTORIC_SOURCE_REFERENCES_NOT_R062_ITEMWISE_REVERIFIED	V1_REVIEW_PENDING	NOT_RUN	DEFER_FROZEN_V1_QUEUE	gates/R057_REPAIR_V1_39_QUEUE.tsv	原文上下文及反例，狭义V1 PASS/继续REVIEW/有据REJECTED	R063	R063	NOT_APPLICABLE			NO_ACTIVE_SKILL
V1:WM-f15	V1_SOURCE_REVIEW	WM-f15	gates/R057_REPAIR_V1_39_QUEUE.tsv	wanming	n390/p25;n494/p17;n514/p34;n561/p45	HISTORIC_SOURCE_REFERENCES_NOT_R062_ITEMWISE_REVERIFIED	V1_REVIEW_PENDING	NOT_RUN	DEFER_FROZEN_V1_QUEUE	gates/R057_REPAIR_V1_39_QUEUE.tsv	原文上下文及反例，狭义V1 PASS/继续REVIEW/有据REJECTED	R063	R063	NOT_APPLICABLE			NO_ACTIVE_SKILL
V1:WM-f17	V1_SOURCE_REVIEW	WM-f17	gates/R057_REPAIR_V1_39_QUEUE.tsv	wanming	n089/p26;n305/p35;n529/p38;n529/p40;n530/p1	HISTORIC_SOURCE_REFERENCES_NOT_R062_ITEMWISE_REVERIFIED	V1_REVIEW_PENDING	NOT_RUN	DEFER_FROZEN_V1_QUEUE	gates/R057_REPAIR_V1_39_QUEUE.tsv	原文上下文及反例，狭义V1 PASS/继续REVIEW/有据REJECTED	R063	R063	NOT_APPLICABLE			NO_ACTIVE_SKILL
V1:WM-p02	V1_SOURCE_REVIEW	WM-p02	gates/R057_REPAIR_V1_39_QUEUE.tsv	wanming	n048/p17;n099/p18	HISTORIC_SOURCE_REFERENCES_NOT_R062_ITEMWISE_REVERIFIED	V1_REVIEW_PENDING	NOT_RUN	DEFER_FROZEN_V1_QUEUE	gates/R057_REPAIR_V1_39_QUEUE.tsv	原文上下文及反例，狭义V1 PASS/继续REVIEW/有据REJECTED	R063	R063	NOT_APPLICABLE			NO_ACTIVE_SKILL
V1:WM-p09	V1_SOURCE_REVIEW	WM-p09	gates/R057_REPAIR_V1_39_QUEUE.tsv	wanming	n155/p30;n305/p29	HISTORIC_SOURCE_REFERENCES_NOT_R062_ITEMWISE_REVERIFIED	V1_REVIEW_PENDING	NOT_RUN	DEFER_FROZEN_V1_QUEUE	gates/R057_REPAIR_V1_39_QUEUE.tsv	原文上下文及反例，狭义V1 PASS/继续REVIEW/有据REJECTED	R063	R063	NOT_APPLICABLE			NO_ACTIVE_SKILL
V1:WM-p10	V1_SOURCE_REVIEW	WM-p10	gates/R057_REPAIR_V1_39_QUEUE.tsv	wanming	n222/p28;n390/p25	HISTORIC_SOURCE_REFERENCES_NOT_R062_ITEMWISE_REVERIFIED	V1_REVIEW_PENDING	NOT_RUN	DEFER_FROZEN_V1_QUEUE	gates/R057_REPAIR_V1_39_QUEUE.tsv	原文上下文及反例，狭义V1 PASS/继续REVIEW/有据REJECTED	R063	R063	NOT_APPLICABLE			NO_ACTIVE_SKILL
V1:WM-p11	V1_SOURCE_REVIEW	WM-p11	gates/R057_REPAIR_V1_39_QUEUE.tsv	wanming	n295/p3;n425/p40	HISTORIC_SOURCE_REFERENCES_NOT_R062_ITEMWISE_REVERIFIED	V1_REVIEW_PENDING	NOT_RUN	DEFER_FROZEN_V1_QUEUE	gates/R057_REPAIR_V1_39_QUEUE.tsv	原文上下文及反例，狭义V1 PASS/继续REVIEW/有据REJECTED	R063	R063	NOT_APPLICABLE			NO_ACTIVE_SKILL
V1:WM-p15	V1_SOURCE_REVIEW	WM-p15	gates/R057_REPAIR_V1_39_QUEUE.tsv	wanming	n390/p25;n494/p17	HISTORIC_SOURCE_REFERENCES_NOT_R062_ITEMWISE_REVERIFIED	V1_REVIEW_PENDING	NOT_RUN	DEFER_FROZEN_V1_QUEUE	gates/R057_REPAIR_V1_39_QUEUE.tsv	原文上下文及反例，狭义V1 PASS/继续REVIEW/有据REJECTED	R063	R063	NOT_APPLICABLE			NO_ACTIVE_SKILL
V1:WM-p16	V1_SOURCE_REVIEW	WM-p16	gates/R057_REPAIR_V1_39_QUEUE.tsv	wanming	n425/p27;n425/p40	HISTORIC_SOURCE_REFERENCES_NOT_R062_ITEMWISE_REVERIFIED	V1_REVIEW_PENDING	NOT_RUN	DEFER_FROZEN_V1_QUEUE	gates/R057_REPAIR_V1_39_QUEUE.tsv	原文上下文及反例，狭义V1 PASS/继续REVIEW/有据REJECTED	R063	R063	NOT_APPLICABLE			NO_ACTIVE_SKILL
V1:WM-p17	V1_SOURCE_REVIEW	WM-p17	gates/R057_REPAIR_V1_39_QUEUE.tsv	wanming	n425/p40;n425/p35	HISTORIC_SOURCE_REFERENCES_NOT_R062_ITEMWISE_REVERIFIED	V1_REVIEW_PENDING	NOT_RUN	DEFER_FROZEN_V1_QUEUE	gates/R057_REPAIR_V1_39_QUEUE.tsv	原文上下文及反例，狭义V1 PASS/继续REVIEW/有据REJECTED	R063	R063	NOT_APPLICABLE			NO_ACTIVE_SKILL
V1:WM-p22	V1_SOURCE_REVIEW	WM-p22	gates/R057_REPAIR_V1_39_QUEUE.tsv	wanming	n530/p1;n099/p18	HISTORIC_SOURCE_REFERENCES_NOT_R062_ITEMWISE_REVERIFIED	V1_REVIEW_PENDING	NOT_RUN	DEFER_FROZEN_V1_QUEUE	gates/R057_REPAIR_V1_39_QUEUE.tsv	原文上下文及反例，狭义V1 PASS/继续REVIEW/有据REJECTED	R063	R063	NOT_APPLICABLE			NO_ACTIVE_SKILL
V1:WM-c05	V1_SOURCE_REVIEW	WM-c05	gates/R057_REPAIR_V1_39_QUEUE.tsv	wanming	n099/p18;n099/p19	HISTORIC_SOURCE_REFERENCES_NOT_R062_ITEMWISE_REVERIFIED	V1_REVIEW_PENDING	NOT_RUN	DEFER_FROZEN_V1_QUEUE	gates/R057_REPAIR_V1_39_QUEUE.tsv	原文上下文及反例，狭义V1 PASS/继续REVIEW/有据REJECTED	R063	R063	NOT_APPLICABLE			NO_ACTIVE_SKILL
V1:WM-c11	V1_SOURCE_REVIEW	WM-c11	gates/R057_REPAIR_V1_39_QUEUE.tsv	wanming	n437/p6;n437/p29;n437/p31	HISTORIC_SOURCE_REFERENCES_NOT_R062_ITEMWISE_REVERIFIED	V1_REVIEW_PENDING	NOT_RUN	DEFER_FROZEN_V1_QUEUE	gates/R057_REPAIR_V1_39_QUEUE.tsv	原文上下文及反例，狭义V1 PASS/继续REVIEW/有据REJECTED	R063	R063	NOT_APPLICABLE			NO_ACTIVE_SKILL
V1:WM-ce06	V1_SOURCE_REVIEW	WM-ce06	gates/R057_REPAIR_V1_39_QUEUE.tsv	wanming	n099/p17;n099/p18;n099/p19	HISTORIC_SOURCE_REFERENCES_NOT_R062_ITEMWISE_REVERIFIED	V1_REVIEW_PENDING	NOT_RUN	DEFER_FROZEN_V1_QUEUE	gates/R057_REPAIR_V1_39_QUEUE.tsv	原文上下文及反例，狭义V1 PASS/继续REVIEW/有据REJECTED	R063	R063	NOT_APPLICABLE			NO_ACTIVE_SKILL
V1:WM-ce08	V1_SOURCE_REVIEW	WM-ce08	gates/R057_REPAIR_V1_39_QUEUE.tsv	wanming	n155/p28;n155/p30	HISTORIC_SOURCE_REFERENCES_NOT_R062_ITEMWISE_REVERIFIED	V1_REVIEW_PENDING	NOT_RUN	DEFER_FROZEN_V1_QUEUE	gates/R057_REPAIR_V1_39_QUEUE.tsv	原文上下文及反例，狭义V1 PASS/继续REVIEW/有据REJECTED	R063	R063	NOT_APPLICABLE			NO_ACTIVE_SKILL
V1:WM-ce12	V1_SOURCE_REVIEW	WM-ce12	gates/R057_REPAIR_V1_39_QUEUE.tsv	wanming	n380/p25;n380/p27;n380/p28	HISTORIC_SOURCE_REFERENCES_NOT_R062_ITEMWISE_REVERIFIED	V1_REVIEW_PENDING	NOT_RUN	DEFER_FROZEN_V1_QUEUE	gates/R057_REPAIR_V1_39_QUEUE.tsv	原文上下文及反例，狭义V1 PASS/继续REVIEW/有据REJECTED	R063	R063	NOT_APPLICABLE			NO_ACTIVE_SKILL
V1:WM-ce13	V1_SOURCE_REVIEW	WM-ce13	gates/R057_REPAIR_V1_39_QUEUE.tsv	wanming	n425/p25;n425/p26;n425/p35;n425/p40	HISTORIC_SOURCE_REFERENCES_NOT_R062_ITEMWISE_REVERIFIED	V1_REVIEW_PENDING	NOT_RUN	DEFER_FROZEN_V1_QUEUE	gates/R057_REPAIR_V1_39_QUEUE.tsv	原文上下文及反例，狭义V1 PASS/继续REVIEW/有据REJECTED	R063	R063	NOT_APPLICABLE			NO_ACTIVE_SKILL
V1:WM-ce15	V1_SOURCE_REVIEW	WM-ce15	gates/R057_REPAIR_V1_39_QUEUE.tsv	wanming	n494/p8;n494/p11;n494/p18	HISTORIC_SOURCE_REFERENCES_NOT_R062_ITEMWISE_REVERIFIED	V1_REVIEW_PENDING	NOT_RUN	DEFER_FROZEN_V1_QUEUE	gates/R057_REPAIR_V1_39_QUEUE.tsv	原文上下文及反例，狭义V1 PASS/继续REVIEW/有据REJECTED	R063	R063	NOT_APPLICABLE			NO_ACTIVE_SKILL
V1:WM-ce17	V1_SOURCE_REVIEW	WM-ce17	gates/R057_REPAIR_V1_39_QUEUE.tsv	wanming	n519/p66;n519/p67;n519/p69;n519/p70;n520/p15;n520/p17	HISTORIC_SOURCE_REFERENCES_NOT_R062_ITEMWISE_REVERIFIED	V1_REVIEW_PENDING	NOT_RUN	DEFER_FROZEN_V1_QUEUE	gates/R057_REPAIR_V1_39_QUEUE.tsv	原文上下文及反例，狭义V1 PASS/继续REVIEW/有据REJECTED	R063	R063	NOT_APPLICABLE			NO_ACTIVE_SKILL
V1:WM-ce18	V1_SOURCE_REVIEW	WM-ce18	gates/R057_REPAIR_V1_39_QUEUE.tsv	wanming	n529/p38;n529/p40;n529/p41	HISTORIC_SOURCE_REFERENCES_NOT_R062_ITEMWISE_REVERIFIED	V1_REVIEW_PENDING	NOT_RUN	DEFER_FROZEN_V1_QUEUE	gates/R057_REPAIR_V1_39_QUEUE.tsv	原文上下文及反例，狭义V1 PASS/继续REVIEW/有据REJECTED	R063	R063	NOT_APPLICABLE			NO_ACTIVE_SKILL
V1:TX-f06	V1_SOURCE_REVIEW	TX-f06	gates/R057_REPAIR_V1_39_QUEUE.tsv	tiexuecanming	n114/p27;n114/p29;n531/p8	HISTORIC_SOURCE_REFERENCES_NOT_R062_ITEMWISE_REVERIFIED	V1_REVIEW_PENDING	NOT_RUN	DEFER_FROZEN_V1_QUEUE	gates/R057_REPAIR_V1_39_QUEUE.tsv	原文上下文及反例，狭义V1 PASS/继续REVIEW/有据REJECTED	R064	R064	NOT_APPLICABLE			NO_ACTIVE_SKILL
V1:TX-f07	V1_SOURCE_REVIEW	TX-f07	gates/R057_REPAIR_V1_39_QUEUE.tsv	tiexuecanming	n315/p40;n320/p36;n420/p2;n485/p23	HISTORIC_SOURCE_REFERENCES_NOT_R062_ITEMWISE_REVERIFIED	V1_REVIEW_PENDING	NOT_RUN	DEFER_FROZEN_V1_QUEUE	gates/R057_REPAIR_V1_39_QUEUE.tsv	原文上下文及反例，狭义V1 PASS/继续REVIEW/有据REJECTED	R064	R064	NOT_APPLICABLE			NO_ACTIVE_SKILL
V1:TX-f14	V1_SOURCE_REVIEW	TX-f14	gates/R057_REPAIR_V1_39_QUEUE.tsv	tiexuecanming	n285/p5;n285/p6;n490/p28	HISTORIC_SOURCE_REFERENCES_NOT_R062_ITEMWISE_REVERIFIED	V1_REVIEW_PENDING	NOT_RUN	DEFER_FROZEN_V1_QUEUE	gates/R057_REPAIR_V1_39_QUEUE.tsv	原文上下文及反例，狭义V1 PASS/继续REVIEW/有据REJECTED	R064	R064	NOT_APPLICABLE			NO_ACTIVE_SKILL
V1:TX-f17	V1_SOURCE_REVIEW	TX-f17	gates/R057_REPAIR_V1_39_QUEUE.tsv	tiexuecanming	n174/p23;n174/p24;n361/p35;n361/p36;n527/p30;n527/p31	HISTORIC_SOURCE_REFERENCES_NOT_R062_ITEMWISE_REVERIFIED	V1_REVIEW_PENDING	NOT_RUN	DEFER_FROZEN_V1_QUEUE	gates/R057_REPAIR_V1_39_QUEUE.tsv	原文上下文及反例，狭义V1 PASS/继续REVIEW/有据REJECTED	R064	R064	NOT_APPLICABLE			NO_ACTIVE_SKILL
V1:TX-p10	V1_SOURCE_REVIEW	TX-p10	gates/R057_REPAIR_V1_39_QUEUE.tsv	tiexuecanming	n175/p23;n531/p25;n531/p26	HISTORIC_SOURCE_REFERENCES_NOT_R062_ITEMWISE_REVERIFIED	V1_REVIEW_PENDING	NOT_RUN	DEFER_FROZEN_V1_QUEUE	gates/R057_REPAIR_V1_39_QUEUE.tsv	原文上下文及反例，狭义V1 PASS/继续REVIEW/有据REJECTED	R064	R064	NOT_APPLICABLE			NO_ACTIVE_SKILL
V1:TX-p16	V1_SOURCE_REVIEW	TX-p16	gates/R057_REPAIR_V1_39_QUEUE.tsv	tiexuecanming	n420/p2;n430/p59;n475/p25	HISTORIC_SOURCE_REFERENCES_NOT_R062_ITEMWISE_REVERIFIED	V1_REVIEW_PENDING	NOT_RUN	DEFER_FROZEN_V1_QUEUE	gates/R057_REPAIR_V1_39_QUEUE.tsv	原文上下文及反例，狭义V1 PASS/继续REVIEW/有据REJECTED	R064	R064	NOT_APPLICABLE			NO_ACTIVE_SKILL
V1:TX-p22	V1_SOURCE_REVIEW	TX-p22	gates/R057_REPAIR_V1_39_QUEUE.tsv	tiexuecanming	n103/p16;n103/p18	HISTORIC_SOURCE_REFERENCES_NOT_R062_ITEMWISE_REVERIFIED	V1_REVIEW_PENDING	NOT_RUN	DEFER_FROZEN_V1_QUEUE	gates/R057_REPAIR_V1_39_QUEUE.tsv	原文上下文及反例，狭义V1 PASS/继续REVIEW/有据REJECTED	R064	R064	NOT_APPLICABLE			NO_ACTIVE_SKILL
V1:TX-c05	V1_SOURCE_REVIEW	TX-c05	gates/R057_REPAIR_V1_39_QUEUE.tsv	tiexuecanming	n095/p28;n095/p35;n095/p36	HISTORIC_SOURCE_REFERENCES_NOT_R062_ITEMWISE_REVERIFIED	V1_REVIEW_PENDING	NOT_RUN	DEFER_FROZEN_V1_QUEUE	gates/R057_REPAIR_V1_39_QUEUE.tsv	原文上下文及反例，狭义V1 PASS/继续REVIEW/有据REJECTED	R064	R064	NOT_APPLICABLE			NO_ACTIVE_SKILL
V1:TX-ce01	V1_SOURCE_REVIEW	TX-ce01	gates/R057_REPAIR_V1_39_QUEUE.tsv	tiexuecanming	n013/p34;n013/p52;n013/p56	HISTORIC_SOURCE_REFERENCES_NOT_R062_ITEMWISE_REVERIFIED	V1_REVIEW_PENDING	NOT_RUN	DEFER_FROZEN_V1_QUEUE	gates/R057_REPAIR_V1_39_QUEUE.tsv	原文上下文及反例，狭义V1 PASS/继续REVIEW/有据REJECTED	R064	R064	NOT_APPLICABLE			NO_ACTIVE_SKILL
V1:TX-ce08	V1_SOURCE_REVIEW	TX-ce08	gates/R057_REPAIR_V1_39_QUEUE.tsv	tiexuecanming	n165/p1;n165/p5;n165/p80	HISTORIC_SOURCE_REFERENCES_NOT_R062_ITEMWISE_REVERIFIED	V1_REVIEW_PENDING	NOT_RUN	DEFER_FROZEN_V1_QUEUE	gates/R057_REPAIR_V1_39_QUEUE.tsv	原文上下文及反例，狭义V1 PASS/继续REVIEW/有据REJECTED	R064	R064	NOT_APPLICABLE			NO_ACTIVE_SKILL
V1:TX-ce09	V1_SOURCE_REVIEW	TX-ce09	gates/R057_REPAIR_V1_39_QUEUE.tsv	tiexuecanming	n174/p13;n174/p37;n174/p39	HISTORIC_SOURCE_REFERENCES_NOT_R062_ITEMWISE_REVERIFIED	V1_REVIEW_PENDING	NOT_RUN	DEFER_FROZEN_V1_QUEUE	gates/R057_REPAIR_V1_39_QUEUE.tsv	原文上下文及反例，狭义V1 PASS/继续REVIEW/有据REJECTED	R064	R064	NOT_APPLICABLE			NO_ACTIVE_SKILL
V1:TX-ce10	V1_SOURCE_REVIEW	TX-ce10	gates/R057_REPAIR_V1_39_QUEUE.tsv	tiexuecanming	n180/p12;n180/p20;n180/p29	HISTORIC_SOURCE_REFERENCES_NOT_R062_ITEMWISE_REVERIFIED	V1_REVIEW_PENDING	NOT_RUN	DEFER_FROZEN_V1_QUEUE	gates/R057_REPAIR_V1_39_QUEUE.tsv	原文上下文及反例，狭义V1 PASS/继续REVIEW/有据REJECTED	R064	R064	NOT_APPLICABLE			NO_ACTIVE_SKILL
V1:TX-ce12	V1_SOURCE_REVIEW	TX-ce12	gates/R057_REPAIR_V1_39_QUEUE.tsv	tiexuecanming	n213/p2;n213/p5;n213/p18;n213/p21	HISTORIC_SOURCE_REFERENCES_NOT_R062_ITEMWISE_REVERIFIED	V1_REVIEW_PENDING	NOT_RUN	DEFER_FROZEN_V1_QUEUE	gates/R057_REPAIR_V1_39_QUEUE.tsv	原文上下文及反例，狭义V1 PASS/继续REVIEW/有据REJECTED	R064	R064	NOT_APPLICABLE			NO_ACTIVE_SKILL
V1:TX-ce14	V1_SOURCE_REVIEW	TX-ce14	gates/R057_REPAIR_V1_39_QUEUE.tsv	tiexuecanming	n357/p49;n357/p58;n357/p60	HISTORIC_SOURCE_REFERENCES_NOT_R062_ITEMWISE_REVERIFIED	V1_REVIEW_PENDING	NOT_RUN	DEFER_FROZEN_V1_QUEUE	gates/R057_REPAIR_V1_39_QUEUE.tsv	原文上下文及反例，狭义V1 PASS/继续REVIEW/有据REJECTED	R064	R064	NOT_APPLICABLE			NO_ACTIVE_SKILL
V1:TX-ce15	V1_SOURCE_REVIEW	TX-ce15	gates/R057_REPAIR_V1_39_QUEUE.tsv	tiexuecanming	n361/p34;n361/p35;n361/p36	HISTORIC_SOURCE_REFERENCES_NOT_R062_ITEMWISE_REVERIFIED	V1_REVIEW_PENDING	NOT_RUN	DEFER_FROZEN_V1_QUEUE	gates/R057_REPAIR_V1_39_QUEUE.tsv	原文上下文及反例，狭义V1 PASS/继续REVIEW/有据REJECTED	R064	R064	NOT_APPLICABLE			NO_ACTIVE_SKILL
V1:TX-ce18	V1_SOURCE_REVIEW	TX-ce18	gates/R057_REPAIR_V1_39_QUEUE.tsv	tiexuecanming	n490/p28;n490/p30;n505/p8	HISTORIC_SOURCE_REFERENCES_NOT_R062_ITEMWISE_REVERIFIED	V1_REVIEW_PENDING	NOT_RUN	DEFER_FROZEN_V1_QUEUE	gates/R057_REPAIR_V1_39_QUEUE.tsv	原文上下文及反例，狭义V1 PASS/继续REVIEW/有据REJECTED	R064	R064	NOT_APPLICABLE			NO_ACTIVE_SKILL
V2:WM-f11	V2_EXECUTABILITY_NOT_TESTED	WM-f11	gates/R057_REPAIR_V2_11_TEST_DESIGNS.tsv	wanming	n265/p21;n265/p29;n425/p27	HISTORIC_REFERENCE_NOT_NEW_SOURCE_REAUDIT	V1_PREVIOUS_LIMITED_PASS_NO_NEW_V2	NOT_RUN	V2_NOT_TESTED	gates/R057_REPAIR_V2_11_TEST_DESIGNS.tsv	先冻结新题及验收标准，再真实演练、记录失败/未知	R065	R065	NOT_APPLICABLE			NO_ACTIVE_SKILL
V2:WM-f16	V2_EXECUTABILITY_NOT_TESTED	WM-f16	gates/R057_REPAIR_V2_11_TEST_DESIGNS.tsv	wanming	n345/p29;n437/p6;n437/p29	HISTORIC_REFERENCE_NOT_NEW_SOURCE_REAUDIT	V1_PREVIOUS_LIMITED_PASS_NO_NEW_V2	NOT_RUN	V2_NOT_TESTED	gates/R057_REPAIR_V2_11_TEST_DESIGNS.tsv	先冻结新题及验收标准，再真实演练、记录失败/未知	R065	R065	NOT_APPLICABLE			NO_ACTIVE_SKILL
V2:WM-p06	V2_EXECUTABILITY_NOT_TESTED	WM-p06	gates/R057_REPAIR_V2_11_TEST_DESIGNS.tsv	wanming	n140/p30;n140/p36	HISTORIC_REFERENCE_NOT_NEW_SOURCE_REAUDIT	V1_PREVIOUS_LIMITED_PASS_NO_NEW_V2	NOT_RUN	V2_NOT_TESTED	gates/R057_REPAIR_V2_11_TEST_DESIGNS.tsv	先冻结新题及验收标准，再真实演练、记录失败/未知	R065	R065	NOT_APPLICABLE			NO_ACTIVE_SKILL
V2:WM-p13	V2_EXECUTABILITY_NOT_TESTED	WM-p13	gates/R057_REPAIR_V2_11_TEST_DESIGNS.tsv	wanming	n305/p35;n305/p36;n520/p17	HISTORIC_REFERENCE_NOT_NEW_SOURCE_REAUDIT	V1_PREVIOUS_LIMITED_PASS_NO_NEW_V2	NOT_RUN	V2_NOT_TESTED	gates/R057_REPAIR_V2_11_TEST_DESIGNS.tsv	先冻结新题及验收标准，再真实演练、记录失败/未知	R065	R065	NOT_APPLICABLE			NO_ACTIVE_SKILL
V2:WM-p18	V2_EXECUTABILITY_NOT_TESTED	WM-p18	gates/R057_REPAIR_V2_11_TEST_DESIGNS.tsv	wanming	n437/p6;n345/p29	HISTORIC_REFERENCE_NOT_NEW_SOURCE_REAUDIT	V1_PREVIOUS_LIMITED_PASS_NO_NEW_V2	NOT_RUN	V2_NOT_TESTED	gates/R057_REPAIR_V2_11_TEST_DESIGNS.tsv	先冻结新题及验收标准，再真实演练、记录失败/未知	R065	R065	NOT_APPLICABLE			NO_ACTIVE_SKILL
V2:TX-f03	V2_EXECUTABILITY_NOT_TESTED	TX-f03	gates/R057_REPAIR_V2_11_TEST_DESIGNS.tsv	tiexuecanming	n008/p2;n030/p33;n055/p31	HISTORIC_REFERENCE_NOT_NEW_SOURCE_REAUDIT	V1_PREVIOUS_LIMITED_PASS_NO_NEW_V2	NOT_RUN	V2_NOT_TESTED	gates/R057_REPAIR_V2_11_TEST_DESIGNS.tsv	先冻结新题及验收标准，再真实演练、记录失败/未知	R066	R066	NOT_APPLICABLE			NO_ACTIVE_SKILL
V2:TX-f04	V2_EXECUTABILITY_NOT_TESTED	TX-f04	gates/R057_REPAIR_V2_11_TEST_DESIGNS.tsv	tiexuecanming	n145/p29;n315/p40;n420/p2;n485/p23	HISTORIC_REFERENCE_NOT_NEW_SOURCE_REAUDIT	V1_PREVIOUS_LIMITED_PASS_NO_NEW_V2	NOT_RUN	V2_NOT_TESTED	gates/R057_REPAIR_V2_11_TEST_DESIGNS.tsv	先冻结新题及验收标准，再真实演练、记录失败/未知	R066	R066	NOT_APPLICABLE			NO_ACTIVE_SKILL
V2:TX-f15	V2_EXECUTABILITY_NOT_TESTED	TX-f15	gates/R057_REPAIR_V2_11_TEST_DESIGNS.tsv	tiexuecanming	n161/p65;n380/p31;n527/p29;n527/p30	HISTORIC_REFERENCE_NOT_NEW_SOURCE_REAUDIT	V1_PREVIOUS_LIMITED_PASS_NO_NEW_V2	NOT_RUN	V2_NOT_TESTED	gates/R057_REPAIR_V2_11_TEST_DESIGNS.tsv	先冻结新题及验收标准，再真实演练、记录失败/未知	R066	R066	NOT_APPLICABLE			NO_ACTIVE_SKILL
V2:TX-p02	V2_EXECUTABILITY_NOT_TESTED	TX-p02	gates/R057_REPAIR_V2_11_TEST_DESIGNS.tsv	tiexuecanming	n030/p33;n055/p32	HISTORIC_REFERENCE_NOT_NEW_SOURCE_REAUDIT	V1_PREVIOUS_LIMITED_PASS_NO_NEW_V2	NOT_RUN	V2_NOT_TESTED	gates/R057_REPAIR_V2_11_TEST_DESIGNS.tsv	先冻结新题及验收标准，再真实演练、记录失败/未知	R066	R066	NOT_APPLICABLE			NO_ACTIVE_SKILL
V2:TX-p15	V2_EXECUTABILITY_NOT_TESTED	TX-p15	gates/R057_REPAIR_V2_11_TEST_DESIGNS.tsv	tiexuecanming	n386/p39;n386/p45;n386/p49	HISTORIC_REFERENCE_NOT_NEW_SOURCE_REAUDIT	V1_PREVIOUS_LIMITED_PASS_NO_NEW_V2	NOT_RUN	V2_NOT_TESTED	gates/R057_REPAIR_V2_11_TEST_DESIGNS.tsv	先冻结新题及验收标准，再真实演练、记录失败/未知	R066	R066	NOT_APPLICABLE			NO_ACTIVE_SKILL
V2:TX-p18	V2_EXECUTABILITY_NOT_TESTED	TX-p18	gates/R057_REPAIR_V2_11_TEST_DESIGNS.tsv	tiexuecanming	n490/p28;n505/p8	HISTORIC_REFERENCE_NOT_NEW_SOURCE_REAUDIT	V1_PREVIOUS_LIMITED_PASS_NO_NEW_V2	NOT_RUN	V2_NOT_TESTED	gates/R057_REPAIR_V2_11_TEST_DESIGNS.tsv	先冻结新题及验收标准，再真实演练、记录失败/未知	R066	R066	NOT_APPLICABLE			NO_ACTIVE_SKILL
V3:WM-f01	V3_NO_GAIN_PROVEN	WM-f01	gates/R057_REPAIR_V3_47_TEST_QUEUE.tsv	wanming	WM-01,WM-03	ORIGINAL_CANDIDATE_TRACED_ONLY	V1_V2_HISTORY_NOT_V3_PROVEN	V3_0_OF_47_NEW_NO_GAIN_PROVEN	V3_INDEPENDENT_GAIN_NOT_RUN	gates/R057_REPAIR_V3_47_TEST_QUEUE.tsv	R067先冻结新题，同题公平两臂真实输出，每个方法的独立增益与失败判定	R067_FREEZE_THEN_R068_EXECUTE_THEN_R077	R068	NOT_APPLICABLE			NO_ACTIVE_SKILL
V3:WM-f02	V3_NO_GAIN_PROVEN	WM-f02	gates/R057_REPAIR_V3_47_TEST_QUEUE.tsv	wanming	WM-02,WM-07	ORIGINAL_CANDIDATE_TRACED_ONLY	V1_V2_HISTORY_NOT_V3_PROVEN	V3_0_OF_47_NEW_NO_GAIN_PROVEN	V3_INDEPENDENT_GAIN_NOT_RUN	gates/R057_REPAIR_V3_47_TEST_QUEUE.tsv	R067先冻结新题，同题公平两臂真实输出，每个方法的独立增益与失败判定	R067_FREEZE_THEN_R068_EXECUTE_THEN_R077	R068	NOT_APPLICABLE			NO_ACTIVE_SKILL
V3:WM-f04	V3_NO_GAIN_PROVEN	WM-f04	gates/R057_REPAIR_V3_47_TEST_QUEUE.tsv	wanming	WM-03,WM-04,WM-06	ORIGINAL_CANDIDATE_TRACED_ONLY	V1_V2_HISTORY_NOT_V3_PROVEN	V3_0_OF_47_NEW_NO_GAIN_PROVEN	V3_INDEPENDENT_GAIN_NOT_RUN	gates/R057_REPAIR_V3_47_TEST_QUEUE.tsv	R067先冻结新题，同题公平两臂真实输出，每个方法的独立增益与失败判定	R067_FREEZE_THEN_R068_EXECUTE_THEN_R077	R068	NOT_APPLICABLE			NO_ACTIVE_SKILL
V3:WM-f06	V3_NO_GAIN_PROVEN	WM-f06	gates/R057_REPAIR_V3_47_TEST_QUEUE.tsv	wanming	WM-01,WM-03	ORIGINAL_CANDIDATE_TRACED_ONLY	V1_V2_HISTORY_NOT_V3_PROVEN	V3_0_OF_47_NEW_NO_GAIN_PROVEN	V3_INDEPENDENT_GAIN_NOT_RUN	gates/R057_REPAIR_V3_47_TEST_QUEUE.tsv	R067先冻结新题，同题公平两臂真实输出，每个方法的独立增益与失败判定	R067_FREEZE_THEN_R068_EXECUTE_THEN_R077	R068	NOT_APPLICABLE			NO_ACTIVE_SKILL
V3:WM-f08	V3_NO_GAIN_PROVEN	WM-f08	gates/R057_REPAIR_V3_47_TEST_QUEUE.tsv	wanming	WM-05,WM-06	ORIGINAL_CANDIDATE_TRACED_ONLY	V1_V2_HISTORY_NOT_V3_PROVEN	V3_0_OF_47_NEW_NO_GAIN_PROVEN	V3_INDEPENDENT_GAIN_NOT_RUN	gates/R057_REPAIR_V3_47_TEST_QUEUE.tsv	R067先冻结新题，同题公平两臂真实输出，每个方法的独立增益与失败判定	R067_FREEZE_THEN_R068_EXECUTE_THEN_R077	R068	NOT_APPLICABLE			NO_ACTIVE_SKILL
V3:WM-f10	V3_NO_GAIN_PROVEN	WM-f10	gates/R057_REPAIR_V3_47_TEST_QUEUE.tsv	wanming	WM-06,WM-08	ORIGINAL_CANDIDATE_TRACED_ONLY	V1_V2_HISTORY_NOT_V3_PROVEN	V3_0_OF_47_NEW_NO_GAIN_PROVEN	V3_INDEPENDENT_GAIN_NOT_RUN	gates/R057_REPAIR_V3_47_TEST_QUEUE.tsv	R067先冻结新题，同题公平两臂真实输出，每个方法的独立增益与失败判定	R067_FREEZE_THEN_R068_EXECUTE_THEN_R077	R068	NOT_APPLICABLE			NO_ACTIVE_SKILL
V3:WM-f12	V3_NO_GAIN_PROVEN	WM-f12	gates/R057_REPAIR_V3_47_TEST_QUEUE.tsv	wanming	WM-07,WM-02	ORIGINAL_CANDIDATE_TRACED_ONLY	V1_V2_HISTORY_NOT_V3_PROVEN	V3_0_OF_47_NEW_NO_GAIN_PROVEN	V3_INDEPENDENT_GAIN_NOT_RUN	gates/R057_REPAIR_V3_47_TEST_QUEUE.tsv	R067先冻结新题，同题公平两臂真实输出，每个方法的独立增益与失败判定	R067_FREEZE_THEN_R068_EXECUTE_THEN_R077	R068	NOT_APPLICABLE			NO_ACTIVE_SKILL
V3:WM-f13	V3_NO_GAIN_PROVEN	WM-f13	gates/R057_REPAIR_V3_47_TEST_QUEUE.tsv	wanming	WM-09	ORIGINAL_CANDIDATE_TRACED_ONLY	V1_V2_HISTORY_NOT_V3_PROVEN	V3_0_OF_47_NEW_NO_GAIN_PROVEN	V3_INDEPENDENT_GAIN_NOT_RUN	gates/R057_REPAIR_V3_47_TEST_QUEUE.tsv	R067先冻结新题，同题公平两臂真实输出，每个方法的独立增益与失败判定	R067_FREEZE_THEN_R069_EXECUTE_THEN_R077	R069	NOT_APPLICABLE			NO_ACTIVE_SKILL
V3:WM-f14	V3_NO_GAIN_PROVEN	WM-f14	gates/R057_REPAIR_V3_47_TEST_QUEUE.tsv	wanming	WM-08,WM-06	ORIGINAL_CANDIDATE_TRACED_ONLY	V1_V2_HISTORY_NOT_V3_PROVEN	V3_0_OF_47_NEW_NO_GAIN_PROVEN	V3_INDEPENDENT_GAIN_NOT_RUN	gates/R057_REPAIR_V3_47_TEST_QUEUE.tsv	R067先冻结新题，同题公平两臂真实输出，每个方法的独立增益与失败判定	R067_FREEZE_THEN_R069_EXECUTE_THEN_R077	R069	NOT_APPLICABLE			NO_ACTIVE_SKILL
V3:WM-p01	V3_NO_GAIN_PROVEN	WM-p01	gates/R057_REPAIR_V3_47_TEST_QUEUE.tsv	wanming	WM-02,WM-04	ORIGINAL_CANDIDATE_TRACED_ONLY	V1_V2_HISTORY_NOT_V3_PROVEN	V3_0_OF_47_NEW_NO_GAIN_PROVEN	V3_INDEPENDENT_GAIN_NOT_RUN	gates/R057_REPAIR_V3_47_TEST_QUEUE.tsv	R067先冻结新题，同题公平两臂真实输出，每个方法的独立增益与失败判定	R067_FREEZE_THEN_R069_EXECUTE_THEN_R077	R069	NOT_APPLICABLE			NO_ACTIVE_SKILL
V3:WM-p03	V3_NO_GAIN_PROVEN	WM-p03	gates/R057_REPAIR_V3_47_TEST_QUEUE.tsv	wanming	WM-01,WM-08	ORIGINAL_CANDIDATE_TRACED_ONLY	V1_V2_HISTORY_NOT_V3_PROVEN	V3_0_OF_47_NEW_NO_GAIN_PROVEN	V3_INDEPENDENT_GAIN_NOT_RUN	gates/R057_REPAIR_V3_47_TEST_QUEUE.tsv	R067先冻结新题，同题公平两臂真实输出，每个方法的独立增益与失败判定	R067_FREEZE_THEN_R069_EXECUTE_THEN_R077	R069	NOT_APPLICABLE			NO_ACTIVE_SKILL
V3:WM-p04	V3_NO_GAIN_PROVEN	WM-p04	gates/R057_REPAIR_V3_47_TEST_QUEUE.tsv	wanming	WM-06	ORIGINAL_CANDIDATE_TRACED_ONLY	V1_V2_HISTORY_NOT_V3_PROVEN	V3_0_OF_47_NEW_NO_GAIN_PROVEN	V3_INDEPENDENT_GAIN_NOT_RUN	gates/R057_REPAIR_V3_47_TEST_QUEUE.tsv	R067先冻结新题，同题公平两臂真实输出，每个方法的独立增益与失败判定	R067_FREEZE_THEN_R069_EXECUTE_THEN_R077	R069	NOT_APPLICABLE			NO_ACTIVE_SKILL
V3:WM-p05	V3_NO_GAIN_PROVEN	WM-p05	gates/R057_REPAIR_V3_47_TEST_QUEUE.tsv	wanming	WM-03,WM-04	ORIGINAL_CANDIDATE_TRACED_ONLY	V1_V2_HISTORY_NOT_V3_PROVEN	V3_0_OF_47_NEW_NO_GAIN_PROVEN	V3_INDEPENDENT_GAIN_NOT_RUN	gates/R057_REPAIR_V3_47_TEST_QUEUE.tsv	R067先冻结新题，同题公平两臂真实输出，每个方法的独立增益与失败判定	R067_FREEZE_THEN_R069_EXECUTE_THEN_R077	R069	NOT_APPLICABLE			NO_ACTIVE_SKILL
V3:WM-p07	V3_NO_GAIN_PROVEN	WM-p07	gates/R057_REPAIR_V3_47_TEST_QUEUE.tsv	wanming	WM-05,WM-09	ORIGINAL_CANDIDATE_TRACED_ONLY	V1_V2_HISTORY_NOT_V3_PROVEN	V3_0_OF_47_NEW_NO_GAIN_PROVEN	V3_INDEPENDENT_GAIN_NOT_RUN	gates/R057_REPAIR_V3_47_TEST_QUEUE.tsv	R067先冻结新题，同题公平两臂真实输出，每个方法的独立增益与失败判定	R067_FREEZE_THEN_R069_EXECUTE_THEN_R077	R069	NOT_APPLICABLE			NO_ACTIVE_SKILL
V3:WM-p08	V3_NO_GAIN_PROVEN	WM-p08	gates/R057_REPAIR_V3_47_TEST_QUEUE.tsv	wanming	WM-01,WM-03	ORIGINAL_CANDIDATE_TRACED_ONLY	V1_V2_HISTORY_NOT_V3_PROVEN	V3_0_OF_47_NEW_NO_GAIN_PROVEN	V3_INDEPENDENT_GAIN_NOT_RUN	gates/R057_REPAIR_V3_47_TEST_QUEUE.tsv	R067先冻结新题，同题公平两臂真实输出，每个方法的独立增益与失败判定	R067_FREEZE_THEN_R070_EXECUTE_THEN_R077	R070	NOT_APPLICABLE			NO_ACTIVE_SKILL
V3:WM-p12	V3_NO_GAIN_PROVEN	WM-p12	gates/R057_REPAIR_V3_47_TEST_QUEUE.tsv	wanming	WM-03,WM-04	ORIGINAL_CANDIDATE_TRACED_ONLY	V1_V2_HISTORY_NOT_V3_PROVEN	V3_0_OF_47_NEW_NO_GAIN_PROVEN	V3_INDEPENDENT_GAIN_NOT_RUN	gates/R057_REPAIR_V3_47_TEST_QUEUE.tsv	R067先冻结新题，同题公平两臂真实输出，每个方法的独立增益与失败判定	R067_FREEZE_THEN_R070_EXECUTE_THEN_R077	R070	NOT_APPLICABLE			NO_ACTIVE_SKILL
V3:WM-p14	V3_NO_GAIN_PROVEN	WM-p14	gates/R057_REPAIR_V3_47_TEST_QUEUE.tsv	wanming	WM-08	ORIGINAL_CANDIDATE_TRACED_ONLY	V1_V2_HISTORY_NOT_V3_PROVEN	V3_0_OF_47_NEW_NO_GAIN_PROVEN	V3_INDEPENDENT_GAIN_NOT_RUN	gates/R057_REPAIR_V3_47_TEST_QUEUE.tsv	R067先冻结新题，同题公平两臂真实输出，每个方法的独立增益与失败判定	R067_FREEZE_THEN_R070_EXECUTE_THEN_R077	R070	NOT_APPLICABLE			NO_ACTIVE_SKILL
V3:WM-p19	V3_NO_GAIN_PROVEN	WM-p19	gates/R057_REPAIR_V3_47_TEST_QUEUE.tsv	wanming	WM-05,WM-09	ORIGINAL_CANDIDATE_TRACED_ONLY	V1_V2_HISTORY_NOT_V3_PROVEN	V3_0_OF_47_NEW_NO_GAIN_PROVEN	V3_INDEPENDENT_GAIN_NOT_RUN	gates/R057_REPAIR_V3_47_TEST_QUEUE.tsv	R067先冻结新题，同题公平两臂真实输出，每个方法的独立增益与失败判定	R067_FREEZE_THEN_R070_EXECUTE_THEN_R077	R070	NOT_APPLICABLE			NO_ACTIVE_SKILL
V3:WM-p20	V3_NO_GAIN_PROVEN	WM-p20	gates/R057_REPAIR_V3_47_TEST_QUEUE.tsv	wanming	WM-07,WM-08	ORIGINAL_CANDIDATE_TRACED_ONLY	V1_V2_HISTORY_NOT_V3_PROVEN	V3_0_OF_47_NEW_NO_GAIN_PROVEN	V3_INDEPENDENT_GAIN_NOT_RUN	gates/R057_REPAIR_V3_47_TEST_QUEUE.tsv	R067先冻结新题，同题公平两臂真实输出，每个方法的独立增益与失败判定	R067_FREEZE_THEN_R070_EXECUTE_THEN_R077	R070	NOT_APPLICABLE			NO_ACTIVE_SKILL
V3:WM-p21	V3_NO_GAIN_PROVEN	WM-p21	gates/R057_REPAIR_V3_47_TEST_QUEUE.tsv	wanming	WM-07	ORIGINAL_CANDIDATE_TRACED_ONLY	V1_V2_HISTORY_NOT_V3_PROVEN	V3_0_OF_47_NEW_NO_GAIN_PROVEN	V3_INDEPENDENT_GAIN_NOT_RUN	gates/R057_REPAIR_V3_47_TEST_QUEUE.tsv	R067先冻结新题，同题公平两臂真实输出，每个方法的独立增益与失败判定	R067_FREEZE_THEN_R070_EXECUTE_THEN_R077	R070	NOT_APPLICABLE			NO_ACTIVE_SKILL
V3:WM-p23	V3_NO_GAIN_PROVEN	WM-p23	gates/R057_REPAIR_V3_47_TEST_QUEUE.tsv	wanming	WM-09	ORIGINAL_CANDIDATE_TRACED_ONLY	V1_V2_HISTORY_NOT_V3_PROVEN	V3_0_OF_47_NEW_NO_GAIN_PROVEN	V3_INDEPENDENT_GAIN_NOT_RUN	gates/R057_REPAIR_V3_47_TEST_QUEUE.tsv	R067先冻结新题，同题公平两臂真实输出，每个方法的独立增益与失败判定	R067_FREEZE_THEN_R070_EXECUTE_THEN_R077	R070	NOT_APPLICABLE			NO_ACTIVE_SKILL
V3:TX-f01	V3_NO_GAIN_PROVEN	TX-f01	gates/R057_REPAIR_V3_47_TEST_QUEUE.tsv	tiexuecanming	TX-01,TX-08	ORIGINAL_CANDIDATE_TRACED_ONLY	V1_V2_HISTORY_NOT_V3_PROVEN	V3_0_OF_47_NEW_NO_GAIN_PROVEN	V3_INDEPENDENT_GAIN_NOT_RUN	gates/R057_REPAIR_V3_47_TEST_QUEUE.tsv	R067先冻结新题，同题公平两臂真实输出，每个方法的独立增益与失败判定	R067_FREEZE_THEN_R071_EXECUTE_THEN_R077	R071	NOT_APPLICABLE			NO_ACTIVE_SKILL
V3:TX-f02	V3_NO_GAIN_PROVEN	TX-f02	gates/R057_REPAIR_V3_47_TEST_QUEUE.tsv	tiexuecanming	TX-02,TX-03	ORIGINAL_CANDIDATE_TRACED_ONLY	V1_V2_HISTORY_NOT_V3_PROVEN	V3_0_OF_47_NEW_NO_GAIN_PROVEN	V3_INDEPENDENT_GAIN_NOT_RUN	gates/R057_REPAIR_V3_47_TEST_QUEUE.tsv	R067先冻结新题，同题公平两臂真实输出，每个方法的独立增益与失败判定	R067_FREEZE_THEN_R071_EXECUTE_THEN_R077	R071	NOT_APPLICABLE			NO_ACTIVE_SKILL
V3:TX-f05	V3_NO_GAIN_PROVEN	TX-f05	gates/R057_REPAIR_V3_47_TEST_QUEUE.tsv	tiexuecanming	TX-03,TX-05	ORIGINAL_CANDIDATE_TRACED_ONLY	V1_V2_HISTORY_NOT_V3_PROVEN	V3_0_OF_47_NEW_NO_GAIN_PROVEN	V3_INDEPENDENT_GAIN_NOT_RUN	gates/R057_REPAIR_V3_47_TEST_QUEUE.tsv	R067先冻结新题，同题公平两臂真实输出，每个方法的独立增益与失败判定	R067_FREEZE_THEN_R071_EXECUTE_THEN_R077	R071	NOT_APPLICABLE			NO_ACTIVE_SKILL
V3:TX-f08	V3_NO_GAIN_PROVEN	TX-f08	gates/R057_REPAIR_V3_47_TEST_QUEUE.tsv	tiexuecanming	TX-03,TX-05	ORIGINAL_CANDIDATE_TRACED_ONLY	V1_V2_HISTORY_NOT_V3_PROVEN	V3_0_OF_47_NEW_NO_GAIN_PROVEN	V3_INDEPENDENT_GAIN_NOT_RUN	gates/R057_REPAIR_V3_47_TEST_QUEUE.tsv	R067先冻结新题，同题公平两臂真实输出，每个方法的独立增益与失败判定	R067_FREEZE_THEN_R071_EXECUTE_THEN_R077	R071	NOT_APPLICABLE			NO_ACTIVE_SKILL
V3:TX-f09	V3_NO_GAIN_PROVEN	TX-f09	gates/R057_REPAIR_V3_47_TEST_QUEUE.tsv	tiexuecanming	TX-06,TX-07	ORIGINAL_CANDIDATE_TRACED_ONLY	V1_V2_HISTORY_NOT_V3_PROVEN	V3_0_OF_47_NEW_NO_GAIN_PROVEN	V3_INDEPENDENT_GAIN_NOT_RUN	gates/R057_REPAIR_V3_47_TEST_QUEUE.tsv	R067先冻结新题，同题公平两臂真实输出，每个方法的独立增益与失败判定	R067_FREEZE_THEN_R071_EXECUTE_THEN_R077	R071	NOT_APPLICABLE			NO_ACTIVE_SKILL
V3:TX-f10	V3_NO_GAIN_PROVEN	TX-f10	gates/R057_REPAIR_V3_47_TEST_QUEUE.tsv	tiexuecanming	TX-04,TX-07,TX-08	ORIGINAL_CANDIDATE_TRACED_ONLY	V1_V2_HISTORY_NOT_V3_PROVEN	V3_0_OF_47_NEW_NO_GAIN_PROVEN	V3_INDEPENDENT_GAIN_NOT_RUN	gates/R057_REPAIR_V3_47_TEST_QUEUE.tsv	R067先冻结新题，同题公平两臂真实输出，每个方法的独立增益与失败判定	R067_FREEZE_THEN_R071_EXECUTE_THEN_R077	R071	NOT_APPLICABLE			NO_ACTIVE_SKILL
V3:TX-f11	V3_NO_GAIN_PROVEN	TX-f11	gates/R057_REPAIR_V3_47_TEST_QUEUE.tsv	tiexuecanming	TX-01,TX-08	ORIGINAL_CANDIDATE_TRACED_ONLY	V1_V2_HISTORY_NOT_V3_PROVEN	V3_0_OF_47_NEW_NO_GAIN_PROVEN	V3_INDEPENDENT_GAIN_NOT_RUN	gates/R057_REPAIR_V3_47_TEST_QUEUE.tsv	R067先冻结新题，同题公平两臂真实输出，每个方法的独立增益与失败判定	R067_FREEZE_THEN_R071_EXECUTE_THEN_R077	R071	NOT_APPLICABLE			NO_ACTIVE_SKILL
V3:TX-f12	V3_NO_GAIN_PROVEN	TX-f12	gates/R057_REPAIR_V3_47_TEST_QUEUE.tsv	tiexuecanming	TX-06,TX-07	ORIGINAL_CANDIDATE_TRACED_ONLY	V1_V2_HISTORY_NOT_V3_PROVEN	V3_0_OF_47_NEW_NO_GAIN_PROVEN	V3_INDEPENDENT_GAIN_NOT_RUN	gates/R057_REPAIR_V3_47_TEST_QUEUE.tsv	R067先冻结新题，同题公平两臂真实输出，每个方法的独立增益与失败判定	R067_FREEZE_THEN_R072_EXECUTE_THEN_R077	R072	NOT_APPLICABLE			NO_ACTIVE_SKILL
V3:TX-f13	V3_NO_GAIN_PROVEN	TX-f13	gates/R057_REPAIR_V3_47_TEST_QUEUE.tsv	tiexuecanming	TX-02,TX-09	ORIGINAL_CANDIDATE_TRACED_ONLY	V1_V2_HISTORY_NOT_V3_PROVEN	V3_0_OF_47_NEW_NO_GAIN_PROVEN	V3_INDEPENDENT_GAIN_NOT_RUN	gates/R057_REPAIR_V3_47_TEST_QUEUE.tsv	R067先冻结新题，同题公平两臂真实输出，每个方法的独立增益与失败判定	R067_FREEZE_THEN_R072_EXECUTE_THEN_R077	R072	NOT_APPLICABLE			NO_ACTIVE_SKILL
V3:TX-f16	V3_NO_GAIN_PROVEN	TX-f16	gates/R057_REPAIR_V3_47_TEST_QUEUE.tsv	tiexuecanming	TX-04,TX-09,TX-10	ORIGINAL_CANDIDATE_TRACED_ONLY	V1_V2_HISTORY_NOT_V3_PROVEN	V3_0_OF_47_NEW_NO_GAIN_PROVEN	V3_INDEPENDENT_GAIN_NOT_RUN	gates/R057_REPAIR_V3_47_TEST_QUEUE.tsv	R067先冻结新题，同题公平两臂真实输出，每个方法的独立增益与失败判定	R067_FREEZE_THEN_R072_EXECUTE_THEN_R077	R072	NOT_APPLICABLE			NO_ACTIVE_SKILL
V3:TX-p01	V3_NO_GAIN_PROVEN	TX-p01	gates/R057_REPAIR_V3_47_TEST_QUEUE.tsv	tiexuecanming	TX-01	ORIGINAL_CANDIDATE_TRACED_ONLY	V1_V2_HISTORY_NOT_V3_PROVEN	V3_0_OF_47_NEW_NO_GAIN_PROVEN	V3_INDEPENDENT_GAIN_NOT_RUN	gates/R057_REPAIR_V3_47_TEST_QUEUE.tsv	R067先冻结新题，同题公平两臂真实输出，每个方法的独立增益与失败判定	R067_FREEZE_THEN_R072_EXECUTE_THEN_R077	R072	NOT_APPLICABLE			NO_ACTIVE_SKILL
V3:TX-p03	V3_NO_GAIN_PROVEN	TX-p03	gates/R057_REPAIR_V3_47_TEST_QUEUE.tsv	tiexuecanming	TX-02,TX-09	ORIGINAL_CANDIDATE_TRACED_ONLY	V1_V2_HISTORY_NOT_V3_PROVEN	V3_0_OF_47_NEW_NO_GAIN_PROVEN	V3_INDEPENDENT_GAIN_NOT_RUN	gates/R057_REPAIR_V3_47_TEST_QUEUE.tsv	R067先冻结新题，同题公平两臂真实输出，每个方法的独立增益与失败判定	R067_FREEZE_THEN_R072_EXECUTE_THEN_R077	R072	NOT_APPLICABLE			NO_ACTIVE_SKILL
V3:TX-p04	V3_NO_GAIN_PROVEN	TX-p04	gates/R057_REPAIR_V3_47_TEST_QUEUE.tsv	tiexuecanming	TX-03,TX-04	ORIGINAL_CANDIDATE_TRACED_ONLY	V1_V2_HISTORY_NOT_V3_PROVEN	V3_0_OF_47_NEW_NO_GAIN_PROVEN	V3_INDEPENDENT_GAIN_NOT_RUN	gates/R057_REPAIR_V3_47_TEST_QUEUE.tsv	R067先冻结新题，同题公平两臂真实输出，每个方法的独立增益与失败判定	R067_FREEZE_THEN_R072_EXECUTE_THEN_R077	R072	NOT_APPLICABLE			NO_ACTIVE_SKILL
V3:TX-p05	V3_NO_GAIN_PROVEN	TX-p05	gates/R057_REPAIR_V3_47_TEST_QUEUE.tsv	tiexuecanming	TX-04	ORIGINAL_CANDIDATE_TRACED_ONLY	V1_V2_HISTORY_NOT_V3_PROVEN	V3_0_OF_47_NEW_NO_GAIN_PROVEN	V3_INDEPENDENT_GAIN_NOT_RUN	gates/R057_REPAIR_V3_47_TEST_QUEUE.tsv	R067先冻结新题，同题公平两臂真实输出，每个方法的独立增益与失败判定	R067_FREEZE_THEN_R072_EXECUTE_THEN_R077	R072	NOT_APPLICABLE			NO_ACTIVE_SKILL
V3:TX-p06	V3_NO_GAIN_PROVEN	TX-p06	gates/R057_REPAIR_V3_47_TEST_QUEUE.tsv	tiexuecanming	TX-06	ORIGINAL_CANDIDATE_TRACED_ONLY	V1_V2_HISTORY_NOT_V3_PROVEN	V3_0_OF_47_NEW_NO_GAIN_PROVEN	V3_INDEPENDENT_GAIN_NOT_RUN	gates/R057_REPAIR_V3_47_TEST_QUEUE.tsv	R067先冻结新题，同题公平两臂真实输出，每个方法的独立增益与失败判定	R067_FREEZE_THEN_R073_EXECUTE_THEN_R077	R073	NOT_APPLICABLE			NO_ACTIVE_SKILL
V3:TX-p07	V3_NO_GAIN_PROVEN	TX-p07	gates/R057_REPAIR_V3_47_TEST_QUEUE.tsv	tiexuecanming	TX-05,TX-08	ORIGINAL_CANDIDATE_TRACED_ONLY	V1_V2_HISTORY_NOT_V3_PROVEN	V3_0_OF_47_NEW_NO_GAIN_PROVEN	V3_INDEPENDENT_GAIN_NOT_RUN	gates/R057_REPAIR_V3_47_TEST_QUEUE.tsv	R067先冻结新题，同题公平两臂真实输出，每个方法的独立增益与失败判定	R067_FREEZE_THEN_R073_EXECUTE_THEN_R077	R073	NOT_APPLICABLE			NO_ACTIVE_SKILL
V3:TX-p08	V3_NO_GAIN_PROVEN	TX-p08	gates/R057_REPAIR_V3_47_TEST_QUEUE.tsv	tiexuecanming	TX-05	ORIGINAL_CANDIDATE_TRACED_ONLY	V1_V2_HISTORY_NOT_V3_PROVEN	V3_0_OF_47_NEW_NO_GAIN_PROVEN	V3_INDEPENDENT_GAIN_NOT_RUN	gates/R057_REPAIR_V3_47_TEST_QUEUE.tsv	R067先冻结新题，同题公平两臂真实输出，每个方法的独立增益与失败判定	R067_FREEZE_THEN_R073_EXECUTE_THEN_R077	R073	NOT_APPLICABLE			NO_ACTIVE_SKILL
V3:TX-p09	V3_NO_GAIN_PROVEN	TX-p09	gates/R057_REPAIR_V3_47_TEST_QUEUE.tsv	tiexuecanming	TX-03	ORIGINAL_CANDIDATE_TRACED_ONLY	V1_V2_HISTORY_NOT_V3_PROVEN	V3_0_OF_47_NEW_NO_GAIN_PROVEN	V3_INDEPENDENT_GAIN_NOT_RUN	gates/R057_REPAIR_V3_47_TEST_QUEUE.tsv	R067先冻结新题，同题公平两臂真实输出，每个方法的独立增益与失败判定	R067_FREEZE_THEN_R073_EXECUTE_THEN_R077	R073	NOT_APPLICABLE			NO_ACTIVE_SKILL
V3:TX-p11	V3_NO_GAIN_PROVEN	TX-p11	gates/R057_REPAIR_V3_47_TEST_QUEUE.tsv	tiexuecanming	TX-01,TX-08	ORIGINAL_CANDIDATE_TRACED_ONLY	V1_V2_HISTORY_NOT_V3_PROVEN	V3_0_OF_47_NEW_NO_GAIN_PROVEN	V3_INDEPENDENT_GAIN_NOT_RUN	gates/R057_REPAIR_V3_47_TEST_QUEUE.tsv	R067先冻结新题，同题公平两臂真实输出，每个方法的独立增益与失败判定	R067_FREEZE_THEN_R073_EXECUTE_THEN_R077	R073	NOT_APPLICABLE			NO_ACTIVE_SKILL
V3:TX-p12	V3_NO_GAIN_PROVEN	TX-p12	gates/R057_REPAIR_V3_47_TEST_QUEUE.tsv	tiexuecanming	TX-02,TX-05	ORIGINAL_CANDIDATE_TRACED_ONLY	V1_V2_HISTORY_NOT_V3_PROVEN	V3_0_OF_47_NEW_NO_GAIN_PROVEN	V3_INDEPENDENT_GAIN_NOT_RUN	gates/R057_REPAIR_V3_47_TEST_QUEUE.tsv	R067先冻结新题，同题公平两臂真实输出，每个方法的独立增益与失败判定	R067_FREEZE_THEN_R073_EXECUTE_THEN_R077	R073	NOT_APPLICABLE			NO_ACTIVE_SKILL
V3:TX-p13	V3_NO_GAIN_PROVEN	TX-p13	gates/R057_REPAIR_V3_47_TEST_QUEUE.tsv	tiexuecanming	TX-06	ORIGINAL_CANDIDATE_TRACED_ONLY	V1_V2_HISTORY_NOT_V3_PROVEN	V3_0_OF_47_NEW_NO_GAIN_PROVEN	V3_INDEPENDENT_GAIN_NOT_RUN	gates/R057_REPAIR_V3_47_TEST_QUEUE.tsv	R067先冻结新题，同题公平两臂真实输出，每个方法的独立增益与失败判定	R067_FREEZE_THEN_R074_EXECUTE_THEN_R077	R074	NOT_APPLICABLE			NO_ACTIVE_SKILL
V3:TX-p14	V3_NO_GAIN_PROVEN	TX-p14	gates/R057_REPAIR_V3_47_TEST_QUEUE.tsv	tiexuecanming	TX-07	ORIGINAL_CANDIDATE_TRACED_ONLY	V1_V2_HISTORY_NOT_V3_PROVEN	V3_0_OF_47_NEW_NO_GAIN_PROVEN	V3_INDEPENDENT_GAIN_NOT_RUN	gates/R057_REPAIR_V3_47_TEST_QUEUE.tsv	R067先冻结新题，同题公平两臂真实输出，每个方法的独立增益与失败判定	R067_FREEZE_THEN_R074_EXECUTE_THEN_R077	R074	NOT_APPLICABLE			NO_ACTIVE_SKILL
V3:TX-p17	V3_NO_GAIN_PROVEN	TX-p17	gates/R057_REPAIR_V3_47_TEST_QUEUE.tsv	tiexuecanming	TX-09,TX-06	ORIGINAL_CANDIDATE_TRACED_ONLY	V1_V2_HISTORY_NOT_V3_PROVEN	V3_0_OF_47_NEW_NO_GAIN_PROVEN	V3_INDEPENDENT_GAIN_NOT_RUN	gates/R057_REPAIR_V3_47_TEST_QUEUE.tsv	R067先冻结新题，同题公平两臂真实输出，每个方法的独立增益与失败判定	R067_FREEZE_THEN_R074_EXECUTE_THEN_R077	R074	NOT_APPLICABLE			NO_ACTIVE_SKILL
V3:TX-p19	V3_NO_GAIN_PROVEN	TX-p19	gates/R057_REPAIR_V3_47_TEST_QUEUE.tsv	tiexuecanming	TX-09	ORIGINAL_CANDIDATE_TRACED_ONLY	V1_V2_HISTORY_NOT_V3_PROVEN	V3_0_OF_47_NEW_NO_GAIN_PROVEN	V3_INDEPENDENT_GAIN_NOT_RUN	gates/R057_REPAIR_V3_47_TEST_QUEUE.tsv	R067先冻结新题，同题公平两臂真实输出，每个方法的独立增益与失败判定	R067_FREEZE_THEN_R074_EXECUTE_THEN_R077	R074	NOT_APPLICABLE			NO_ACTIVE_SKILL
V3:TX-p20	V3_NO_GAIN_PROVEN	TX-p20	gates/R057_REPAIR_V3_47_TEST_QUEUE.tsv	tiexuecanming	TX-08,TX-05	ORIGINAL_CANDIDATE_TRACED_ONLY	V1_V2_HISTORY_NOT_V3_PROVEN	V3_0_OF_47_NEW_NO_GAIN_PROVEN	V3_INDEPENDENT_GAIN_NOT_RUN	gates/R057_REPAIR_V3_47_TEST_QUEUE.tsv	R067先冻结新题，同题公平两臂真实输出，每个方法的独立增益与失败判定	R067_FREEZE_THEN_R074_EXECUTE_THEN_R077	R074	NOT_APPLICABLE			NO_ACTIVE_SKILL
V3:TX-p21	V3_NO_GAIN_PROVEN	TX-p21	gates/R057_REPAIR_V3_47_TEST_QUEUE.tsv	tiexuecanming	TX-04,TX-10	ORIGINAL_CANDIDATE_TRACED_ONLY	V1_V2_HISTORY_NOT_V3_PROVEN	V3_0_OF_47_NEW_NO_GAIN_PROVEN	V3_INDEPENDENT_GAIN_NOT_RUN	gates/R057_REPAIR_V3_47_TEST_QUEUE.tsv	R067先冻结新题，同题公平两臂真实输出，每个方法的独立增益与失败判定	R067_FREEZE_THEN_R074_EXECUTE_THEN_R077	R074	NOT_APPLICABLE			NO_ACTIVE_SKILL
TASK:WM-01	STAGE0_TASK_COVERAGE	WM-01	gates/R057_TASK_COVERAGE.tsv	wanming	n001/p44、n022/p1、n052/p28	PRIVATE_EPUB_68_LOCUS_BATCH_READ_BOUNDS_PASS	TASK_SOURCE_SCOPED_NOT_PROVEN_METHOD	NOT_RUN_STANDALONE	SOURCE_SCOPED	gates/R057_TASK_COVERAGE.tsv;books/wanming/BOOK_OVERVIEW.md;n1/p44@OEBPS/Text/Chapter_0009.xhtml#319a67a7dea3efef9a4db71657a4e6860f5beaa7d4415b55ee8ba94215a5eaea;n22/p1@OEBPS/Text/Chapter_0030.xhtml#d059fe837355d827f1d530ed41b6c204d7f177d9a7ebc2970530b3b8b4fea89d;n52/p28@OEBPS/Text/Chapter_0061.xhtml#60d6e53bc49e28ab28727b0370e148b7f627d9503d6edd91ddf29b36ebcae514	旧衣食困境、失业、官面选择对应不同阶段；p001/44不能当合法身份正式取得；后续：独立新人物与社会认可链未测	R063_R066_WHERE_CANDIDATE_APPLIES;R067_R077_V3;R078_FINAL_COVERAGE	R062;R077;R078	NOT_APPLICABLE		WM-01:WM-f01;WM-f06;WM-p03;WM-p08	NONE_VERIFIED_TASK_BASIS
TASK:WM-02	STAGE0_TASK_COVERAGE	WM-02	gates/R057_TASK_COVERAGE.tsv	wanming	n034/p18、n064/p55、n468/p44	PRIVATE_EPUB_68_LOCUS_BATCH_READ_BOUNDS_PASS	TASK_SOURCE_SCOPED_NOT_PROVEN_METHOD	NOT_RUN_STANDALONE	SOURCE_SCOPED	gates/R057_TASK_COVERAGE.tsv;books/wanming/BOOK_OVERVIEW.md;n34/p18@OEBPS/Text/Chapter_0042.xhtml#1c031ec8685f920cd13e122087941ce7dde46c8da5e6eba0280adb8e10504f3d;n64/p55@OEBPS/Text/Chapter_0073.xhtml#2d29b38ccd869607c34286989c0564dbfb5fc1c103366a9234046478ee8e6aaa;n468/p44@OEBPS/Text/Chapter_0480.xhtml#bfdde18a22a7aca734f59e1fca1721752691af6dd55719456aa5254a807c1900	至少三处原文支撑伦理与工作分歧，但n468/p44为人物退出眼前讨论，不等于最终关系和解；后续：须写后续双方行动及未结债	R063_R066_WHERE_CANDIDATE_APPLIES;R067_R077_V3;R078_FINAL_COVERAGE	R062;R077;R078	NOT_APPLICABLE		WM-02:WM-f02;WM-f12;WM-p01;WM-p02;WM-ce17	NONE_VERIFIED_TASK_BASIS
TASK:WM-03	STAGE0_TASK_COVERAGE	WM-03	gates/R057_TASK_COVERAGE.tsv	wanming	n052/p28、n070/p36、n494/p17	PRIVATE_EPUB_68_LOCUS_BATCH_READ_BOUNDS_PASS	TASK_SOURCE_SCOPED_NOT_PROVEN_METHOD	NOT_RUN_STANDALONE	SCOPE_LIMIT_NARRATOR_LOYALTY	gates/R057_TASK_COVERAGE.tsv;books/wanming/BOOK_OVERVIEW.md;n52/p28@OEBPS/Text/Chapter_0061.xhtml#60d6e53bc49e28ab28727b0370e148b7f627d9503d6edd91ddf29b36ebcae514;n70/p36@OEBPS/Text/Chapter_0079.xhtml#7f3c25645585fec090c66ddbf46990df8a66674a9550b18f3915f71d08391ef6;n494/p17@OEBPS/Text/Chapter_0507.xhtml#57db54b80c33c2c6ccde23f69dcedaeceb0b43b76f156fe0ca117023733e8337	n070/p36叙述者说动员后效忠增加，不能据此证明后来持久合作；n494/p17实际是编制分配质疑；后续：区分叙述认可与长期有效组织	R063_R066_WHERE_CANDIDATE_APPLIES;R067_R077_V3;R078_FINAL_COVERAGE	R062;R077;R078	NOT_APPLICABLE		WM-03:WM-f01;WM-f03;WM-f04;WM-f05;WM-f06;WM-f09;WM-f11;WM-f15;WM-p05;WM-p08;WM-p09;WM-p10;WM-p12;WM-p13;WM-p15;WM-p17;WM-c11;WM-ce08;WM-ce13;WM-ce15;WM-ce18	NONE_VERIFIED_TASK_BASIS
TASK:WM-04	STAGE0_TASK_COVERAGE	WM-04	gates/R057_TASK_COVERAGE.tsv	wanming	n099/p18、n297/p1、n345/p29	PRIVATE_EPUB_68_LOCUS_BATCH_READ_BOUNDS_PASS	TASK_SOURCE_SCOPED_NOT_PROVEN_METHOD	NOT_RUN_STANDALONE	SCOPE_LIMIT_SUPPLY	gates/R057_TASK_COVERAGE.tsv;books/wanming/BOOK_OVERVIEW.md;n99/p18@OEBPS/Text/Chapter_0108.xhtml#a393e9bd251f71ae58b7335cd7453b5ac23e840ef4d3068c5b0ece8dd2784fe8;n297/p1@OEBPS/Text/Chapter_0309.xhtml#777b608aee3cfdcdd540acf0efdfa17cc2d169ee0a25837e825ab84822d80c2d;n345/p29@OEBPS/Text/Chapter_0357.xhtml#5deebf33d48ff03c0edf10f208914a6b21cb585bb1240e42aedc021abd7e7f5a	n099/p18是贸易伙伴风险认知、n297/p1为客商需求、n345/p29为仿制竞争；不能直接证明商业收益转化到账军需；后续：分清订货/交付/现金与成本	R063_R066_WHERE_CANDIDATE_APPLIES;R067_R077_V3;R078_FINAL_COVERAGE	R062;R077;R078	NOT_APPLICABLE		WM-04:WM-f04;WM-f09;WM-f16;WM-f17;WM-p01;WM-p02;WM-p05;WM-p12;WM-p18;WM-p22;WM-c05;WM-c11;WM-ce06;WM-ce12;WM-ce18	NONE_VERIFIED_TASK_BASIS
TASK:WM-05	STAGE0_TASK_COVERAGE	WM-05	gates/R057_TASK_COVERAGE.tsv	wanming	n106/p1、n140/p36、n556/p3	PRIVATE_EPUB_68_LOCUS_BATCH_READ_BOUNDS_PASS	TASK_SOURCE_SCOPED_NOT_PROVEN_METHOD	NOT_RUN_STANDALONE	SCOPE_LIMIT_CHARACTER_ESTIMATE	gates/R057_TASK_COVERAGE.tsv;books/wanming/BOOK_OVERVIEW.md;n106/p1@OEBPS/Text/Chapter_0116.xhtml#0d62a12f86f6e494af39abee9e3485b0e46d957a471d6cf1252bcaf75ec29cf5;n140/p36@OEBPS/Text/Chapter_0150.xhtml#ecc996a3ff4d95ff2e2f7749a5116a6ac52ab181070f3dcc03c0299c6fe44e28;n556/p3@OEBPS/Text/Chapter_0569.xhtml#7591352bdbbe68b51e5567c3b38b6b94013a375a069bcbe010509bdb664f1156	n106/p1有对手独立场景；n140/p36及n556/p3有角色估计推断，不能当作全知确定兵力或战略意图；后续：保留不同视角及信息时滞	R063_R066_WHERE_CANDIDATE_APPLIES;R067_R077_V3;R078_FINAL_COVERAGE	R062;R077;R078	NOT_APPLICABLE		WM-05:WM-f07;WM-f08;WM-f15;WM-p06;WM-p07;WM-p15;WM-p19;WM-c05;WM-ce06	NONE_VERIFIED_TASK_BASIS
TASK:WM-06	STAGE0_TASK_COVERAGE	WM-06	gates/R057_TASK_COVERAGE.tsv	wanming	n085/p25、n155/p52、n425/p27	PRIVATE_EPUB_68_LOCUS_BATCH_READ_BOUNDS_PASS	TASK_SOURCE_SCOPED_NOT_PROVEN_METHOD	NOT_RUN_STANDALONE	SCOPE_LIMIT_VICTORY_REPORT	gates/R057_TASK_COVERAGE.tsv;books/wanming/BOOK_OVERVIEW.md;n85/p25@OEBPS/Text/Chapter_0094.xhtml#b32a916712bcb8bf45e698cd28750e6384303ce1e0ed564af2ef15cdcbce932c;n155/p52@OEBPS/Text/Chapter_0165.xhtml#c06adc50cd42bf0bd5c797e547aab721b782413cf9ddde3591ff6c76f319e7b8;n425/p27@OEBPS/Text/Chapter_0437.xhtml#b40f65184ce992d67c512d6df1a6e1b8a555ad85def69b1220d98ca5d804b33e	n085/p25提出军粮分配争议，n155/p52是叙述性军功总结而非实际奖赏到账，n425/p27讨论行政权限制；后续：战后分配兑现独立观察	R063_R066_WHERE_CANDIDATE_APPLIES;R067_R077_V3;R078_FINAL_COVERAGE	R062;R077;R078	NOT_APPLICABLE		WM-06:WM-f03;WM-f04;WM-f08;WM-f10;WM-f14;WM-f17;WM-p04;WM-p09;WM-p22;WM-ce08	NONE_VERIFIED_TASK_BASIS
TASK:WM-07	STAGE0_TASK_COVERAGE	WM-07	gates/R057_TASK_COVERAGE.tsv	wanming	n425/p27、n519/p70、n520/p17	PRIVATE_EPUB_68_LOCUS_BATCH_READ_BOUNDS_PASS	TASK_SOURCE_SCOPED_NOT_PROVEN_METHOD	NOT_RUN_STANDALONE	REANCHOR_CONTEXT_REQUIRED	gates/R057_TASK_COVERAGE.tsv;books/wanming/BOOK_OVERVIEW.md;n425/p27@OEBPS/Text/Chapter_0437.xhtml#b40f65184ce992d67c512d6df1a6e1b8a555ad85def69b1220d98ca5d804b33e;n519/p70@OEBPS/Text/Chapter_0532.xhtml#c46bf35ff4b49cb11a298947407a57fc06241b2bed69946959855965b72be848;n520/p17@OEBPS/Text/Chapter_0533.xhtml#f78f0c510c9730e625601ab6ae7c60ea3184be98727d38a204b45c4283c05187	n519/p70为妇人讨论杀人者母亲的立场，必须结合p69等前问答才可作程序讨论；n520/p17明确试点暂不扩张；后续：陪审是否公平与实际结果未证	R063_R066_WHERE_CANDIDATE_APPLIES;R067_R077_V3;R078_FINAL_COVERAGE	R062;R077;R078	NOT_APPLICABLE		WM-07:WM-f02;WM-f05;WM-f11;WM-f12;WM-f16;WM-p10;WM-p11;WM-p13;WM-p16;WM-p17;WM-p18;WM-p20;WM-p21;WM-ce12;WM-ce13;WM-ce17	NONE_VERIFIED_TASK_BASIS
TASK:WM-08	STAGE0_TASK_COVERAGE	WM-08	gates/R057_TASK_COVERAGE.tsv	wanming	n540/p33、n568/p44、n569/p21	PRIVATE_EPUB_68_LOCUS_BATCH_READ_BOUNDS_PASS	TASK_SOURCE_SCOPED_NOT_PROVEN_METHOD	NOT_RUN_STANDALONE	SOURCE_SCOPED	gates/R057_TASK_COVERAGE.tsv;books/wanming/BOOK_OVERVIEW.md;n540/p33@OEBPS/Text/Chapter_0553.xhtml#674e8cc0ec4be09e306f995d9675ebb3e0d2782d8fb8b43a2977ed6f0d1d2fd9;n568/p44@OEBPS/Text/Chapter_0581.xhtml#5bba4434934bcc3af5b1c3936e78e71dbf00369c536828b9e0c2471807ad7003;n569/p21@OEBPS/Text/Chapter_0582.xhtml#716a46cbeb33a9a6f01ba9a9a754f1eda0befa49626df3a6a6418e542925dfb5	n540/p33有独立家庭选择，n568/p44庆贺和n569/p21私人反应在不同后果层级；后续：不得把集体胜利等同全体私人结局	R063_R066_WHERE_CANDIDATE_APPLIES;R067_R077_V3;R078_FINAL_COVERAGE	R062;R077;R078	NOT_APPLICABLE		WM-08:WM-f10;WM-f14;WM-f17;WM-p03;WM-p06;WM-p14;WM-p20;WM-ce15	NONE_VERIFIED_TASK_BASIS
TASK:WM-09	STAGE0_TASK_COVERAGE	WM-09	gates/R057_TASK_COVERAGE.tsv	wanming	n166/p30、n571/p5	PRIVATE_EPUB_68_LOCUS_BATCH_READ_BOUNDS_PASS	TASK_SOURCE_SCOPED_NOT_PROVEN_METHOD	NOT_RUN_STANDALONE	SCOPE_LIMIT_STORY_VS_FACT	gates/R057_TASK_COVERAGE.tsv;books/wanming/BOOK_OVERVIEW.md;n166/p30@OEBPS/Text/Chapter_0177.xhtml#6161dcd3f2d0e3915c3a9e7e58b7e549df54e1fe4fbfcd7bbcf068168643c0dd;n571/p5@OEBPS/Text/Chapter_0584.xhtml#9d3cd9d36cb01167c5d8a53edfb4a485dca3c62a8c39a78d95489b4c3432d701	n166/p30为既有传奇故事的说书内容，n571/p5为听众议论场面；两处不能单独证明每一条后世版本与当年事实差异；后续：原创新故事必须区别事实和转述	R063_R066_WHERE_CANDIDATE_APPLIES;R067_R077_V3;R078_FINAL_COVERAGE	R062;R077;R078	NOT_APPLICABLE		WM-09:WM-f07;WM-f13;WM-p07;WM-p19;WM-p23	NONE_VERIFIED_TASK_BASIS
TASK:TX-01	STAGE0_TASK_COVERAGE	TX-01	gates/R057_TASK_COVERAGE.tsv	tiexuecanming	n001/p20、n201/p54→p56	PRIVATE_EPUB_68_LOCUS_BATCH_READ_BOUNDS_PASS	TASK_SOURCE_SCOPED_NOT_PROVEN_METHOD	NOT_RUN_STANDALONE	SOURCE_SCOPED	gates/R057_TASK_COVERAGE.tsv;books/tiexuecanming/BOOK_OVERVIEW.md;n1/p20@OEBPS/Text/chapter7.html#69991dc30faab597e69e3f18629d94dacf7a3a3267898e0c0160b3ed3ff51e7b;n201/p54-p56@OEBPS/Text/chapter208.html#b5574b744d0e642dad10f24e16caf8d55431539a3ad27510b43a8755e694e348	n001/p20是围观者对原身份的负面反应，n201/p54-56有名誉评价被另一当事声音当场打断；后续：公众评价不自动构成身份权利	R063_R066_WHERE_CANDIDATE_APPLIES;R067_R077_V3;R078_FINAL_COVERAGE	R062;R077;R078	NOT_APPLICABLE		TX-01:TX-f01;TX-f03;TX-f11;TX-p01;TX-p11	NONE_VERIFIED_TASK_BASIS
TASK:TX-02	STAGE0_TASK_COVERAGE	TX-02	gates/R057_TASK_COVERAGE.tsv	tiexuecanming	n030/p33、n055/p31	PRIVATE_EPUB_68_LOCUS_BATCH_READ_BOUNDS_PASS	TASK_SOURCE_SCOPED_NOT_PROVEN_METHOD	NOT_RUN_STANDALONE	REANCHOR_OUTCOME_REQUIRED	gates/R057_TASK_COVERAGE.tsv;books/tiexuecanming/BOOK_OVERVIEW.md;n30/p33@OEBPS/Text/chapter36.html#28725848b72b85a36cc2a65117bd63a6a020fbe5e1c71352938ec0f35c6fc616;n55/p31@OEBPS/Text/chapter61.html#0093425ac85b38047eb3416ed9bbaa802fcc379195265c7c93a0020fcc39bb17	n030/p33阐释官府钱粮程序，n055/p31属于主角争取申详首功；不能由话语直接得出行政已批准且落实；后续：申请/受理/认可/执行各取证	R063_R066_WHERE_CANDIDATE_APPLIES;R067_R077_V3;R078_FINAL_COVERAGE	R062;R077;R078	NOT_APPLICABLE		TX-02:TX-f02;TX-f03;TX-f04;TX-f13;TX-p02;TX-p03;TX-p12;TX-c05;TX-ce01;TX-ce12	NONE_VERIFIED_TASK_BASIS
TASK:TX-03	STAGE0_TASK_COVERAGE	TX-03	gates/R057_TASK_COVERAGE.tsv	tiexuecanming	n081/p59、n174/p23→p24	PRIVATE_EPUB_68_LOCUS_BATCH_READ_BOUNDS_PASS	TASK_SOURCE_SCOPED_NOT_PROVEN_METHOD	NOT_RUN_STANDALONE	REANCHOR_EXECUTION_REQUIRED	gates/R057_TASK_COVERAGE.tsv;books/tiexuecanming/BOOK_OVERVIEW.md;n81/p59@OEBPS/Text/chapter87.html#4f32e3baa6489cff7c236f2302ffb83a899f6dad8a3318e6e5f7e36664dd8355;n174/p23-p24@OEBPS/Text/chapter181.html#e01da27fceaea4964fb4bb6f8e46eb6ed92b34c44d7b37a59653e91383b9b174	n081/p59主官坦承尚未决定训练方向，n174/p23-24包含文书要求与属员用度建议；非同一项提案落地实测；后续：须另找同一提案改变组织结果	R063_R066_WHERE_CANDIDATE_APPLIES;R067_R077_V3;R078_FINAL_COVERAGE	R062;R077;R078	NOT_APPLICABLE		TX-03:TX-f02;TX-f05;TX-f08;TX-f14;TX-f17;TX-p04;TX-p09;TX-p18;TX-ce09;TX-ce12;TX-ce18	NONE_VERIFIED_TASK_BASIS
TASK:TX-04	STAGE0_TASK_COVERAGE	TX-04	gates/R057_TASK_COVERAGE.tsv	tiexuecanming	n114/p27→p29、n531/p8	PRIVATE_EPUB_68_LOCUS_BATCH_READ_BOUNDS_PASS	TASK_SOURCE_SCOPED_NOT_PROVEN_METHOD	NOT_RUN_STANDALONE	SCOPE_LIMIT_RESOURCE_DELIVERY	gates/R057_TASK_COVERAGE.tsv;books/tiexuecanming/BOOK_OVERVIEW.md;n114/p27-p29@OEBPS/Text/chapter120.html#7d61103c83a56d3736adb65a448322bd256be3bda5c464b15175eaa27785644e;n531/p8@OEBPS/Text/chapter540.html#d7164bd30e7b20687043dfa9b5c5bf5511066f4b953a3bf74c53abd9c00efe91	n114/p27-29有官仓无粮与临时社会资源支持，n531/p8为人物自述送粮结算，不能仅凭对白确认全部物资实际到位；后续：分开要求/途耗/到账/履约	R063_R066_WHERE_CANDIDATE_APPLIES;R067_R077_V3;R078_FINAL_COVERAGE	R062;R077;R078	NOT_APPLICABLE		TX-04:TX-f06;TX-f10;TX-f14;TX-f16;TX-p04;TX-p05;TX-p21;TX-ce09;TX-ce10;TX-ce14	NONE_VERIFIED_TASK_BASIS
TASK:TX-05	STAGE0_TASK_COVERAGE	TX-05	gates/R057_TASK_COVERAGE.tsv	tiexuecanming	n165/p1、n361/p35→p36、n380/p31	PRIVATE_EPUB_68_LOCUS_BATCH_READ_BOUNDS_PASS	TASK_SOURCE_SCOPED_NOT_PROVEN_METHOD	NOT_RUN_STANDALONE	SCOPE_LIMIT_UNTESTED_RESULT	gates/R057_TASK_COVERAGE.tsv;books/tiexuecanming/BOOK_OVERVIEW.md;n165/p1@OEBPS/Text/chapter172.html#7c0bb2814b6ca2f89e384ae1be2d7f6253b25db9f2d023f0af5b0fbb3ea8e595;n361/p35-p36@OEBPS/Text/chapter368.html#2c0a097a5dbaae4adf4572f239ccd6a0c3d03d8c0be8c632b76c7b14f8b01275;n380/p31@OEBPS/Text/chapter387.html#addb2b0887f013a91acaccb8bcc117451aacdaed0102f61302494a66e744d36b	n165/p1当场质疑军律，n361/p35-36是上下层级答复，n380/p31为个人留队申请；未连出同一规则实测；后续：不要把口头解释当执行效果	R063_R066_WHERE_CANDIDATE_APPLIES;R067_R077_V3;R078_FINAL_COVERAGE	R062;R077;R078	NOT_APPLICABLE		TX-05:TX-f05;TX-f07;TX-f08;TX-f15;TX-f17;TX-p07;TX-p08;TX-p12;TX-p15;TX-p20;TX-c05;TX-ce08;TX-ce12;TX-ce15	NONE_VERIFIED_TASK_BASIS
TASK:TX-06	STAGE0_TASK_COVERAGE	TX-06	gates/R057_TASK_COVERAGE.tsv	tiexuecanming	n315/p40、n420/p2、n430/p59、n485/p23	PRIVATE_EPUB_68_LOCUS_BATCH_READ_BOUNDS_PASS	TASK_SOURCE_SCOPED_NOT_PROVEN_METHOD	NOT_RUN_STANDALONE	SCOPE_LIMIT_ALLIANCE	gates/R057_TASK_COVERAGE.tsv;books/tiexuecanming/BOOK_OVERVIEW.md;n315/p40@OEBPS/Text/chapter322.html#24a10bd0324be34ee44e805b43dc68b0dea53799df5135d65df981df67029fed;n420/p2@OEBPS/Text/chapter428.html#aefbcb46eb97b91730816222808dec04966749a433e3389007b72be83232dd06;n430/p59@OEBPS/Text/chapter438.html#358a11c1789d832a4bdb038db14a7d7097914364e87436ba1b71346ebce29920;n485/p23@OEBPS/Text/chapter494.html#abc4631141e0e5bcc2d9e5bc20714e1d49fd532bd89d9ad9d47dcf567426a34f	n315/p40及n430/p59是协调失败与情报不足，n420/p2问指挥出处，n485/p23表明继续征询友军；不能预定三方合作已经完成；后续：保留各方否决与独立判断	R063_R066_WHERE_CANDIDATE_APPLIES;R067_R077_V3;R078_FINAL_COVERAGE	R062;R077;R078	NOT_APPLICABLE		TX-06:TX-f04;TX-f07;TX-f09;TX-f12;TX-p06;TX-p13;TX-p15;TX-p16;TX-p17;TX-p22	NONE_VERIFIED_TASK_BASIS
TASK:TX-07	STAGE0_TASK_COVERAGE	TX-07	gates/R057_TASK_COVERAGE.tsv	tiexuecanming	n250/p31、n305/p50、n350/p69、n505/p8	PRIVATE_EPUB_68_LOCUS_BATCH_READ_BOUNDS_PASS	TASK_SOURCE_SCOPED_NOT_PROVEN_METHOD	NOT_RUN_STANDALONE	SOURCE_SCOPED	gates/R057_TASK_COVERAGE.tsv;books/tiexuecanming/BOOK_OVERVIEW.md;n250/p31@OEBPS/Text/chapter257.html#a7255777e080727e43f3ac01b1485d38010fea71230a04a919ddf0e2aa8e21e5;n305/p50@OEBPS/Text/chapter312.html#5f4d0d710b5662665eca257c18fb1f4dc6c5596b36625bf2d2681154b4e62e50;n350/p69@OEBPS/Text/chapter357.html#ab5afa30495b99aad69759c360f5880032e46911ecf379262df1ef9f16adfa8f;n505/p8@OEBPS/Text/chapter514.html#4cc93a52fcbfc53b8d7f64fef42f24c27bda2e1fda297188dcb011440fcf6dd7	n250/p31有对手生存判断；n305/p50、n350/p69、n505/p8分别呈现被波及者处境与局部秩序压力；后续：不为对手或普通人补造动机结果	R063_R066_WHERE_CANDIDATE_APPLIES;R067_R077_V3;R078_FINAL_COVERAGE	R062;R077;R078	NOT_APPLICABLE		TX-07:TX-f09;TX-f10;TX-f12;TX-p14;TX-p18;TX-p22;TX-ce14;TX-ce18	NONE_VERIFIED_TASK_BASIS
TASK:TX-08	STAGE0_TASK_COVERAGE	TX-08	gates/R057_TASK_COVERAGE.tsv	tiexuecanming	n015/p49、n370/p19、n527/p30→p31	PRIVATE_EPUB_68_LOCUS_BATCH_READ_BOUNDS_PASS	TASK_SOURCE_SCOPED_NOT_PROVEN_METHOD	NOT_RUN_STANDALONE	REANCHOR_KEY_LOCUS_MISMATCH	gates/R057_TASK_COVERAGE.tsv;books/tiexuecanming/BOOK_OVERVIEW.md;n15/p49@OEBPS/Text/chapter21.html#6a38317ad229c4f988bbbe939ce0b43ab5df76be9b697976f6ddf4c934d3e2aa;n370/p19@OEBPS/Text/chapter377.html#7578f70ae1cf7d5fb0e73f7cd1b94c2395c387ead7d71324c78241cb499cb30d;n527/p30-p31@OEBPS/Text/chapter536.html#f78cb3766f290138728954cec29a5b3c48fd7baebfa00dd880b4bbdab4196bab	n015/p49是私人退还余银，n370/p19是码头离别，均不能证明制度性请求批准；n527/p30-31才有军士请求与条件批准，执行结果未知；后续：旧跨度来源部分不匹配，需显式补锚和区分条件许可与履行	R063_R066_WHERE_CANDIDATE_APPLIES;R067_R077_V3;R078_FINAL_COVERAGE	R062;R077;R078	NOT_APPLICABLE		TX-08:TX-f01;TX-f10;TX-f11;TX-f15;TX-f17;TX-p07;TX-p11;TX-p20;TX-ce08;TX-ce10	NONE_VERIFIED_TASK_BASIS
TASK:TX-09	STAGE0_TASK_COVERAGE	TX-09	gates/R057_TASK_COVERAGE.tsv	tiexuecanming	n526/p82→p87、n531/p25→p26	PRIVATE_EPUB_68_LOCUS_BATCH_READ_BOUNDS_PASS	TASK_SOURCE_SCOPED_NOT_PROVEN_METHOD	NOT_RUN_STANDALONE	SCOPE_LIMIT_NOT_PUBLISHED	gates/R057_TASK_COVERAGE.tsv;books/tiexuecanming/BOOK_OVERVIEW.md;n526/p82-p87@OEBPS/Text/chapter535.html#facac1533f861fb8f3078781aa08af4ff6f7daceb7c0ca0c6358f859152e8602;n531/p25-p26@OEBPS/Text/chapter540.html#d7164bd30e7b20687043dfa9b5c5bf5511066f4b953a3bf74c53abd9c00efe91	n526/p82-87中有人提议改写战果、另一人拒绝；n531/p25-26有刊印前编辑决策，不能直接得出读者实际收到的报道；后续：拟稿/编辑/发布/受众不可合并	R063_R066_WHERE_CANDIDATE_APPLIES;R067_R077_V3;R078_FINAL_COVERAGE	R062;R077;R078	NOT_APPLICABLE		TX-09:TX-f13;TX-f16;TX-p03;TX-p10;TX-p17;TX-p19	NONE_VERIFIED_TASK_BASIS
TASK:TX-10	STAGE0_TASK_COVERAGE	TX-10	gates/R057_TASK_COVERAGE.tsv	tiexuecanming	n530/p41、n531/p8、n532/p47→p49	PRIVATE_EPUB_68_LOCUS_BATCH_READ_BOUNDS_PASS	TASK_SOURCE_SCOPED_NOT_PROVEN_METHOD	NOT_RUN_STANDALONE	SCOPE_LIMIT_FUTURE_ISSUANCE	gates/R057_TASK_COVERAGE.tsv;books/tiexuecanming/BOOK_OVERVIEW.md;n530/p41@OEBPS/Text/chapter539.html#ed58a728a2f11d9bbe44dda28cd5de22b1d7071e7b0a69dce5cc760522adad1b;n531/p8@OEBPS/Text/chapter540.html#d7164bd30e7b20687043dfa9b5c5bf5511066f4b953a3bf74c53abd9c00efe91;n532/p47-p49@OEBPS/Text/chapter541.html#92301c081d772297d750547fa4c24650424fe33fdb7c41453f89813468856cfc	n530/p41是信用货币设想，n531/p8有人述说军粮运抵条件，n532/p49实际写下票据金额；未见票据正式发行与全部偿付；后续：提供EPUB只到n532，不假定后文终局	R063_R066_WHERE_CANDIDATE_APPLIES;R067_R077_V3;R078_FINAL_COVERAGE	R062;R077;R078	NOT_APPLICABLE		TX-10:TX-f06;TX-f16;TX-p21	NONE_VERIFIED_TASK_BASIS
